number,value,datetime_start,datetime_complete,duration,params_batch_size,params_dropout_path,params_dropout_reg,params_lr,params_n_path_features,params_path_aggregation,params_path_dim,params_regressor_dim,params_weight_decay,user_attrs_val_metrics,state
0,0.4322084178030491,2026-02-28 18:43:06.922915,2026-02-28 18:45:07.799617,0 days 00:02:00.876702,6,0.19801735477166704,0.4575972070953105,0.0005738563921076172,45,flatten,6,96,0.0012775952015212776,"{'val_rmse_mean': 1.0271391868591309, 'val_mae_mean': 0.7994251251220703, 'val_r2_mean': -53.643714904785156, 'val_rmse_target_0': 0.9979079365730286, 'val_mae_target_0': 0.7713640332221985, 'val_r2_target_0': -23.091896057128906, 'val_rmse_target_1': 0.9859477877616882, 'val_mae_target_1': 0.7396702766418457, 'val_r2_target_1': -14.10524845123291, 'val_rmse_target_2': 0.9961040616035461, 'val_mae_target_2': 0.7799132466316223, 'val_r2_target_2': -23.44036102294922, 'val_rmse_target_3': 1.0165706872940063, 'val_mae_target_3': 0.8149833679199219, 'val_r2_target_3': -30.867359161376953, 'val_rmse_target_4': 0.9744002819061279, 'val_mae_target_4': 0.7893698811531067, 'val_r2_target_4': -32.56916427612305, 'val_rmse_target_5': 1.046881914138794, 'val_mae_target_5': 0.862723171710968, 'val_r2_target_5': -170.64402770996094, 'val_rmse_target_6': 1.1736804246902466, 'val_mae_target_6': 0.7759053111076355, 'val_r2_target_6': -78.21914672851562, 'val_rmse_target_7': 1.025620937347412, 'val_mae_target_7': 0.8614720702171326, 'val_r2_target_7': -56.212440490722656}",COMPLETE
1,0.3772720769047737,2026-02-28 18:45:07.857468,2026-02-28 18:46:15.432501,0 days 00:01:07.575033,6,0.30613286065555223,0.25585120057240174,0.009104457551045199,20,flatten,2,384,0.007184422841719148,"{'val_rmse_mean': 0.937472403049469, 'val_mae_mean': 0.7401007413864136, 'val_r2_mean': -1.2806379795074463, 'val_rmse_target_0': 0.9508918523788452, 'val_mae_target_0': 0.813331127166748, 'val_r2_target_0': -1.696453332901001, 'val_rmse_target_1': 1.004104733467102, 'val_mae_target_1': 0.7175800800323486, 'val_r2_target_1': -1.7897720336914062, 'val_rmse_target_2': 0.8915647864341736, 'val_mae_target_2': 0.7405780553817749, 'val_r2_target_2': -0.7811228036880493, 'val_rmse_target_3': 0.8038731217384338, 'val_mae_target_3': 0.6229190230369568, 'val_r2_target_3': -0.1728808879852295, 'val_rmse_target_4': 0.8237224221229553, 'val_mae_target_4': 0.6761235594749451, 'val_r2_target_4': -0.1391664743423462, 'val_rmse_target_5': 0.9910566210746765, 'val_mae_target_5': 0.8132309913635254, 'val_r2_target_5': -1.5991079807281494, 'val_rmse_target_6': 1.00832998752594, 'val_mae_target_6': 0.7055427432060242, 'val_r2_target_6': -1.5446581840515137, 'val_rmse_target_7': 1.0262356996536255, 'val_mae_target_7': 0.8315004706382751, 'val_r2_target_7': -2.521941661834717}",COMPLETE
2,0.32611798495054245,2026-02-28 18:46:15.498027,2026-02-28 18:48:04.922889,0 days 00:01:49.424862,6,0.22655060308520866,0.30335589862608825,0.0008887240577211731,30,flatten,4,512,0.002222430039021746,"{'val_rmse_mean': 0.8671800494194031, 'val_mae_mean': 0.6674709916114807, 'val_r2_mean': -2.193107843399048, 'val_rmse_target_0': 0.8722293972969055, 'val_mae_target_0': 0.6898171305656433, 'val_r2_target_0': -2.682486057281494, 'val_rmse_target_1': 0.8726492524147034, 'val_mae_target_1': 0.614591658115387, 'val_r2_target_1': -1.9595074653625488, 'val_rmse_target_2': 0.8021863698959351, 'val_mae_target_2': 0.655701220035553, 'val_r2_target_2': -1.5318961143493652, 'val_rmse_target_3': 0.7443825602531433, 'val_mae_target_3': 0.5844837427139282, 'val_r2_target_3': -0.5909132957458496, 'val_rmse_target_4': 0.8082889318466187, 'val_mae_target_4': 0.6356023550033569, 'val_r2_target_4': -1.0828089714050293, 'val_rmse_target_5': 0.9649617671966553, 'val_mae_target_5': 0.7773255705833435, 'val_r2_target_5': -3.2955069541931152, 'val_rmse_target_6': 0.9674555063247681, 'val_mae_target_6': 0.663906455039978, 'val_r2_target_6': -4.224067687988281, 'val_rmse_target_7': 0.9052867293357849, 'val_mae_target_7': 0.718339741230011, 'val_r2_target_7': -2.1776773929595947}",COMPLETE
3,0.4041624742746353,2026-02-28 18:48:04.981215,2026-02-28 18:49:14.713410,0 days 00:01:09.732195,6,0.10539902924623622,0.5308847616850118,0.005622738143947238,55,flatten,6,512,0.0026610814013921526,"{'val_rmse_mean': 0.9876436591148376, 'val_mae_mean': 0.7694025039672852, 'val_r2_mean': -2.0739002227783203, 'val_rmse_target_0': 1.0865532159805298, 'val_mae_target_0': 0.8612509369850159, 'val_r2_target_0': -2.8010730743408203, 'val_rmse_target_1': 1.0743165016174316, 'val_mae_target_1': 0.8150631785392761, 'val_r2_target_1': -2.977787494659424, 'val_rmse_target_2': 0.9710473418235779, 'val_mae_target_2': 0.7556811571121216, 'val_r2_target_2': -1.4400293827056885, 'val_rmse_target_3': 0.9074578881263733, 'val_mae_target_3': 0.7869454026222229, 'val_r2_target_3': -0.723158597946167, 'val_rmse_target_4': 0.8865920305252075, 'val_mae_target_4': 0.736227810382843, 'val_r2_target_4': -0.7826516628265381, 'val_rmse_target_5': 0.9892410635948181, 'val_mae_target_5': 0.8079509139060974, 'val_r2_target_5': -2.59709095954895, 'val_rmse_target_6': 1.0128895044326782, 'val_mae_target_6': 0.6819804906845093, 'val_r2_target_6': -3.067781448364258, 'val_rmse_target_7': 0.9730520248413086, 'val_mae_target_7': 0.7101200222969055, 'val_r2_target_7': -2.2016286849975586}",COMPLETE
4,0.40534313678741457,2026-02-28 18:49:14.771628,2026-02-28 18:50:25.024826,0 days 00:01:10.253198,6,0.11653255047890294,0.4058222216045404,0.003792424926484063,40,flatten,6,512,0.001383207613016777,"{'val_rmse_mean': 0.9859229326248169, 'val_mae_mean': 0.7651245594024658, 'val_r2_mean': -2.1622841358184814, 'val_rmse_target_0': 0.9514267444610596, 'val_mae_target_0': 0.7859544157981873, 'val_r2_target_0': -1.5379297733306885, 'val_rmse_target_1': 1.0310518741607666, 'val_mae_target_1': 0.75675368309021, 'val_r2_target_1': -2.6985421180725098, 'val_rmse_target_2': 0.9547060132026672, 'val_mae_target_2': 0.7426438927650452, 'val_r2_target_2': -1.1739699840545654, 'val_rmse_target_3': 0.8469999432563782, 'val_mae_target_3': 0.6286832690238953, 'val_r2_target_3': -0.6767845153808594, 'val_rmse_target_4': 0.8426076173782349, 'val_mae_target_4': 0.6452015042304993, 'val_r2_target_4': -0.87623131275177, 'val_rmse_target_5': 1.2049764394760132, 'val_mae_target_5': 1.0310466289520264, 'val_r2_target_5': -4.940754413604736, 'val_rmse_target_6': 1.0507019758224487, 'val_mae_target_6': 0.7401353716850281, 'val_r2_target_6': -3.2067222595214844, 'val_rmse_target_7': 1.0049127340316772, 'val_mae_target_7': 0.7905775308609009, 'val_r2_target_7': -2.187338352203369}",COMPLETE
5,0.34919403970241547,2026-02-28 18:50:25.083369,2026-02-28 18:51:44.825515,0 days 00:01:19.742146,6,0.47824908696127355,0.5765754444101914,0.0031202816292470134,60,flatten,2,512,0.0016638439203271924,"{'val_rmse_mean': 0.896064281463623, 'val_mae_mean': 0.7096433639526367, 'val_r2_mean': -2.698613405227661, 'val_rmse_target_0': 0.9987397193908691, 'val_mae_target_0': 0.8045260906219482, 'val_r2_target_0': -4.352783679962158, 'val_rmse_target_1': 0.9378612637519836, 'val_mae_target_1': 0.7289268374443054, 'val_r2_target_1': -3.117680549621582, 'val_rmse_target_2': 0.9284000396728516, 'val_mae_target_2': 0.7774465680122375, 'val_r2_target_2': -3.520287036895752, 'val_rmse_target_3': 0.6681742668151855, 'val_mae_target_3': 0.5394312143325806, 'val_r2_target_3': -0.18385398387908936, 'val_rmse_target_4': 0.7083498239517212, 'val_mae_target_4': 0.5668849349021912, 'val_r2_target_4': -0.31965911388397217, 'val_rmse_target_5': 1.0087754726409912, 'val_mae_target_5': 0.8642725348472595, 'val_r2_target_5': -3.5810494422912598, 'val_rmse_target_6': 0.9830546379089355, 'val_mae_target_6': 0.6466690301895142, 'val_r2_target_6': -3.5461583137512207, 'val_rmse_target_7': 0.9351593852043152, 'val_mae_target_7': 0.7489894032478333, 'val_r2_target_7': -2.9674336910247803}",COMPLETE
6,0.4245409649610519,2026-02-28 18:51:44.883777,2026-02-28 18:52:50.344901,0 days 00:01:05.461124,6,0.38567356042311085,0.5694683351207552,0.0049774193216235016,25,flatten,4,512,0.0018629766556079472,"{'val_rmse_mean': 1.0026289224624634, 'val_mae_mean': 0.7934871315956116, 'val_r2_mean': -2.1161961555480957, 'val_rmse_target_0': 1.0566411018371582, 'val_mae_target_0': 0.8578174710273743, 'val_r2_target_0': -1.9282665252685547, 'val_rmse_target_1': 1.0702612400054932, 'val_mae_target_1': 0.8194037675857544, 'val_r2_target_1': -1.9350872039794922, 'val_rmse_target_2': 1.1306920051574707, 'val_mae_target_2': 0.9041764140129089, 'val_r2_target_2': -1.643568754196167, 'val_rmse_target_3': 0.8132826685905457, 'val_mae_target_3': 0.6708076000213623, 'val_r2_target_3': -0.24334502220153809, 'val_rmse_target_4': 0.8218506574630737, 'val_mae_target_4': 0.6754518151283264, 'val_r2_target_4': -0.41410231590270996, 'val_rmse_target_5': 1.0377848148345947, 'val_mae_target_5': 0.8702247738838196, 'val_r2_target_5': -5.181860446929932, 'val_rmse_target_6': 1.0549473762512207, 'val_mae_target_6': 0.7550081610679626, 'val_r2_target_6': -2.7374062538146973, 'val_rmse_target_7': 1.0355716943740845, 'val_mae_target_7': 0.7950068116188049, 'val_r2_target_7': -2.8459341526031494}",COMPLETE
7,0.358554098457098,2026-02-28 18:52:50.410431,2026-02-28 18:54:16.894991,0 days 00:01:26.484560,6,0.44939452983159256,0.33625773317707336,0.002829167047400793,60,flatten,8,96,0.0012485527285027577,"{'val_rmse_mean': 0.9068559408187866, 'val_mae_mean': 0.7162982225418091, 'val_r2_mean': -3.5281434059143066, 'val_rmse_target_0': 0.8616517186164856, 'val_mae_target_0': 0.6771479845046997, 'val_r2_target_0': -1.8595733642578125, 'val_rmse_target_1': 0.8700844645500183, 'val_mae_target_1': 0.6651895642280579, 'val_r2_target_1': -1.953932762145996, 'val_rmse_target_2': 0.8664160966873169, 'val_mae_target_2': 0.6930984258651733, 'val_r2_target_2': -1.6936554908752441, 'val_rmse_target_3': 0.7912834286689758, 'val_mae_target_3': 0.6167299151420593, 'val_r2_target_3': -1.3270137310028076, 'val_rmse_target_4': 0.8789282441139221, 'val_mae_target_4': 0.7308300137519836, 'val_r2_target_4': -2.1637351512908936, 'val_rmse_target_5': 1.0445139408111572, 'val_mae_target_5': 0.8645704388618469, 'val_r2_target_5': -8.404966354370117, 'val_rmse_target_6': 1.0020194053649902, 'val_mae_target_6': 0.7101221680641174, 'val_r2_target_6': -6.671422481536865, 'val_rmse_target_7': 0.9399499893188477, 'val_mae_target_7': 0.7726972103118896, 'val_r2_target_7': -4.1508469581604}",COMPLETE
8,0.43957338452339173,2026-02-28 18:54:16.953097,2026-02-28 18:56:11.682588,0 days 00:01:54.729491,6,0.12848257171071245,0.5923236274699031,0.0005297094192258902,35,flatten,4,256,0.004051588494821603,"{'val_rmse_mean': 1.0325076580047607, 'val_mae_mean': 0.8067868947982788, 'val_r2_mean': -47.4378662109375, 'val_rmse_target_0': 0.9879215359687805, 'val_mae_target_0': 0.7519717216491699, 'val_r2_target_0': -43.992950439453125, 'val_rmse_target_1': 1.0158660411834717, 'val_mae_target_1': 0.783999502658844, 'val_r2_target_1': -54.77350616455078, 'val_rmse_target_2': 1.011371374130249, 'val_mae_target_2': 0.7948769927024841, 'val_r2_target_2': -47.073856353759766, 'val_rmse_target_3': 1.0040520429611206, 'val_mae_target_3': 0.8303040862083435, 'val_r2_target_3': -33.16188430786133, 'val_rmse_target_4': 1.02072274684906, 'val_mae_target_4': 0.8362047672271729, 'val_r2_target_4': -37.665916442871094, 'val_rmse_target_5': 1.0355054140090942, 'val_mae_target_5': 0.8215097784996033, 'val_r2_target_5': -65.70574188232422, 'val_rmse_target_6': 1.1515916585922241, 'val_mae_target_6': 0.774334728717804, 'val_r2_target_6': -45.12677764892578, 'val_rmse_target_7': 1.0330302715301514, 'val_mae_target_7': 0.8610933423042297, 'val_r2_target_7': -52.00233459472656}",COMPLETE
9,0.40855795770883563,2026-02-28 18:56:11.740214,2026-02-28 18:57:22.780239,0 days 00:01:11.040025,6,0.33790674647914154,0.5527207978430918,0.0037714671069154814,65,flatten,6,512,0.0009512759781432594,"{'val_rmse_mean': 0.9855484366416931, 'val_mae_mean': 0.7747033834457397, 'val_r2_mean': -6.019951343536377, 'val_rmse_target_0': 0.9762259125709534, 'val_mae_target_0': 0.7584285736083984, 'val_r2_target_0': -3.7660698890686035, 'val_rmse_target_1': 1.0851942300796509, 'val_mae_target_1': 0.8429819345474243, 'val_r2_target_1': -6.195339679718018, 'val_rmse_target_2': 1.0036542415618896, 'val_mae_target_2': 0.848928689956665, 'val_r2_target_2': -3.6784396171569824, 'val_rmse_target_3': 0.8700793981552124, 'val_mae_target_3': 0.6769594550132751, 'val_r2_target_3': -1.6047842502593994, 'val_rmse_target_4': 0.8615579605102539, 'val_mae_target_4': 0.6807221174240112, 'val_r2_target_4': -1.8489813804626465, 'val_rmse_target_5': 1.051225185394287, 'val_mae_target_5': 0.8831154704093933, 'val_r2_target_5': -13.409516334533691, 'val_rmse_target_6': 1.0237833261489868, 'val_mae_target_6': 0.6630121469497681, 'val_r2_target_6': -9.229490280151367, 'val_rmse_target_7': 1.0126670598983765, 'val_mae_target_7': 0.8434783816337585, 'val_r2_target_7': -8.426986694335938}",COMPLETE
10,0.3490372917056084,2026-02-28 18:57:22.845748,2026-02-28 18:59:27.772017,0 days 00:02:04.926269,6,0.2268111415429171,0.21123746436104243,0.0012733242781589268,30,flatten,4,128,0.0005696697095003261,"{'val_rmse_mean': 0.9047486782073975, 'val_mae_mean': 0.7070391774177551, 'val_r2_mean': -4.653172016143799, 'val_rmse_target_0': 0.8983722925186157, 'val_mae_target_0': 0.6977999806404114, 'val_r2_target_0': -3.816537857055664, 'val_rmse_target_1': 0.8597089052200317, 'val_mae_target_1': 0.6065025329589844, 'val_r2_target_1': -3.665022850036621, 'val_rmse_target_2': 0.8565762639045715, 'val_mae_target_2': 0.6732961535453796, 'val_r2_target_2': -2.620384454727173, 'val_rmse_target_3': 0.8032004237174988, 'val_mae_target_3': 0.653168797492981, 'val_r2_target_3': -1.5444560050964355, 'val_rmse_target_4': 0.8347601294517517, 'val_mae_target_4': 0.7129197120666504, 'val_r2_target_4': -2.194284200668335, 'val_rmse_target_5': 0.992533802986145, 'val_mae_target_5': 0.8403466939926147, 'val_r2_target_5': -8.685928344726562, 'val_rmse_target_6': 1.0658271312713623, 'val_mae_target_6': 0.7074432373046875, 'val_r2_target_6': -8.355772018432617, 'val_rmse_target_7': 0.9270107746124268, 'val_mae_target_7': 0.7648364901542664, 'val_r2_target_7': -6.342990398406982}",COMPLETE
11,0.35538333356380464,2026-02-28 18:59:27.831326,2026-02-28 19:01:40.532953,0 days 00:02:12.701627,6,0.2241248657160245,0.20451731521040253,0.0010853273666265482,30,flatten,4,128,0.0005100580585485466,"{'val_rmse_mean': 0.9078037738800049, 'val_mae_mean': 0.7178839445114136, 'val_r2_mean': -4.4144206047058105, 'val_rmse_target_0': 0.9008902311325073, 'val_mae_target_0': 0.7263970971107483, 'val_r2_target_0': -3.4389538764953613, 'val_rmse_target_1': 0.9006093144416809, 'val_mae_target_1': 0.6841687560081482, 'val_r2_target_1': -4.273270606994629, 'val_rmse_target_2': 0.8616229891777039, 'val_mae_target_2': 0.6993536949157715, 'val_r2_target_2': -2.8882455825805664, 'val_rmse_target_3': 0.7933934926986694, 'val_mae_target_3': 0.6425468921661377, 'val_r2_target_3': -1.8355116844177246, 'val_rmse_target_4': 0.8368889689445496, 'val_mae_target_4': 0.6821564435958862, 'val_r2_target_4': -2.2780685424804688, 'val_rmse_target_5': 0.9369872808456421, 'val_mae_target_5': 0.7844047546386719, 'val_r2_target_5': -5.562995910644531, 'val_rmse_target_6': 1.0858359336853027, 'val_mae_target_6': 0.7343219518661499, 'val_r2_target_6': -9.03919792175293, 'val_rmse_target_7': 0.9462019801139832, 'val_mae_target_7': 0.7897219061851501, 'val_r2_target_7': -5.999121189117432}",COMPLETE
12,0.3821832646429539,2026-02-28 19:01:40.590063,2026-02-28 19:03:29.172724,0 days 00:01:48.582661,6,0.21761903313728453,0.295535807562042,0.0013435010049423345,30,flatten,4,128,0.0005720779872123729,"{'val_rmse_mean': 0.946555495262146, 'val_mae_mean': 0.7383193969726562, 'val_r2_mean': -5.291412830352783, 'val_rmse_target_0': 0.9403460025787354, 'val_mae_target_0': 0.7010437846183777, 'val_r2_target_0': -4.796761989593506, 'val_rmse_target_1': 0.9070284962654114, 'val_mae_target_1': 0.663283109664917, 'val_r2_target_1': -3.5737757682800293, 'val_rmse_target_2': 0.9035114049911499, 'val_mae_target_2': 0.7235875129699707, 'val_r2_target_2': -3.222470283508301, 'val_rmse_target_3': 0.8572901487350464, 'val_mae_target_3': 0.7066375613212585, 'val_r2_target_3': -2.168957471847534, 'val_rmse_target_4': 0.9470488429069519, 'val_mae_target_4': 0.7847726941108704, 'val_r2_target_4': -4.353096961975098, 'val_rmse_target_5': 1.0760059356689453, 'val_mae_target_5': 0.9034745693206787, 'val_r2_target_5': -8.790244102478027, 'val_rmse_target_6': 1.0420459508895874, 'val_mae_target_6': 0.676405131816864, 'val_r2_target_6': -8.018898963928223, 'val_rmse_target_7': 0.8991671800613403, 'val_mae_target_7': 0.7473507523536682, 'val_r2_target_7': -7.407100677490234}",COMPLETE
13,0.3819511672854424,2026-02-28 19:03:29.229378,2026-02-28 19:05:06.744937,0 days 00:01:37.515559,6,0.25831544047968197,0.20041126761293337,0.0014374511043477,20,flatten,4,128,0.0040476785574321,"{'val_rmse_mean': 0.9528199434280396, 'val_mae_mean': 0.7408429384231567, 'val_r2_mean': -6.866519927978516, 'val_rmse_target_0': 0.9420778155326843, 'val_mae_target_0': 0.7693153619766235, 'val_r2_target_0': -6.440489292144775, 'val_rmse_target_1': 0.9259984493255615, 'val_mae_target_1': 0.7063776254653931, 'val_r2_target_1': -7.369280815124512, 'val_rmse_target_2': 0.8969116806983948, 'val_mae_target_2': 0.7166631817817688, 'val_r2_target_2': -4.561008930206299, 'val_rmse_target_3': 0.8839500546455383, 'val_mae_target_3': 0.6757486462593079, 'val_r2_target_3': -3.082587242126465, 'val_rmse_target_4': 0.8877988457679749, 'val_mae_target_4': 0.7210326194763184, 'val_r2_target_4': -3.2769393920898438, 'val_rmse_target_5': 1.0782335996627808, 'val_mae_target_5': 0.8708107471466064, 'val_r2_target_5': -10.723406791687012, 'val_rmse_target_6': 0.9824132919311523, 'val_mae_target_6': 0.6377533674240112, 'val_r2_target_6': -8.170711517333984, 'val_rmse_target_7': 1.02517569065094, 'val_mae_target_7': 0.8290417194366455, 'val_r2_target_7': -11.307729721069336}",COMPLETE
14,0.3358784444630146,2026-02-28 19:05:06.809547,2026-02-28 19:06:50.913268,0 days 00:01:44.103721,6,0.17418698359614018,0.33702645473442605,0.0008939797951342804,45,flatten,8,256,0.008540038717134,"{'val_rmse_mean': 0.8756574392318726, 'val_mae_mean': 0.6887396574020386, 'val_r2_mean': -3.0765416622161865, 'val_rmse_target_0': 0.8024066090583801, 'val_mae_target_0': 0.6589832305908203, 'val_r2_target_0': -0.7139923572540283, 'val_rmse_target_1': 0.7685092687606812, 'val_mae_target_1': 0.5544145703315735, 'val_r2_target_1': -0.8958824872970581, 'val_rmse_target_2': 0.7512938380241394, 'val_mae_target_2': 0.6113231778144836, 'val_r2_target_2': -0.3823634386062622, 'val_rmse_target_3': 0.8001956343650818, 'val_mae_target_3': 0.6435451507568359, 'val_r2_target_3': -0.7375080585479736, 'val_rmse_target_4': 0.8516854643821716, 'val_mae_target_4': 0.6856334805488586, 'val_r2_target_4': -1.8336920738220215, 'val_rmse_target_5': 1.0497539043426514, 'val_mae_target_5': 0.8658550381660461, 'val_r2_target_5': -13.213201522827148, 'val_rmse_target_6': 1.0771321058273315, 'val_mae_target_6': 0.7346149682998657, 'val_r2_target_6': -4.507678031921387, 'val_rmse_target_7': 0.90428227186203, 'val_mae_target_7': 0.7555477023124695, 'val_r2_target_7': -2.3280134201049805}",COMPLETE
15,0.36088983073830605,2026-02-28 19:06:50.971694,2026-02-28 19:08:28.734205,0 days 00:01:37.762511,6,0.1689619851602804,0.32994501946508675,0.0008684177298296004,50,flatten,8,256,0.009532518035013328,"{'val_rmse_mean': 0.9152403473854065, 'val_mae_mean': 0.7260339856147766, 'val_r2_mean': -4.255920886993408, 'val_rmse_target_0': 0.8928093314170837, 'val_mae_target_0': 0.7055330872535706, 'val_r2_target_0': -2.698385715484619, 'val_rmse_target_1': 0.8337177038192749, 'val_mae_target_1': 0.6206380724906921, 'val_r2_target_1': -1.586216688156128, 'val_rmse_target_2': 0.7872467637062073, 'val_mae_target_2': 0.6332714557647705, 'val_r2_target_2': -1.1074681282043457, 'val_rmse_target_3': 0.8291195034980774, 'val_mae_target_3': 0.6855292320251465, 'val_r2_target_3': -1.1381609439849854, 'val_rmse_target_4': 0.9035464525222778, 'val_mae_target_4': 0.7559697031974792, 'val_r2_target_4': -2.4794936180114746, 'val_rmse_target_5': 1.0451486110687256, 'val_mae_target_5': 0.8800953030586243, 'val_r2_target_5': -12.950535774230957, 'val_rmse_target_6': 1.0771557092666626, 'val_mae_target_6': 0.7117408514022827, 'val_r2_target_6': -5.673919200897217, 'val_rmse_target_7': 0.9531788229942322, 'val_mae_target_7': 0.8154942393302917, 'val_r2_target_7': -6.413188934326172}",COMPLETE
16,0.35537121415138245,2026-02-28 19:08:28.793112,2026-02-28 19:09:50.164572,0 days 00:01:21.371460,6,0.28094747786787816,0.3921813023788921,0.0019671482075814426,45,flatten,8,256,0.0028699531819890416,"{'val_rmse_mean': 0.905977725982666, 'val_mae_mean': 0.7099505662918091, 'val_r2_mean': -3.5048508644104004, 'val_rmse_target_0': 0.8452033400535583, 'val_mae_target_0': 0.6618488430976868, 'val_r2_target_0': -1.9523437023162842, 'val_rmse_target_1': 0.900745689868927, 'val_mae_target_1': 0.6568676829338074, 'val_r2_target_1': -2.928574800491333, 'val_rmse_target_2': 0.8901192545890808, 'val_mae_target_2': 0.7231556177139282, 'val_r2_target_2': -2.020993709564209, 'val_rmse_target_3': 0.8158380389213562, 'val_mae_target_3': 0.647962749004364, 'val_r2_target_3': -1.3032021522521973, 'val_rmse_target_4': 0.8227019906044006, 'val_mae_target_4': 0.6411280035972595, 'val_r2_target_4': -1.895540714263916, 'val_rmse_target_5': 1.0338060855865479, 'val_mae_target_5': 0.8778330087661743, 'val_r2_target_5': -10.097641944885254, 'val_rmse_target_6': 1.0016893148422241, 'val_mae_target_6': 0.6953340768814087, 'val_r2_target_6': -4.194364070892334, 'val_rmse_target_7': 0.937718391418457, 'val_mae_target_7': 0.7754746079444885, 'val_r2_target_7': -3.6461453437805176}",COMPLETE
17,0.3655067247152328,2026-02-28 19:09:50.222913,2026-02-28 19:11:27.202535,0 days 00:01:36.979622,6,0.16426513796590347,0.38501838625185325,0.0008066989896989521,40,flatten,8,384,0.005419818704343714,"{'val_rmse_mean': 0.9154155254364014, 'val_mae_mean': 0.7292819023132324, 'val_r2_mean': -4.450871467590332, 'val_rmse_target_0': 0.8538159728050232, 'val_mae_target_0': 0.6762931942939758, 'val_r2_target_0': -2.355581760406494, 'val_rmse_target_1': 0.8704527616500854, 'val_mae_target_1': 0.6711780428886414, 'val_r2_target_1': -3.0337400436401367, 'val_rmse_target_2': 0.8290517330169678, 'val_mae_target_2': 0.6819009184837341, 'val_r2_target_2': -1.6536338329315186, 'val_rmse_target_3': 0.7888306379318237, 'val_mae_target_3': 0.6597643494606018, 'val_r2_target_3': -1.9149982929229736, 'val_rmse_target_4': 0.8374893069267273, 'val_mae_target_4': 0.663801372051239, 'val_r2_target_4': -2.5036396980285645, 'val_rmse_target_5': 1.0676445960998535, 'val_mae_target_5': 0.8904440402984619, 'val_r2_target_5': -12.680278778076172, 'val_rmse_target_6': 1.0508790016174316, 'val_mae_target_6': 0.7237116098403931, 'val_r2_target_6': -5.220703125, 'val_rmse_target_7': 1.0251604318618774, 'val_mae_target_7': 0.8671619296073914, 'val_r2_target_7': -6.24439811706543}",COMPLETE
18,0.36896874457597734,2026-02-28 19:11:27.260706,2026-02-28 19:13:11.857108,0 days 00:01:44.596402,6,0.34581048821961097,0.2776844758915445,0.0007880933188039549,50,flatten,8,256,0.0036301974210114925,"{'val_rmse_mean': 0.9367731809616089, 'val_mae_mean': 0.7302886247634888, 'val_r2_mean': -3.5055222511291504, 'val_rmse_target_0': 0.9897863864898682, 'val_mae_target_0': 0.7705541253089905, 'val_r2_target_0': -3.055915355682373, 'val_rmse_target_1': 0.8793939352035522, 'val_mae_target_1': 0.6801406741142273, 'val_r2_target_1': -1.9937431812286377, 'val_rmse_target_2': 0.8440068960189819, 'val_mae_target_2': 0.6785962581634521, 'val_r2_target_2': -1.2458202838897705, 'val_rmse_target_3': 0.7992832064628601, 'val_mae_target_3': 0.6555030941963196, 'val_r2_target_3': -1.178107500076294, 'val_rmse_target_4': 0.8553783297538757, 'val_mae_target_4': 0.6988266706466675, 'val_r2_target_4': -1.7106094360351562, 'val_rmse_target_5': 1.0560189485549927, 'val_mae_target_5': 0.8654725551605225, 'val_r2_target_5': -9.978743553161621, 'val_rmse_target_6': 1.1587361097335815, 'val_mae_target_6': 0.7397050261497498, 'val_r2_target_6': -5.251969337463379, 'val_rmse_target_7': 0.9115819334983826, 'val_mae_target_7': 0.7535104155540466, 'val_r2_target_7': -3.629270553588867}",COMPLETE
19,0.3859869013726711,2026-02-28 19:13:11.918540,2026-02-28 19:15:38.979324,0 days 00:02:27.060784,6,0.17254269707683015,0.47258910030577705,0.0006403646623722123,70,flatten,2,256,0.005739984975773433,"{'val_rmse_mean': 0.9618965983390808, 'val_mae_mean': 0.7334829568862915, 'val_r2_mean': -10.183313369750977, 'val_rmse_target_0': 0.9785749912261963, 'val_mae_target_0': 0.7135228514671326, 'val_r2_target_0': -9.859384536743164, 'val_rmse_target_1': 1.017242193222046, 'val_mae_target_1': 0.7787712216377258, 'val_r2_target_1': -10.389323234558105, 'val_rmse_target_2': 0.9148007035255432, 'val_mae_target_2': 0.7091009020805359, 'val_r2_target_2': -6.195606231689453, 'val_rmse_target_3': 0.8046566843986511, 'val_mae_target_3': 0.6271190047264099, 'val_r2_target_3': -3.481264114379883, 'val_rmse_target_4': 0.8860530257225037, 'val_mae_target_4': 0.6912930011749268, 'val_r2_target_4': -6.33292293548584, 'val_rmse_target_5': 1.0174024105072021, 'val_mae_target_5': 0.8464117646217346, 'val_r2_target_5': -18.892780303955078, 'val_rmse_target_6': 1.0758763551712036, 'val_mae_target_6': 0.690900444984436, 'val_r2_target_6': -8.30726432800293, 'val_rmse_target_7': 1.0005663633346558, 'val_mae_target_7': 0.8107445240020752, 'val_r2_target_7': -18.00795555114746}",COMPLETE
20,0.35799677565693855,2026-02-28 19:15:39.037892,2026-02-28 19:16:56.819893,0 days 00:01:17.782001,6,0.26811050639633927,0.3399975131621228,0.0018795189516127202,40,flatten,8,384,0.0009291882701845736,"{'val_rmse_mean': 0.9126591682434082, 'val_mae_mean': 0.7131251096725464, 'val_r2_mean': -2.6606554985046387, 'val_rmse_target_0': 0.8836665749549866, 'val_mae_target_0': 0.7311932444572449, 'val_r2_target_0': -1.6426668167114258, 'val_rmse_target_1': 0.8885473012924194, 'val_mae_target_1': 0.6793445348739624, 'val_r2_target_1': -2.348396062850952, 'val_rmse_target_2': 0.8621301651000977, 'val_mae_target_2': 0.6813706159591675, 'val_r2_target_2': -1.0077521800994873, 'val_rmse_target_3': 0.7968029379844666, 'val_mae_target_3': 0.6046574115753174, 'val_r2_target_3': -0.5051732063293457, 'val_rmse_target_4': 0.8803293704986572, 'val_mae_target_4': 0.6908089518547058, 'val_r2_target_4': -1.2292227745056152, 'val_rmse_target_5': 1.0725020170211792, 'val_mae_target_5': 0.8754146695137024, 'val_r2_target_5': -8.195425033569336, 'val_rmse_target_6': 0.9404771327972412, 'val_mae_target_6': 0.6496565341949463, 'val_r2_target_6': -3.188840866088867, 'val_rmse_target_7': 0.9768176674842834, 'val_mae_target_7': 0.7925552129745483, 'val_r2_target_7': -3.167764663696289}",COMPLETE
21,0.35534500032663346,2026-02-28 19:16:56.878056,2026-02-28 19:19:07.380971,0 days 00:02:10.502915,6,0.24416921022388507,0.2415438155197157,0.0011816934407238313,30,flatten,4,128,0.0007987273970625583,"{'val_rmse_mean': 0.9083188772201538, 'val_mae_mean': 0.709091305732727, 'val_r2_mean': -5.181391716003418, 'val_rmse_target_0': 0.9266584515571594, 'val_mae_target_0': 0.7545077800750732, 'val_r2_target_0': -6.867614269256592, 'val_rmse_target_1': 0.8827692270278931, 'val_mae_target_1': 0.6139482855796814, 'val_r2_target_1': -3.721862316131592, 'val_rmse_target_2': 0.821888267993927, 'val_mae_target_2': 0.674335777759552, 'val_r2_target_2': -2.5371687412261963, 'val_rmse_target_3': 0.738468587398529, 'val_mae_target_3': 0.6024779677391052, 'val_r2_target_3': -1.617065668106079, 'val_rmse_target_4': 0.8194606900215149, 'val_mae_target_4': 0.6596861481666565, 'val_r2_target_4': -2.5734193325042725, 'val_rmse_target_5': 1.0705920457839966, 'val_mae_target_5': 0.88262540102005, 'val_r2_target_5': -7.898489952087402, 'val_rmse_target_6': 1.0336673259735107, 'val_mae_target_6': 0.6843950748443604, 'val_r2_target_6': -5.826155185699463, 'val_rmse_target_7': 0.973046600818634, 'val_mae_target_7': 0.8007537126541138, 'val_r2_target_7': -10.409358024597168}",COMPLETE
22,0.387413729429245,2026-02-28 19:19:07.438966,2026-02-28 19:21:02.907139,0 days 00:01:55.468173,6,0.19500482711122363,0.292623390006784,0.0009823471260835305,35,flatten,4,128,0.009999599704584576,"{'val_rmse_mean': 0.9606361389160156, 'val_mae_mean': 0.7486145496368408, 'val_r2_mean': -9.128174781799316, 'val_rmse_target_0': 0.9480025768280029, 'val_mae_target_0': 0.7571722269058228, 'val_r2_target_0': -7.696183204650879, 'val_rmse_target_1': 0.9126328825950623, 'val_mae_target_1': 0.6919888854026794, 'val_r2_target_1': -4.730772018432617, 'val_rmse_target_2': 0.894035816192627, 'val_mae_target_2': 0.7139461636543274, 'val_r2_target_2': -3.7343711853027344, 'val_rmse_target_3': 0.9186491966247559, 'val_mae_target_3': 0.7295806407928467, 'val_r2_target_3': -5.132434844970703, 'val_rmse_target_4': 0.9273651242256165, 'val_mae_target_4': 0.7438943982124329, 'val_r2_target_4': -4.450735092163086, 'val_rmse_target_5': 1.0161659717559814, 'val_mae_target_5': 0.8472567796707153, 'val_r2_target_5': -20.8868465423584, 'val_rmse_target_6': 1.0554478168487549, 'val_mae_target_6': 0.6911947727203369, 'val_r2_target_6': -13.866043090820312, 'val_rmse_target_7': 1.0127894878387451, 'val_mae_target_7': 0.8138828873634338, 'val_r2_target_7': -12.52801513671875}",COMPLETE
23,0.33951360136270525,2026-02-28 19:21:02.965156,2026-02-28 19:22:49.417935,0 days 00:01:46.452779,6,0.14438350976521955,0.24383826299246608,0.0016278733303928038,25,flatten,4,96,0.0006960870108729693,"{'val_rmse_mean': 0.8862512707710266, 'val_mae_mean': 0.6887680292129517, 'val_r2_mean': -2.648826837539673, 'val_rmse_target_0': 0.8633464574813843, 'val_mae_target_0': 0.6759521961212158, 'val_r2_target_0': -1.8127965927124023, 'val_rmse_target_1': 0.9225775599479675, 'val_mae_target_1': 0.7049185037612915, 'val_r2_target_1': -2.4544637203216553, 'val_rmse_target_2': 0.8263612985610962, 'val_mae_target_2': 0.6636685132980347, 'val_r2_target_2': -1.2781720161437988, 'val_rmse_target_3': 0.725411057472229, 'val_mae_target_3': 0.5797890424728394, 'val_r2_target_3': -0.6165235042572021, 'val_rmse_target_4': 0.7849689722061157, 'val_mae_target_4': 0.6019121408462524, 'val_r2_target_4': -1.612269401550293, 'val_rmse_target_5': 0.9744609594345093, 'val_mae_target_5': 0.8177737593650818, 'val_r2_target_5': -6.062272548675537, 'val_rmse_target_6': 1.0795947313308716, 'val_mae_target_6': 0.7353250980377197, 'val_r2_target_6': -4.6675310134887695, 'val_rmse_target_7': 0.9132892489433289, 'val_mae_target_7': 0.7308051586151123, 'val_r2_target_7': -2.686584234237671}",COMPLETE
24,0.3583555692434311,2026-02-28 19:22:49.475052,2026-02-28 19:24:29.707195,0 days 00:01:40.232143,6,0.1459395093281065,0.31330048135585975,0.0015155605540576097,25,flatten,4,96,0.002113850023600157,"{'val_rmse_mean': 0.913080096244812, 'val_mae_mean': 0.7233660221099854, 'val_r2_mean': -5.005293846130371, 'val_rmse_target_0': 0.9132313132286072, 'val_mae_target_0': 0.7559278607368469, 'val_r2_target_0': -5.031391620635986, 'val_rmse_target_1': 0.8984861969947815, 'val_mae_target_1': 0.6694090366363525, 'val_r2_target_1': -4.565577030181885, 'val_rmse_target_2': 0.8463404774665833, 'val_mae_target_2': 0.686133861541748, 'val_r2_target_2': -3.157395362854004, 'val_rmse_target_3': 0.8691152334213257, 'val_mae_target_3': 0.6878411173820496, 'val_r2_target_3': -2.031449317932129, 'val_rmse_target_4': 0.8503403663635254, 'val_mae_target_4': 0.6984631419181824, 'val_r2_target_4': -1.9017987251281738, 'val_rmse_target_5': 1.0067065954208374, 'val_mae_target_5': 0.8518490791320801, 'val_r2_target_5': -8.442834854125977, 'val_rmse_target_6': 0.9943853616714478, 'val_mae_target_6': 0.6708680987358093, 'val_r2_target_6': -7.500075340270996, 'val_rmse_target_7': 0.926035463809967, 'val_mae_target_7': 0.7664358019828796, 'val_r2_target_7': -7.411823272705078}",COMPLETE
25,0.34940996959805487,2026-02-28 19:24:29.766247,2026-02-28 19:26:20.139958,0 days 00:01:50.373711,6,0.14559623570788321,0.36282681433798775,0.001762800131114416,25,flatten,4,96,0.00616006843207228,"{'val_rmse_mean': 0.898453950881958, 'val_mae_mean': 0.7084540128707886, 'val_r2_mean': -4.90383243560791, 'val_rmse_target_0': 0.8787497282028198, 'val_mae_target_0': 0.7051213979721069, 'val_r2_target_0': -3.1184253692626953, 'val_rmse_target_1': 0.8957757353782654, 'val_mae_target_1': 0.6836370825767517, 'val_r2_target_1': -4.667857646942139, 'val_rmse_target_2': 0.8182398080825806, 'val_mae_target_2': 0.653901219367981, 'val_r2_target_2': -1.869786024093628, 'val_rmse_target_3': 0.7713536620140076, 'val_mae_target_3': 0.630325198173523, 'val_r2_target_3': -1.8292546272277832, 'val_rmse_target_4': 0.816356360912323, 'val_mae_target_4': 0.6658191680908203, 'val_r2_target_4': -2.419743776321411, 'val_rmse_target_5': 1.0039862394332886, 'val_mae_target_5': 0.840059220790863, 'val_r2_target_5': -7.349906921386719, 'val_rmse_target_6': 1.0453011989593506, 'val_mae_target_6': 0.6992934346199036, 'val_r2_target_6': -7.4144392013549805, 'val_rmse_target_7': 0.9578689336776733, 'val_mae_target_7': 0.7894755005836487, 'val_r2_target_7': -10.56124496459961}",COMPLETE
26,0.3922459524869919,2026-02-28 19:26:20.197763,2026-02-28 19:28:41.746989,0 days 00:02:21.549226,6,0.19216234425166898,0.25015646835993705,0.0007078194804296193,35,flatten,8,96,0.0027128746799865524,"{'val_rmse_mean': 0.9675393104553223, 'val_mae_mean': 0.751512348651886, 'val_r2_mean': -11.419636726379395, 'val_rmse_target_0': 0.96763014793396, 'val_mae_target_0': 0.7304869890213013, 'val_r2_target_0': -4.384760856628418, 'val_rmse_target_1': 0.9473167657852173, 'val_mae_target_1': 0.6950937509536743, 'val_r2_target_1': -5.697542667388916, 'val_rmse_target_2': 0.9434969425201416, 'val_mae_target_2': 0.7349119782447815, 'val_r2_target_2': -5.481680870056152, 'val_rmse_target_3': 0.8592448830604553, 'val_mae_target_3': 0.6934013962745667, 'val_r2_target_3': -3.2985219955444336, 'val_rmse_target_4': 0.8974359631538391, 'val_mae_target_4': 0.7104091644287109, 'val_r2_target_4': -6.534034729003906, 'val_rmse_target_5': 1.0410137176513672, 'val_mae_target_5': 0.877413272857666, 'val_r2_target_5': -32.29764175415039, 'val_rmse_target_6': 1.1142752170562744, 'val_mae_target_6': 0.7617465257644653, 'val_r2_target_6': -17.308549880981445, 'val_rmse_target_7': 0.9699010252952576, 'val_mae_target_7': 0.8086355328559875, 'val_r2_target_7': -16.354354858398438}",COMPLETE
27,0.34865401953458786,2026-02-28 19:28:41.804558,2026-02-28 19:30:02.546145,0 days 00:01:20.741587,6,0.1028651600704091,0.44522562609040917,0.002222542418662342,20,flatten,2,512,0.0008297489432746444,"{'val_rmse_mean': 0.9022447466850281, 'val_mae_mean': 0.6946365237236023, 'val_r2_mean': -1.5316414833068848, 'val_rmse_target_0': 0.937404453754425, 'val_mae_target_0': 0.7162050604820251, 'val_r2_target_0': -2.4294698238372803, 'val_rmse_target_1': 0.9892951846122742, 'val_mae_target_1': 0.7880216240882874, 'val_r2_target_1': -2.606579065322876, 'val_rmse_target_2': 0.9487376809120178, 'val_mae_target_2': 0.7623351812362671, 'val_r2_target_2': -1.2502470016479492, 'val_rmse_target_3': 0.6551755666732788, 'val_mae_target_3': 0.5132003426551819, 'val_r2_target_3': 0.28899335861206055, 'val_rmse_target_4': 0.6916760802268982, 'val_mae_target_4': 0.5297893285751343, 'val_r2_target_4': 0.10637402534484863, 'val_rmse_target_5': 0.9929639101028442, 'val_mae_target_5': 0.8123063445091248, 'val_r2_target_5': -1.6667656898498535, 'val_rmse_target_6': 1.0177370309829712, 'val_mae_target_6': 0.6415652632713318, 'val_r2_target_6': -2.0919947624206543, 'val_rmse_target_7': 0.9849679470062256, 'val_mae_target_7': 0.7936691045761108, 'val_r2_target_7': -2.6034414768218994}",COMPLETE
28,0.4084042990207672,2026-02-28 19:30:02.602639,2026-02-28 19:32:01.856087,0 days 00:01:59.253448,6,0.3042708238765478,0.26525400612701205,0.0009510354947422351,50,flatten,4,96,0.0006849746187996493,"{'val_rmse_mean': 0.9873087406158447, 'val_mae_mean': 0.7771517038345337, 'val_r2_mean': -14.893425941467285, 'val_rmse_target_0': 1.0055655241012573, 'val_mae_target_0': 0.7761220335960388, 'val_r2_target_0': -8.289399147033691, 'val_rmse_target_1': 0.9879481196403503, 'val_mae_target_1': 0.7322284579277039, 'val_r2_target_1': -16.497264862060547, 'val_rmse_target_2': 0.998390793800354, 'val_mae_target_2': 0.8008707165718079, 'val_r2_target_2': -10.18293571472168, 'val_rmse_target_3': 0.8963559865951538, 'val_mae_target_3': 0.735756516456604, 'val_r2_target_3': -6.8688225746154785, 'val_rmse_target_4': 0.9199360013008118, 'val_mae_target_4': 0.7780357599258423, 'val_r2_target_4': -8.969104766845703, 'val_rmse_target_5': 0.9819529056549072, 'val_mae_target_5': 0.8152288794517517, 'val_r2_target_5': -26.877538681030273, 'val_rmse_target_6': 1.0785776376724243, 'val_mae_target_6': 0.7378237843513489, 'val_r2_target_6': -23.617826461791992, 'val_rmse_target_7': 1.0297431945800781, 'val_mae_target_7': 0.8411476612091064, 'val_r2_target_7': -17.844501495361328}",COMPLETE
29,0.3798847872018814,2026-02-28 19:32:01.914321,2026-02-28 19:34:10.864810,0 days 00:02:08.950489,6,0.2001467190279247,0.2294501992096632,0.0006049798736362372,45,flatten,6,256,0.0011241790983215108,"{'val_rmse_mean': 0.9525150656700134, 'val_mae_mean': 0.7389736175537109, 'val_r2_mean': -8.108905792236328, 'val_rmse_target_0': 0.932228147983551, 'val_mae_target_0': 0.7641538381576538, 'val_r2_target_0': -4.622871398925781, 'val_rmse_target_1': 0.9418378472328186, 'val_mae_target_1': 0.7130957841873169, 'val_r2_target_1': -5.013221263885498, 'val_rmse_target_2': 0.8849086761474609, 'val_mae_target_2': 0.6785973906517029, 'val_r2_target_2': -4.630871772766113, 'val_rmse_target_3': 0.8595696091651917, 'val_mae_target_3': 0.6687987446784973, 'val_r2_target_3': -3.0216217041015625, 'val_rmse_target_4': 0.8591094017028809, 'val_mae_target_4': 0.6571316719055176, 'val_r2_target_4': -4.106818675994873, 'val_rmse_target_5': 1.0194931030273438, 'val_mae_target_5': 0.8765580058097839, 'val_r2_target_5': -16.932252883911133, 'val_rmse_target_6': 1.0898282527923584, 'val_mae_target_6': 0.7098936438560486, 'val_r2_target_6': -13.361790657043457, 'val_rmse_target_7': 1.0331459045410156, 'val_mae_target_7': 0.8435598015785217, 'val_r2_target_7': -13.181793212890625}",COMPLETE
