number,value,datetime_start,datetime_complete,duration,params_bootstrap,params_max_depth,params_max_features,params_min_samples_leaf,params_min_samples_split,params_n_estimators,params_n_path_features,user_attrs_val_metrics,state
0,1.1846075388892785,2026-02-23 20:45:54.686380,2026-02-23 20:46:44.948558,0 days 00:00:50.262178,True,5.0,0.6,15,7,50,50,"{'val_rmse_mean': 1.08802716139202, 'val_mae_mean': 0.85991311372777, 'val_r2_mean': -7983.440237501409, 'val_rmse_target_0': 1.086651728174871, 'val_mae_target_0': 0.8432438915304838, 'val_r2_target_0': -6214.9042004774965, 'val_rmse_target_1': 1.0851469966816034, 'val_mae_target_1': 0.8293852623442575, 'val_r2_target_1': -1585.5117410694334, 'val_rmse_target_2': 1.0767031585207205, 'val_mae_target_2': 0.8755582929670811, 'val_r2_target_2': -1636.577150230018, 'val_rmse_target_3': 1.0699701942041804, 'val_mae_target_3': 0.882970729173326, 'val_r2_target_3': -6351.835530941223, 'val_rmse_target_4': 1.0700164901406344, 'val_mae_target_4': 0.8671616013438131, 'val_r2_target_4': -3236.2902557018947, 'val_rmse_target_5': 1.0821521638605152, 'val_mae_target_5': 0.8951967712502925, 'val_r2_target_5': -17461.830685351997, 'val_rmse_target_6': 1.161272556174536, 'val_mae_target_6': 0.7993686504684157, 'val_r2_target_6': -16310.670250072817, 'val_rmse_target_7': 1.0723040033791005, 'val_mae_target_7': 0.8864197107444904, 'val_r2_target_7': -11069.902086166387}",COMPLETE
1,0.9825508167654337,2026-02-23 20:46:45.198914,2026-02-23 20:48:06.882418,0 days 00:01:21.683504,True,10.0,0.1,5,8,350,45,"{'val_rmse_mean': 0.9876806738144981, 'val_mae_mean': 0.785743983285868, 'val_r2_mean': -12.811381748734021, 'val_rmse_target_0': 0.8695597234825033, 'val_mae_target_0': 0.684636624666418, 'val_r2_target_0': -3.5926259862439913, 'val_rmse_target_1': 0.9094372913860959, 'val_mae_target_1': 0.669493549523724, 'val_r2_target_1': -5.034422781400714, 'val_rmse_target_2': 0.9315316110972233, 'val_mae_target_2': 0.7707454740397602, 'val_r2_target_2': -6.238258478648511, 'val_rmse_target_3': 0.9926138813359846, 'val_mae_target_3': 0.8220193754355796, 'val_r2_target_3': -9.702282034882899, 'val_rmse_target_4': 0.9798164974325491, 'val_mae_target_4': 0.8014326222533217, 'val_r2_target_4': -10.067124899491855, 'val_rmse_target_5': 1.130372581046795, 'val_mae_target_5': 0.9226312247285463, 'val_r2_target_5': -33.81811030346883, 'val_rmse_target_6': 1.1000506662035543, 'val_mae_target_6': 0.7894715389018585, 'val_r2_target_6': -20.687334421566902, 'val_rmse_target_7': 0.9880631385312789, 'val_mae_target_7': 0.8255214567377364, 'val_r2_target_7': -13.350895084168474}",COMPLETE
2,1.0037495431777947,2026-02-23 20:48:07.134908,2026-02-23 20:49:03.122766,0 days 00:00:55.987858,True,20.0,0.8,6,13,100,55,"{'val_rmse_mean': 0.9977502882728251, 'val_mae_mean': 0.7912571424550893, 'val_r2_mean': -11.56982314636713, 'val_rmse_target_0': 0.871544027693451, 'val_mae_target_0': 0.6903406969775991, 'val_r2_target_0': -3.0889112531908403, 'val_rmse_target_1': 0.8931843880143798, 'val_mae_target_1': 0.6712095707309241, 'val_r2_target_1': -4.692797357523677, 'val_rmse_target_2': 0.9969124177949734, 'val_mae_target_2': 0.8301326773209671, 'val_r2_target_2': -7.964675402570123, 'val_rmse_target_3': 0.9888982119943821, 'val_mae_target_3': 0.8217513939083784, 'val_r2_target_3': -7.459022988227565, 'val_rmse_target_4': 0.9867900422931103, 'val_mae_target_4': 0.8095264651832947, 'val_r2_target_4': -8.681867496136343, 'val_rmse_target_5': 1.1277139227959123, 'val_mae_target_5': 0.9147837347604255, 'val_r2_target_5': -23.933539900467498, 'val_rmse_target_6': 1.1439879834723832, 'val_mae_target_6': 0.7940005348176521, 'val_r2_target_6': -28.165270736071932, 'val_rmse_target_7': 0.9729713121240083, 'val_mae_target_7': 0.7983120659414731, 'val_r2_target_7': -8.572500036749068}",COMPLETE
3,1.0203161184173455,2026-02-23 20:49:03.353563,2026-02-23 20:50:15.030987,0 days 00:01:11.677424,True,5.0,0.2,2,15,250,40,"{'val_rmse_mean': 1.0080784644840475, 'val_mae_mean': 0.7960608814747818, 'val_r2_mean': -22.836124264104704, 'val_rmse_target_0': 0.9172817872633646, 'val_mae_target_0': 0.7045835910838703, 'val_r2_target_0': -7.577110380878786, 'val_rmse_target_1': 0.9484685007757454, 'val_mae_target_1': 0.6963034107885505, 'val_r2_target_1': -10.010344378222936, 'val_rmse_target_2': 0.9774989212197257, 'val_mae_target_2': 0.8051783821239178, 'val_r2_target_2': -14.609601552872856, 'val_rmse_target_3': 1.0228279912932354, 'val_mae_target_3': 0.8511056876557603, 'val_r2_target_3': -24.754625725074998, 'val_rmse_target_4': 1.0016366180504814, 'val_mae_target_4': 0.8209628226712252, 'val_r2_target_4': -20.64630792296882, 'val_rmse_target_5': 1.1183036339504313, 'val_mae_target_5': 0.9056999338756623, 'val_r2_target_5': -63.12542966060681, 'val_rmse_target_6': 1.0925032832089234, 'val_mae_target_6': 0.7798930992412199, 'val_r2_target_6': -17.904759696475054, 'val_rmse_target_7': 0.9861069801104726, 'val_mae_target_7': 0.8047601243580487, 'val_r2_target_7': -24.06081479573738}",COMPLETE
4,1.17825594810455,2026-02-23 20:50:15.284974,2026-02-23 20:51:12.522478,0 days 00:00:57.237504,False,10.0,0.6,4,2,150,60,"{'val_rmse_mean': 1.0674240483235078, 'val_mae_mean': 0.8539884025451594, 'val_r2_mean': -1.9159721077383498, 'val_rmse_target_0': 0.911129186348378, 'val_mae_target_0': 0.7867330433870424, 'val_r2_target_0': -0.23341374207189736, 'val_rmse_target_1': 0.8513118881079669, 'val_mae_target_1': 0.6803440270226269, 'val_r2_target_1': -0.6544735007647324, 'val_rmse_target_2': 1.1074591468037944, 'val_mae_target_2': 0.9475879394852851, 'val_r2_target_2': -2.702367226527292, 'val_rmse_target_3': 0.8393334811514128, 'val_mae_target_3': 0.6878132750934728, 'val_r2_target_3': -1.3398118605794158, 'val_rmse_target_4': 1.1309517786316303, 'val_mae_target_4': 0.9026938628849704, 'val_r2_target_4': -1.3433618694793612, 'val_rmse_target_5': 1.3731224829992332, 'val_mae_target_5': 1.1338474491869932, 'val_r2_target_5': -4.200926767649011, 'val_rmse_target_6': 1.3506070747903178, 'val_mae_target_6': 0.9648640370176192, 'val_r2_target_6': -3.726652634294741, 'val_rmse_target_7': 0.9754773477553275, 'val_mae_target_7': 0.7280235862832649, 'val_r2_target_7': -1.1267692605403492}",COMPLETE
5,1.5561853923105238,2026-02-23 20:51:12.753886,2026-02-23 20:52:02.548570,0 days 00:00:49.794684,False,,1.0,2,17,50,35,"{'val_rmse_mean': 1.2231190732783488, 'val_mae_mean': 0.9853559717835525, 'val_r2_mean': -1.3172396068173047, 'val_rmse_target_0': 1.017961028664656, 'val_mae_target_0': 0.8108914944691827, 'val_r2_target_0': -0.45899709280204126, 'val_rmse_target_1': 0.7754094604268268, 'val_mae_target_1': 0.6051837850988284, 'val_r2_target_1': 0.16237416107714764, 'val_rmse_target_2': 1.4124263789260105, 'val_mae_target_2': 1.1437514096521981, 'val_r2_target_2': -2.241911955090189, 'val_rmse_target_3': 1.4776591459324975, 'val_mae_target_3': 1.2520053510966032, 'val_r2_target_3': -2.263293652683604, 'val_rmse_target_4': 1.1215350816385434, 'val_mae_target_4': 0.8796488451058808, 'val_r2_target_4': -1.3785911339901298, 'val_rmse_target_5': 1.4701033024225916, 'val_mae_target_5': 1.2706419806386415, 'val_r2_target_5': -2.798464253375315, 'val_rmse_target_6': 1.4349500681974805, 'val_mae_target_6': 1.1015921439007144, 'val_r2_target_6': -1.2547398808879922, 'val_rmse_target_7': 1.0749081200181843, 'val_mae_target_7': 0.8191327643063704, 'val_r2_target_7': -0.30429304678631586}",COMPLETE
6,1.0275606277095195,2026-02-23 20:52:02.780239,2026-02-23 20:53:23.686237,0 days 00:01:20.905998,False,,0.6,12,13,500,35,"{'val_rmse_mean': 1.0047002854903628, 'val_mae_mean': 0.8063351943239294, 'val_r2_mean': -3.549197452541417, 'val_rmse_target_0': 0.9518003470814235, 'val_mae_target_0': 0.722444864953834, 'val_r2_target_0': -1.560403052051487, 'val_rmse_target_1': 0.8156659434653091, 'val_mae_target_1': 0.5831160079713785, 'val_r2_target_1': -1.4584834638665605, 'val_rmse_target_2': 0.9660602131199904, 'val_mae_target_2': 0.8351863674378923, 'val_r2_target_2': -2.3099132703225425, 'val_rmse_target_3': 0.9645795542776965, 'val_mae_target_3': 0.8185783688959388, 'val_r2_target_3': -2.647813857753846, 'val_rmse_target_4': 1.0063205044740706, 'val_mae_target_4': 0.8553853688281979, 'val_r2_target_4': -2.411569967227355, 'val_rmse_target_5': 1.2618314888219953, 'val_mae_target_5': 1.0083996329476683, 'val_r2_target_5': -8.192465330069384, 'val_rmse_target_6': 1.168771719454153, 'val_mae_target_6': 0.902949868448336, 'val_r2_target_6': -7.034950803962962, 'val_rmse_target_7': 0.902572513228264, 'val_mae_target_7': 0.7246210751081895, 'val_r2_target_7': -2.7779798750772047}",COMPLETE
7,1.1853975836098072,2026-02-23 20:53:23.919094,2026-02-23 20:54:37.998259,0 days 00:01:14.079165,True,10.0,0.5,14,14,300,60,"{'val_rmse_mean': 1.0883709826884318, 'val_mae_mean': 0.8590339017230498, 'val_r2_mean': -74693.22591431541, 'val_rmse_target_0': 1.089127878612516, 'val_mae_target_0': 0.8437823360208576, 'val_r2_target_0': -63508.04788045166, 'val_rmse_target_1': 1.0859025921869436, 'val_mae_target_1': 0.825778031059119, 'val_r2_target_1': -32030.41077727149, 'val_rmse_target_2': 1.0765716566082468, 'val_mae_target_2': 0.8679864092902175, 'val_r2_target_2': -35591.92934579867, 'val_rmse_target_3': 1.0698183957984646, 'val_mae_target_3': 0.8860826894555115, 'val_r2_target_3': -33665.70753662505, 'val_rmse_target_4': 1.071740819618041, 'val_mae_target_4': 0.8700029850825877, 'val_r2_target_4': -24677.98689727743, 'val_rmse_target_5': 1.0809990664274016, 'val_mae_target_5': 0.8941692489853129, 'val_r2_target_5': -84434.8564967061, 'val_rmse_target_6': 1.1631842557905792, 'val_mae_target_6': 0.8009894595584057, 'val_r2_target_6': -219678.2160731818, 'val_rmse_target_7': 1.069623196465261, 'val_mae_target_7': 0.883480054332387, 'val_r2_target_7': -103958.65230721116}",COMPLETE
8,1.020902802172715,2026-02-23 20:54:38.247897,2026-02-23 20:56:13.872302,0 days 00:01:35.624405,True,5.0,0.4,2,15,500,65,"{'val_rmse_mean': 1.0080169047493432, 'val_mae_mean': 0.7996200086370187, 'val_r2_mean': -21.90273449131592, 'val_rmse_target_0': 0.9249527757181328, 'val_mae_target_0': 0.7237348611482368, 'val_r2_target_0': -9.118225764084004, 'val_rmse_target_1': 0.9222398570260624, 'val_mae_target_1': 0.6821482282528966, 'val_r2_target_1': -10.60887209114229, 'val_rmse_target_2': 0.9793476731536537, 'val_mae_target_2': 0.8134494358736167, 'val_r2_target_2': -13.706986032156387, 'val_rmse_target_3': 1.000018067660275, 'val_mae_target_3': 0.8297237331842591, 'val_r2_target_3': -20.93082175469492, 'val_rmse_target_4': 1.0050235405577188, 'val_mae_target_4': 0.831263311317586, 'val_r2_target_4': -17.393455200712747, 'val_rmse_target_5': 1.0968699040127838, 'val_mae_target_5': 0.9018490109341453, 'val_r2_target_5': -54.490606614923635, 'val_rmse_target_6': 1.1320004477534618, 'val_mae_target_6': 0.8095154878404304, 'val_r2_target_6': -27.60295568475338, 'val_rmse_target_7': 1.0036829721126586, 'val_mae_target_7': 0.8052760005449784, 'val_r2_target_7': -21.369952788059944}",COMPLETE
9,1.1845400378626372,2026-02-23 20:56:14.105607,2026-02-23 20:57:37.325298,0 days 00:01:23.219691,True,,0.7000000000000001,5,20,400,35,"{'val_rmse_mean': 1.087978221245226, 'val_mae_mean': 0.8589708817637334, 'val_r2_mean': -34853.15994384595, 'val_rmse_target_0': 1.0861590665854517, 'val_mae_target_0': 0.8416867346844881, 'val_r2_target_0': -17812.11070764711, 'val_rmse_target_1': 1.084318798345402, 'val_mae_target_1': 0.8247251345681854, 'val_r2_target_1': -23119.16032868541, 'val_rmse_target_2': 1.0762936591895227, 'val_mae_target_2': 0.8692708909369354, 'val_r2_target_2': -24739.265038933987, 'val_rmse_target_3': 1.0709898648204714, 'val_mae_target_3': 0.8861349505058727, 'val_r2_target_3': -20494.387806155588, 'val_rmse_target_4': 1.0731668481913987, 'val_mae_target_4': 0.8714426697851788, 'val_r2_target_4': -25092.291767245908, 'val_rmse_target_5': 1.0812084289255295, 'val_mae_target_5': 0.8937266456441654, 'val_r2_target_5': -43266.650893913895, 'val_rmse_target_6': 1.1632118301707268, 'val_mae_target_6': 0.802037990610718, 'val_r2_target_6': -67687.08486874985, 'val_rmse_target_7': 1.0684772737333046, 'val_mae_target_7': 0.8827420373743233, 'val_r2_target_7': -56614.328139435864}",COMPLETE
10,1.054349624296278,2026-02-23 20:57:37.559370,2026-02-23 20:58:47.959614,0 days 00:01:10.400244,False,10.0,0.1,9,8,350,20,"{'val_rmse_mean': 1.023477706419878, 'val_mae_mean': 0.8095669237096575, 'val_r2_mean': -7.728549334262421, 'val_rmse_target_0': 0.9098989182403566, 'val_mae_target_0': 0.6874344477097968, 'val_r2_target_0': -3.4857439666389416, 'val_rmse_target_1': 0.907485714393063, 'val_mae_target_1': 0.6762329462239659, 'val_r2_target_1': -4.400163791131105, 'val_rmse_target_2': 0.9927430544611573, 'val_mae_target_2': 0.8070518366642241, 'val_r2_target_2': -6.765753954739642, 'val_rmse_target_3': 1.0510029108200436, 'val_mae_target_3': 0.8448930639642341, 'val_r2_target_3': -7.805312999871289, 'val_rmse_target_4': 0.9939428357822856, 'val_mae_target_4': 0.8136741128005951, 'val_r2_target_4': -7.73420706077769, 'val_rmse_target_5': 1.1535819627918804, 'val_mae_target_5': 0.9353739040951546, 'val_r2_target_5': -11.456133259543833, 'val_rmse_target_6': 1.080973495317411, 'val_mae_target_6': 0.8024495927501892, 'val_r2_target_6': -10.49434176370464, 'val_rmse_target_7': 1.098192759552826, 'val_mae_target_7': 0.9094254854691007, 'val_r2_target_7': -9.68673787769223}",COMPLETE
11,1.004715238737242,2026-02-23 20:58:48.192690,2026-02-23 20:59:55.803526,0 days 00:01:07.610836,True,20.0,0.9,7,9,200,50,"{'val_rmse_mean': 0.9991591872080029, 'val_mae_mean': 0.7928987624908772, 'val_r2_mean': -15.229275152937694, 'val_rmse_target_0': 0.9191805855177162, 'val_mae_target_0': 0.6989347990731578, 'val_r2_target_0': -5.060448718247609, 'val_rmse_target_1': 0.8939203099782376, 'val_mae_target_1': 0.6891130928772878, 'val_r2_target_1': -5.283983105276446, 'val_rmse_target_2': 0.9767788746672414, 'val_mae_target_2': 0.7903218498542834, 'val_r2_target_2': -7.399702462747905, 'val_rmse_target_3': 0.9894983323115673, 'val_mae_target_3': 0.8237948981355361, 'val_r2_target_3': -8.891225436304019, 'val_rmse_target_4': 0.9843637123821896, 'val_mae_target_4': 0.8139566742771084, 'val_r2_target_4': -10.093630802036591, 'val_rmse_target_5': 1.134411102325223, 'val_mae_target_5': 0.9388055845344538, 'val_r2_target_5': -28.73805184772185, 'val_rmse_target_6': 1.1179375953797548, 'val_mae_target_6': 0.7895991799288599, 'val_r2_target_6': -46.19720129198087, 'val_rmse_target_7': 0.9771829851020934, 'val_mae_target_7': 0.798664021246331, 'val_r2_target_7': -10.169957559186258}",COMPLETE
12,1.0652467630597187,2026-02-23 20:59:56.035984,2026-02-23 21:00:56.113873,0 days 00:01:00.077889,True,20.0,0.8,8,4,150,50,"{'val_rmse_mean': 1.030859901566795, 'val_mae_mean': 0.8141014742758252, 'val_r2_mean': -51.750881089333156, 'val_rmse_target_0': 0.9912759013927886, 'val_mae_target_0': 0.7474238030535499, 'val_r2_target_0': -21.622443461496907, 'val_rmse_target_1': 0.9738508633816071, 'val_mae_target_1': 0.7327330389829663, 'val_r2_target_1': -27.322653283686748, 'val_rmse_target_2': 0.9972818283788867, 'val_mae_target_2': 0.8162377598620725, 'val_r2_target_2': -26.843837352844407, 'val_rmse_target_3': 1.014764750545924, 'val_mae_target_3': 0.849762201273774, 'val_r2_target_3': -32.715166623211914, 'val_rmse_target_4': 1.021594678460026, 'val_mae_target_4': 0.8347019530945987, 'val_r2_target_4': -39.210824343299905, 'val_rmse_target_5': 1.1065825676331058, 'val_mae_target_5': 0.9063029480563685, 'val_r2_target_5': -98.55224057782758, 'val_rmse_target_6': 1.122673156774778, 'val_mae_target_6': 0.7892660378859111, 'val_r2_target_6': -121.09259736330371, 'val_rmse_target_7': 1.0188554659672435, 'val_mae_target_7': 0.8363840519973609, 'val_r2_target_7': -46.64728570899401}",COMPLETE
13,0.9809413752646808,2026-02-23 21:00:56.344197,2026-02-23 21:02:24.186168,0 days 00:01:27.841971,True,20.0,0.30000000000000004,5,11,400,70,"{'val_rmse_mean': 0.9868509088029136, 'val_mae_mean': 0.7837666439061772, 'val_r2_mean': -12.592095630971802, 'val_rmse_target_0': 0.8810301801178875, 'val_mae_target_0': 0.6946563083995101, 'val_r2_target_0': -3.514772444715053, 'val_rmse_target_1': 0.8855140137487786, 'val_mae_target_1': 0.6540283965799, 'val_r2_target_1': -4.3426434077218214, 'val_rmse_target_2': 0.9592494026182754, 'val_mae_target_2': 0.8014450085336421, 'val_r2_target_2': -6.859770496017475, 'val_rmse_target_3': 0.9796731534035983, 'val_mae_target_3': 0.8109477690163287, 'val_r2_target_3': -8.69075147803671, 'val_rmse_target_4': 0.9738816237151684, 'val_mae_target_4': 0.8098284592110153, 'val_r2_target_4': -9.348678079731215, 'val_rmse_target_5': 1.1035515641051017, 'val_mae_target_5': 0.9070254070407192, 'val_r2_target_5': -30.156323927631576, 'val_rmse_target_6': 1.1298288608903393, 'val_mae_target_6': 0.7873247926129712, 'val_r2_target_6': -29.21822146023337, 'val_rmse_target_7': 0.9820784718241599, 'val_mae_target_7': 0.8048770098553316, 'val_r2_target_7': -8.60560375368722}",COMPLETE
14,1.1842106680113753,2026-02-23 21:02:24.420674,2026-02-23 21:03:47.236012,0 days 00:01:22.815338,True,10.0,0.30000000000000004,10,11,400,70,"{'val_rmse_mean': 1.08782608230098, 'val_mae_mean': 0.8586539065319851, 'val_r2_mean': -37813.817113058234, 'val_rmse_target_0': 1.0856549837393348, 'val_mae_target_0': 0.8410235384918882, 'val_r2_target_0': -18493.622389009506, 'val_rmse_target_1': 1.0853459391043914, 'val_mae_target_1': 0.8256933314210056, 'val_r2_target_1': -33889.28944932675, 'val_rmse_target_2': 1.0763182239695295, 'val_mae_target_2': 0.868293638456258, 'val_r2_target_2': -27987.618747740096, 'val_rmse_target_3': 1.0698393154596737, 'val_mae_target_3': 0.8852167618588024, 'val_r2_target_3': -19777.632226892143, 'val_rmse_target_4': 1.0723218586639363, 'val_mae_target_4': 0.8705951098438434, 'val_r2_target_4': -17959.8175372983, 'val_rmse_target_5': 1.0816660914215142, 'val_mae_target_5': 0.894182184397917, 'val_r2_target_5': -60162.802107648284, 'val_rmse_target_6': 1.1629441139212233, 'val_mae_target_6': 0.8019001823072827, 'val_r2_target_6': -84180.55634048811, 'val_rmse_target_7': 1.0685181321282367, 'val_mae_target_7': 0.882326505478884, 'val_r2_target_7': -40059.19810606269}",COMPLETE
15,0.988205660788905,2026-02-23 21:03:47.466983,2026-02-23 21:05:13.829161,0 days 00:01:26.362178,True,20.0,0.1,4,6,400,20,"{'val_rmse_mean': 0.9900179143463523, 'val_mae_mean': 0.7867655546977413, 'val_r2_mean': -8.218520045237002, 'val_rmse_target_0': 0.865225243257988, 'val_mae_target_0': 0.6898073165256697, 'val_r2_target_0': -2.353544894697904, 'val_rmse_target_1': 0.9320691490196884, 'val_mae_target_1': 0.6875161568972916, 'val_r2_target_1': -3.7869355864243053, 'val_rmse_target_2': 0.9164304078370477, 'val_mae_target_2': 0.7339474181382372, 'val_r2_target_2': -3.765802462012786, 'val_rmse_target_3': 0.9634467132489126, 'val_mae_target_3': 0.774328286619381, 'val_r2_target_3': -5.380246711546869, 'val_rmse_target_4': 0.9611515905415948, 'val_mae_target_4': 0.7874226075225095, 'val_r2_target_4': -6.1391309191695385, 'val_rmse_target_5': 1.1554635597707494, 'val_mae_target_5': 0.945423351234834, 'val_r2_target_5': -24.56357684740054, 'val_rmse_target_6': 1.0804798098947754, 'val_mae_target_6': 0.7825856630975179, 'val_r2_target_6': -10.305076956158464, 'val_rmse_target_7': 1.0458768412000619, 'val_mae_target_7': 0.8930936375464898, 'val_r2_target_7': -9.45384598448561}",COMPLETE
16,0.9902894877465759,2026-02-23 21:05:14.081583,2026-02-23 21:06:30.122432,0 days 00:01:16.040849,True,20.0,0.30000000000000004,4,10,300,70,"{'val_rmse_mean': 0.9913291363129004, 'val_mae_mean': 0.7887132476350526, 'val_r2_mean': -11.666794423414803, 'val_rmse_target_0': 0.8810148105491641, 'val_mae_target_0': 0.704527020792857, 'val_r2_target_0': -3.358867312934125, 'val_rmse_target_1': 0.878627913168433, 'val_mae_target_1': 0.6436685037737682, 'val_r2_target_1': -3.697419579755617, 'val_rmse_target_2': 0.9637709148483594, 'val_mae_target_2': 0.8027906374070028, 'val_r2_target_2': -6.444757917337207, 'val_rmse_target_3': 0.9982200962645034, 'val_mae_target_3': 0.8297315510734395, 'val_r2_target_3': -10.190529730541886, 'val_rmse_target_4': 0.9828360087721151, 'val_mae_target_4': 0.8119427362313151, 'val_r2_target_4': -9.34904552144035, 'val_rmse_target_5': 1.1315070259684223, 'val_mae_target_5': 0.9265892504363148, 'val_r2_target_5': -33.21070009408299, 'val_rmse_target_6': 1.113572924437779, 'val_mae_target_6': 0.7788728827569016, 'val_r2_target_6': -19.142698024336962, 'val_rmse_target_7': 0.9810833964944271, 'val_mae_target_7': 0.8115833986088212, 'val_r2_target_7': -7.940337206889319}",COMPLETE
17,0.9818166099085915,2026-02-23 21:06:30.356552,2026-02-23 21:08:01.887480,0 days 00:01:31.530928,True,10.0,0.30000000000000004,6,5,450,45,"{'val_rmse_mean': 0.9876430120079239, 'val_mae_mean': 0.7866275931939721, 'val_r2_mean': -14.251209687235338, 'val_rmse_target_0': 0.8837290932533107, 'val_mae_target_0': 0.6844427654778437, 'val_r2_target_0': -4.028735616751629, 'val_rmse_target_1': 0.9079880900027316, 'val_mae_target_1': 0.6781242653077529, 'val_r2_target_1': -5.934240038115541, 'val_rmse_target_2': 0.9495915987098863, 'val_mae_target_2': 0.788431584466888, 'val_r2_target_2': -7.360557899693362, 'val_rmse_target_3': 0.9951880298362079, 'val_mae_target_3': 0.8337594644327221, 'val_r2_target_3': -10.353058513892991, 'val_rmse_target_4': 0.9706559515953295, 'val_mae_target_4': 0.8049868763095686, 'val_r2_target_4': -8.939642736666773, 'val_rmse_target_5': 1.1300745690128893, 'val_mae_target_5': 0.9116091770100582, 'val_r2_target_5': -29.104311628333466, 'val_rmse_target_6': 1.0946969935772628, 'val_mae_target_6': 0.7855347321784082, 'val_r2_target_6': -36.00731072301695, 'val_rmse_target_7': 0.9692197700757732, 'val_mae_target_7': 0.8061318803685361, 'val_r2_target_7': -12.281820341412018}",COMPLETE
18,1.068893115839025,2026-02-23 21:08:02.121791,2026-02-23 21:09:19.157630,0 days 00:01:17.035839,False,20.0,0.4,11,4,450,30,"{'val_rmse_mean': 1.0253258845921, 'val_mae_mean': 0.8189229454331037, 'val_r2_mean': -4.568957632063144, 'val_rmse_target_0': 0.9477117691859758, 'val_mae_target_0': 0.7346518251845404, 'val_r2_target_0': -1.6549398324781146, 'val_rmse_target_1': 0.7797668042636129, 'val_mae_target_1': 0.5894157652803281, 'val_r2_target_1': -1.7543115206912976, 'val_rmse_target_2': 1.0936997182154669, 'val_mae_target_2': 0.9111673144055971, 'val_r2_target_2': -4.695657994418033, 'val_rmse_target_3': 1.0241844732798329, 'val_mae_target_3': 0.8333637752817643, 'val_r2_target_3': -3.283147905547441, 'val_rmse_target_4': 1.1025906185005823, 'val_mae_target_4': 0.9498073545087977, 'val_r2_target_4': -4.565594521596329, 'val_rmse_target_5': 1.2696653130227584, 'val_mae_target_5': 1.0288391311536995, 'val_r2_target_5': -9.37186399045642, 'val_rmse_target_6': 1.0238999005682252, 'val_mae_target_6': 0.7538587394810612, 'val_r2_target_6': -7.232109224267621, 'val_rmse_target_7': 0.9610884797003457, 'val_mae_target_7': 0.7502796581690412, 'val_r2_target_7': -3.9940360670499}",COMPLETE
19,1.0039142528193135,2026-02-23 21:09:19.390042,2026-02-23 21:10:49.857004,0 days 00:01:30.466962,True,10.0,0.30000000000000004,7,5,450,45,"{'val_rmse_mean': 0.9995055225995696, 'val_mae_mean': 0.7961808802752204, 'val_r2_mean': -17.72033426415548, 'val_rmse_target_0': 0.9155264626656053, 'val_mae_target_0': 0.7007581261214298, 'val_r2_target_0': -5.942194801365199, 'val_rmse_target_1': 0.924073590662077, 'val_mae_target_1': 0.6913029456647756, 'val_r2_target_1': -8.055604672813265, 'val_rmse_target_2': 0.9642495858412848, 'val_mae_target_2': 0.7991260774202047, 'val_r2_target_2': -10.192168925019487, 'val_rmse_target_3': 0.9988194309936427, 'val_mae_target_3': 0.8357835155342213, 'val_r2_target_3': -11.323777809336908, 'val_rmse_target_4': 0.984930234556235, 'val_mae_target_4': 0.81812079615024, 'val_r2_target_4': -11.833514274645845, 'val_rmse_target_5': 1.1208474230692524, 'val_mae_target_5': 0.9096974827368571, 'val_r2_target_5': -36.855969531592976, 'val_rmse_target_6': 1.1002687299625575, 'val_mae_target_6': 0.7973184448904689, 'val_r2_target_6': -41.85873431618017, 'val_rmse_target_7': 0.9873287230459022, 'val_mae_target_7': 0.8173396536835651, 'val_r2_target_7': -15.700709782289987}",COMPLETE
20,0.9631551858198454,2026-02-23 21:10:50.090078,2026-02-23 21:12:22.651985,0 days 00:01:32.561907,True,20.0,0.4,1,2,450,60,"{'val_rmse_mean': 0.9767369193272805, 'val_mae_mean': 0.7831196454224416, 'val_r2_mean': -8.06315187743948, 'val_rmse_target_0': 0.8455535771256047, 'val_mae_target_0': 0.6887087064540635, 'val_r2_target_0': -2.2787779500056295, 'val_rmse_target_1': 0.8917516691235429, 'val_mae_target_1': 0.6582576806852802, 'val_r2_target_1': -2.8906587236696946, 'val_rmse_target_2': 0.9230308660749729, 'val_mae_target_2': 0.7696531892191204, 'val_r2_target_2': -3.750924551382149, 'val_rmse_target_3': 0.993881682953249, 'val_mae_target_3': 0.8152307423218723, 'val_r2_target_3': -6.960437873907946, 'val_rmse_target_4': 0.9768500076771073, 'val_mae_target_4': 0.8123279388255955, 'val_r2_target_4': -6.527610072893788, 'val_rmse_target_5': 1.1412470974177213, 'val_mae_target_5': 0.9265894993555216, 'val_r2_target_5': -27.37864364463823, 'val_rmse_target_6': 1.106132378209848, 'val_mae_target_6': 0.815065110462221, 'val_r2_target_6': -8.054843191464917, 'val_rmse_target_7': 0.9354480760361975, 'val_mae_target_7': 0.7791242960558584, 'val_r2_target_7': -6.663319011553488}",COMPLETE
21,0.9623560812742379,2026-02-23 21:12:22.884084,2026-02-23 21:13:55.691070,0 days 00:01:32.806986,True,20.0,0.4,1,2,450,65,"{'val_rmse_mean': 0.9764029414065166, 'val_mae_mean': 0.7804331923797114, 'val_r2_mean': -8.535410221884648, 'val_rmse_target_0': 0.857395199985355, 'val_mae_target_0': 0.6945803884718568, 'val_r2_target_0': -2.519790545744834, 'val_rmse_target_1': 0.8736219302139169, 'val_mae_target_1': 0.6382037026534477, 'val_r2_target_1': -2.702227871773274, 'val_rmse_target_2': 0.9057567998715474, 'val_mae_target_2': 0.7607838768791407, 'val_r2_target_2': -3.1045336555705525, 'val_rmse_target_3': 0.975496753669608, 'val_mae_target_3': 0.8025357805656761, 'val_r2_target_3': -6.336615487625997, 'val_rmse_target_4': 0.985540446116874, 'val_mae_target_4': 0.8179820589527901, 'val_r2_target_4': -7.438303940752299, 'val_rmse_target_5': 1.1317404344697282, 'val_mae_target_5': 0.9207827207333509, 'val_r2_target_5': -29.67516158237105, 'val_rmse_target_6': 1.1105212633461286, 'val_mae_target_6': 0.8144796505483075, 'val_r2_target_6': -9.303404110626543, 'val_rmse_target_7': 0.971150703578975, 'val_mae_target_7': 0.7941173602331222, 'val_r2_target_7': -7.203244580612633}",COMPLETE
22,0.9575750939350118,2026-02-23 21:13:55.923353,2026-02-23 21:15:33.709189,0 days 00:01:37.785836,True,20.0,0.5,1,2,500,65,"{'val_rmse_mean': 0.9739752466401816, 'val_mae_mean': 0.7802624459038682, 'val_r2_mean': -7.7554749067458655, 'val_rmse_target_0': 0.857248222988318, 'val_mae_target_0': 0.705120335037373, 'val_r2_target_0': -2.5095442393311385, 'val_rmse_target_1': 0.8705042010300611, 'val_mae_target_1': 0.6351063341751695, 'val_r2_target_1': -2.7011923135404725, 'val_rmse_target_2': 0.9003747542238805, 'val_mae_target_2': 0.7507673428997399, 'val_r2_target_2': -3.0536717773401962, 'val_rmse_target_3': 0.9869192269865665, 'val_mae_target_3': 0.8107131208591583, 'val_r2_target_3': -6.73198291805898, 'val_rmse_target_4': 0.9877142266609176, 'val_mae_target_4': 0.8255688187642211, 'val_r2_target_4': -6.911853549660774, 'val_rmse_target_5': 1.1298026215637693, 'val_mae_target_5': 0.9317433526827397, 'val_r2_target_5': -25.762384310710058, 'val_rmse_target_6': 1.1037779853688214, 'val_mae_target_6': 0.8043202033427729, 'val_r2_target_6': -8.593543819449136, 'val_rmse_target_7': 0.9554607342991188, 'val_mae_target_7': 0.7787600594697706, 'val_r2_target_7': -5.77962632587616}",COMPLETE
23,0.948621409312634,2026-02-23 21:15:33.942650,2026-02-23 21:17:11.947262,0 days 00:01:38.004612,True,20.0,0.5,1,2,500,60,"{'val_rmse_mean': 0.9695372340962141, 'val_mae_mean': 0.7768525572203042, 'val_r2_mean': -7.651781761562587, 'val_rmse_target_0': 0.8488223377561656, 'val_mae_target_0': 0.691981888306141, 'val_r2_target_0': -2.2199395918895526, 'val_rmse_target_1': 0.8875136293344977, 'val_mae_target_1': 0.6601300001990422, 'val_r2_target_1': -2.7213094229764234, 'val_rmse_target_2': 0.9171027726807242, 'val_mae_target_2': 0.7589319139129671, 'val_r2_target_2': -3.573606356900788, 'val_rmse_target_3': 0.9759087592986913, 'val_mae_target_3': 0.7996175521725694, 'val_r2_target_3': -6.17900382030103, 'val_rmse_target_4': 0.9653118332705038, 'val_mae_target_4': 0.798885657306742, 'val_r2_target_4': -6.153853936110499, 'val_rmse_target_5': 1.1329571468479271, 'val_mae_target_5': 0.9269267076525094, 'val_r2_target_5': -26.12492296483803, 'val_rmse_target_6': 1.0983738410284927, 'val_mae_target_6': 0.8121966412113423, 'val_r2_target_6': -8.060100511206807, 'val_rmse_target_7': 0.9303075525527105, 'val_mae_target_7': 0.7661500970011204, 'val_r2_target_7': -6.18151748827758}",COMPLETE
24,0.9575750939350118,2026-02-23 21:17:12.180641,2026-02-23 21:18:50.752019,0 days 00:01:38.571378,True,20.0,0.5,1,2,500,65,"{'val_rmse_mean': 0.9739752466401816, 'val_mae_mean': 0.7802624459038682, 'val_r2_mean': -7.7554749067458655, 'val_rmse_target_0': 0.857248222988318, 'val_mae_target_0': 0.705120335037373, 'val_r2_target_0': -2.5095442393311385, 'val_rmse_target_1': 0.8705042010300611, 'val_mae_target_1': 0.6351063341751695, 'val_r2_target_1': -2.7011923135404725, 'val_rmse_target_2': 0.9003747542238805, 'val_mae_target_2': 0.7507673428997399, 'val_r2_target_2': -3.0536717773401962, 'val_rmse_target_3': 0.9869192269865665, 'val_mae_target_3': 0.8107131208591583, 'val_r2_target_3': -6.73198291805898, 'val_rmse_target_4': 0.9877142266609176, 'val_mae_target_4': 0.8255688187642211, 'val_r2_target_4': -6.911853549660774, 'val_rmse_target_5': 1.1298026215637693, 'val_mae_target_5': 0.9317433526827397, 'val_r2_target_5': -25.762384310710058, 'val_rmse_target_6': 1.1037779853688214, 'val_mae_target_6': 0.8043202033427729, 'val_r2_target_6': -8.593543819449136, 'val_rmse_target_7': 0.9554607342991188, 'val_mae_target_7': 0.7787600594697706, 'val_r2_target_7': -5.77962632587616}",COMPLETE
25,0.9678992598958311,2026-02-23 21:18:50.984308,2026-02-23 21:20:28.805828,0 days 00:01:37.821520,True,20.0,0.5,3,3,500,65,"{'val_rmse_mean': 0.9791161986917889, 'val_mae_mean': 0.7835567048728785, 'val_r2_mean': -8.756720060281012, 'val_rmse_target_0': 0.856961911017817, 'val_mae_target_0': 0.6979169716601413, 'val_r2_target_0': -2.815923573687492, 'val_rmse_target_1': 0.8725036903791746, 'val_mae_target_1': 0.6435446390668526, 'val_r2_target_1': -2.8471412178535647, 'val_rmse_target_2': 0.9181332341187826, 'val_mae_target_2': 0.768882284639522, 'val_r2_target_2': -3.7132200566524807, 'val_rmse_target_3': 0.9862229457219087, 'val_mae_target_3': 0.812358030967614, 'val_r2_target_3': -6.736729014734263, 'val_rmse_target_4': 0.9909706474736263, 'val_mae_target_4': 0.8280117415449019, 'val_r2_target_4': -7.413064988326806, 'val_rmse_target_5': 1.1464364802057332, 'val_mae_target_5': 0.9425257648080748, 'val_r2_target_5': -28.984406822444175, 'val_rmse_target_6': 1.102610575517919, 'val_mae_target_6': 0.7923306932126775, 'val_r2_target_6': -11.691020297542156, 'val_rmse_target_7': 0.9590901050993499, 'val_mae_target_7': 0.7828835130832436, 'val_r2_target_7': -5.852254511007157}",COMPLETE
26,1.2924224719052884,2026-02-23 21:20:29.037172,2026-02-23 21:21:52.307951,0 days 00:01:23.270779,False,20.0,0.7000000000000001,1,4,500,55,"{'val_rmse_mean': 1.10858628091114, 'val_mae_mean': 0.8828663644709005, 'val_r2_mean': -1.5088351713923869, 'val_rmse_target_0': 0.9012009915182972, 'val_mae_target_0': 0.7806029362516727, 'val_r2_target_0': -0.13647040467215565, 'val_rmse_target_1': 0.7718458665396688, 'val_mae_target_1': 0.6075855753531743, 'val_r2_target_1': -0.3610297837296832, 'val_rmse_target_2': 1.1318379633705848, 'val_mae_target_2': 0.9865155410328819, 'val_r2_target_2': -2.7169012215965487, 'val_rmse_target_3': 0.8398647464461724, 'val_mae_target_3': 0.6828097492593903, 'val_r2_target_3': -0.9392416357370341, 'val_rmse_target_4': 1.1990222137486461, 'val_mae_target_4': 0.9265565062767641, 'val_r2_target_4': -1.270221259239725, 'val_rmse_target_5': 1.4907059141298802, 'val_mae_target_5': 1.217153710114236, 'val_r2_target_5': -3.5587827978363, 'val_rmse_target_6': 1.4595452519641894, 'val_mae_target_6': 1.0907847318408828, 'val_r2_target_6': -1.8054365059570578, 'val_rmse_target_7': 1.0746672995716822, 'val_mae_target_7': 0.7709221656382023, 'val_r2_target_7': -1.2825977623705893}",COMPLETE
27,0.9678992598958311,2026-02-23 21:21:52.539132,2026-02-23 21:23:30.444183,0 days 00:01:37.905051,True,20.0,0.5,3,6,500,65,"{'val_rmse_mean': 0.9791161986917889, 'val_mae_mean': 0.7835567048728785, 'val_r2_mean': -8.756720060281012, 'val_rmse_target_0': 0.8569619110178169, 'val_mae_target_0': 0.6979169716601413, 'val_r2_target_0': -2.8159235736874924, 'val_rmse_target_1': 0.8725036903791746, 'val_mae_target_1': 0.6435446390668526, 'val_r2_target_1': -2.8471412178535647, 'val_rmse_target_2': 0.9181332341187826, 'val_mae_target_2': 0.768882284639522, 'val_r2_target_2': -3.7132200566524833, 'val_rmse_target_3': 0.9862229457219087, 'val_mae_target_3': 0.812358030967614, 'val_r2_target_3': -6.736729014734263, 'val_rmse_target_4': 0.9909706474736263, 'val_mae_target_4': 0.8280117415449019, 'val_r2_target_4': -7.413064988326806, 'val_rmse_target_5': 1.1464364802057332, 'val_mae_target_5': 0.9425257648080748, 'val_r2_target_5': -28.984406822444175, 'val_rmse_target_6': 1.102610575517919, 'val_mae_target_6': 0.7923306932126775, 'val_r2_target_6': -11.691020297542153, 'val_rmse_target_7': 0.9590901050993499, 'val_mae_target_7': 0.7828835130832436, 'val_r2_target_7': -5.852254511007156}",COMPLETE
28,0.9562566262425243,2026-02-23 21:23:30.673930,2026-02-23 21:24:52.411786,0 days 00:01:21.737856,True,20.0,0.7000000000000001,3,3,350,55,"{'val_rmse_mean': 0.9727199579080796, 'val_mae_mean': 0.7736129430547607, 'val_r2_mean': -8.946019792108402, 'val_rmse_target_0': 0.8435227853519134, 'val_mae_target_0': 0.6899615508963411, 'val_r2_target_0': -2.335593630339752, 'val_rmse_target_1': 0.8696226957590069, 'val_mae_target_1': 0.6294670631425702, 'val_r2_target_1': -2.8818048399360077, 'val_rmse_target_2': 0.9080228619674713, 'val_mae_target_2': 0.7536848149926881, 'val_r2_target_2': -3.6589150831917614, 'val_rmse_target_3': 0.9890472219259027, 'val_mae_target_3': 0.8218712689296271, 'val_r2_target_3': -7.211355588157657, 'val_rmse_target_4': 0.9835947487893636, 'val_mae_target_4': 0.8099112845685695, 'val_r2_target_4': -7.563793159499534, 'val_rmse_target_5': 1.1415325578621045, 'val_mae_target_5': 0.9138597581252573, 'val_r2_target_5': -30.330939648664256, 'val_rmse_target_6': 1.110078153210704, 'val_mae_target_6': 0.7955086839101614, 'val_r2_target_6': -11.459002030162528, 'val_rmse_target_7': 0.936338638398171, 'val_mae_target_7': 0.7746391198728712, 'val_r2_target_7': -6.126754356915723}",COMPLETE
29,0.9572739776366314,2026-02-23 21:24:52.644988,2026-02-23 21:26:15.079066,0 days 00:01:22.434078,True,5.0,0.7000000000000001,3,7,350,55,"{'val_rmse_mean': 0.9733567905257341, 'val_mae_mean': 0.7739459919519158, 'val_r2_mean': -8.993271868311108, 'val_rmse_target_0': 0.8439808373643102, 'val_mae_target_0': 0.6879804031102301, 'val_r2_target_0': -2.3608736756928774, 'val_rmse_target_1': 0.8681440350729246, 'val_mae_target_1': 0.627121111768482, 'val_r2_target_1': -2.903668506409266, 'val_rmse_target_2': 0.912607981101314, 'val_mae_target_2': 0.7590263355065765, 'val_r2_target_2': -3.877337620205517, 'val_rmse_target_3': 0.9934887703280939, 'val_mae_target_3': 0.8280834272145079, 'val_r2_target_3': -7.916003673998846, 'val_rmse_target_4': 0.9846160145235505, 'val_mae_target_4': 0.8100872685631674, 'val_r2_target_4': -7.746071971757452, 'val_rmse_target_5': 1.137643145948541, 'val_mae_target_5': 0.9090455933456986, 'val_r2_target_5': -29.488117738682416, 'val_rmse_target_6': 1.1092619747553665, 'val_mae_target_6': 0.7946999940257342, 'val_r2_target_6': -11.346397540787644, 'val_rmse_target_7': 0.9371115651117728, 'val_mae_target_7': 0.7755238020809309, 'val_r2_target_7': -6.307704218954858}",COMPLETE
