number,value,datetime_start,datetime_complete,duration,params_aggregation,params_lr,params_weight_decay,user_attrs_val_metrics,state
0,0.3896649856534269,2026-02-02 11:46:52.677056,2026-02-02 11:47:18.074413,0 days 00:00:25.397357,mean,0.00014640029229261837,2.8365355022759444e-06,"{'val_rmse_mean': 0.9859371185302734, 'val_mae_mean': 0.7470180988311768, 'val_r2_mean': -18.101119995117188, 'val_rmse_target_0': 0.9700537323951721, 'val_mae_target_0': 0.6576332449913025, 'val_r2_target_0': -14.093337059020996, 'val_rmse_target_1': 0.9640679359436035, 'val_mae_target_1': 0.7351496815681458, 'val_r2_target_1': -19.806413650512695, 'val_rmse_target_2': 0.980891764163971, 'val_mae_target_2': 0.8708156943321228, 'val_r2_target_2': -11.586647033691406, 'val_rmse_target_3': 1.0287352800369263, 'val_mae_target_3': 0.7244738340377808, 'val_r2_target_3': -26.91807746887207}",COMPLETE
1,0.38967754498676016,2026-02-02 11:47:18.149515,2026-02-02 11:47:42.503111,0 days 00:00:24.353596,mean,0.00039490558566656074,1.911732969682258e-06,"{'val_rmse_mean': 0.9929146766662598, 'val_mae_mean': 0.7478158473968506, 'val_r2_mean': -11.73603343963623, 'val_rmse_target_0': 0.9215633273124695, 'val_mae_target_0': 0.6253727078437805, 'val_r2_target_0': -8.152533531188965, 'val_rmse_target_1': 1.0287835597991943, 'val_mae_target_1': 0.7767135500907898, 'val_r2_target_1': -12.186592102050781, 'val_rmse_target_2': 0.9311825633049011, 'val_mae_target_2': 0.7971673011779785, 'val_r2_target_2': -8.748883247375488, 'val_rmse_target_3': 1.0901292562484741, 'val_mae_target_3': 0.7920097708702087, 'val_r2_target_3': -17.856124877929688}",COMPLETE
2,0.4744019465589965,2026-02-02 11:47:42.577352,2026-02-02 11:48:06.833383,0 days 00:00:24.256031,mean,0.004774818152996621,5.6354733041765354e-06,"{'val_rmse_mean': 1.0953618288040161, 'val_mae_mean': 0.8421927094459534, 'val_r2_mean': -1.5103771686553955, 'val_rmse_target_0': 0.9298771619796753, 'val_mae_target_0': 0.6636655330657959, 'val_r2_target_0': -0.6983386278152466, 'val_rmse_target_1': 1.2452783584594727, 'val_mae_target_1': 0.9585896134376526, 'val_r2_target_1': -1.3196794986724854, 'val_rmse_target_2': 1.1235477924346924, 'val_mae_target_2': 0.9191376566886902, 'val_r2_target_2': -1.212585210800171, 'val_rmse_target_3': 1.0827440023422241, 'val_mae_target_3': 0.8273780345916748, 'val_r2_target_3': -2.810906171798706}",COMPLETE
3,0.49962490521095415,2026-02-02 11:48:06.908743,2026-02-02 11:48:34.734255,0 days 00:00:27.825512,attention,0.005784821520318717,0.0063856660172705824,"{'val_rmse_mean': 1.1213929653167725, 'val_mae_mean': 0.8775967359542847, 'val_r2_mean': -1.505074143409729, 'val_rmse_target_0': 0.9905741810798645, 'val_mae_target_0': 0.7380080223083496, 'val_r2_target_0': -0.6958895921707153, 'val_rmse_target_1': 1.211669921875, 'val_mae_target_1': 0.9209677577018738, 'val_r2_target_1': -0.8567110300064087, 'val_rmse_target_2': 1.015743613243103, 'val_mae_target_2': 0.8320713043212891, 'val_r2_target_2': -1.5878715515136719, 'val_rmse_target_3': 1.2675840854644775, 'val_mae_target_3': 1.019339919090271, 'val_r2_target_3': -2.879823923110962}",COMPLETE
4,0.5027921484024437,2026-02-02 11:48:34.810152,2026-02-02 11:48:59.249324,0 days 00:00:24.439172,mean,0.007363898434931483,0.007908457516940198,"{'val_rmse_mean': 1.1319674253463745, 'val_mae_mean': 0.8772752285003662, 'val_r2_mean': -1.1172804832458496, 'val_rmse_target_0': 0.9514036774635315, 'val_mae_target_0': 0.7079609036445618, 'val_r2_target_0': -0.5684500932693481, 'val_rmse_target_1': 1.261913776397705, 'val_mae_target_1': 0.9824804663658142, 'val_r2_target_1': -1.0250978469848633, 'val_rmse_target_2': 1.1903847455978394, 'val_mae_target_2': 0.9498734474182129, 'val_r2_target_2': -0.7410917282104492, 'val_rmse_target_3': 1.1241673231124878, 'val_mae_target_3': 0.8687862157821655, 'val_r2_target_3': -2.1344823837280273}",COMPLETE
5,0.48986427596321813,2026-02-02 11:48:59.325727,2026-02-02 11:49:23.098807,0 days 00:00:23.773080,mean,0.008710548317219886,0.0003500640630344735,"{'val_rmse_mean': 1.1183366775512695, 'val_mae_mean': 0.8660171627998352, 'val_r2_mean': -1.0601134300231934, 'val_rmse_target_0': 0.9506162405014038, 'val_mae_target_0': 0.6894190907478333, 'val_r2_target_0': -0.655150294303894, 'val_rmse_target_1': 1.1884913444519043, 'val_mae_target_1': 0.950631320476532, 'val_r2_target_1': -1.0256567001342773, 'val_rmse_target_2': 1.1897162199020386, 'val_mae_target_2': 0.9550906419754028, 'val_r2_target_2': -0.6196743249893188, 'val_rmse_target_3': 1.1445225477218628, 'val_mae_target_3': 0.8689276576042175, 'val_r2_target_3': -1.939972162246704}",COMPLETE
6,0.4289575656531034,2026-02-02 11:49:23.173458,2026-02-02 11:49:47.042014,0 days 00:00:23.868556,mean,0.002381199207583493,0.0013741980170535835,"{'val_rmse_mean': 1.0275481939315796, 'val_mae_mean': 0.783778190612793, 'val_r2_mean': -2.0350093841552734, 'val_rmse_target_0': 0.9139642119407654, 'val_mae_target_0': 0.6395186185836792, 'val_r2_target_0': -0.9535503387451172, 'val_rmse_target_1': 1.134316086769104, 'val_mae_target_1': 0.839810848236084, 'val_r2_target_1': -1.7033522129058838, 'val_rmse_target_2': 0.983798086643219, 'val_mae_target_2': 0.812436580657959, 'val_r2_target_2': -1.9900527000427246, 'val_rmse_target_3': 1.078114628791809, 'val_mae_target_3': 0.8433464765548706, 'val_r2_target_3': -3.4930834770202637}",COMPLETE
7,0.41571634345584446,2026-02-02 11:49:47.118669,2026-02-02 11:50:11.702399,0 days 00:00:24.583730,mean,0.001768900220639385,1.2623673113435602e-06,"{'val_rmse_mean': 1.0066078901290894, 'val_mae_mean': 0.7824478149414062, 'val_r2_mean': -2.6537327766418457, 'val_rmse_target_0': 0.887130081653595, 'val_mae_target_0': 0.6342636346817017, 'val_r2_target_0': -1.2262804508209229, 'val_rmse_target_1': 1.0860508680343628, 'val_mae_target_1': 0.8162705898284912, 'val_r2_target_1': -2.106539726257324, 'val_rmse_target_2': 0.9660020470619202, 'val_mae_target_2': 0.8285941481590271, 'val_r2_target_2': -2.863536834716797, 'val_rmse_target_3': 1.087248682975769, 'val_mae_target_3': 0.8506629467010498, 'val_r2_target_3': -4.418574810028076}",COMPLETE
8,0.42121839468125943,2026-02-02 11:50:11.777550,2026-02-02 11:50:38.651872,0 days 00:00:26.874322,attention,0.0017788305954025583,0.0001848526235866408,"{'val_rmse_mean': 1.0261245965957642, 'val_mae_mean': 0.7879295945167542, 'val_r2_mean': -2.7637317180633545, 'val_rmse_target_0': 0.9628697037696838, 'val_mae_target_0': 0.6843509078025818, 'val_r2_target_0': -1.338761329650879, 'val_rmse_target_1': 1.0489377975463867, 'val_mae_target_1': 0.8298906683921814, 'val_r2_target_1': -2.7426347732543945, 'val_rmse_target_2': 0.996285080909729, 'val_mae_target_2': 0.800783097743988, 'val_r2_target_2': -2.199636220932007, 'val_rmse_target_3': 1.0964058637619019, 'val_mae_target_3': 0.8366937041282654, 'val_r2_target_3': -4.773895740509033}",COMPLETE
9,0.37744442842624804,2026-02-02 11:50:38.726797,2026-02-02 11:51:03.006584,0 days 00:00:24.279787,mean,0.0002830957142983794,0.0021881580019031495,"{'val_rmse_mean': 0.9676316380500793, 'val_mae_mean': 0.7142706513404846, 'val_r2_mean': -18.745643615722656, 'val_rmse_target_0': 0.8898708820343018, 'val_mae_target_0': 0.5868086814880371, 'val_r2_target_0': -7.778507232666016, 'val_rmse_target_1': 0.9808818101882935, 'val_mae_target_1': 0.7385147213935852, 'val_r2_target_1': -21.00895118713379, 'val_rmse_target_2': 0.9907783269882202, 'val_mae_target_2': 0.8439429998397827, 'val_r2_target_2': -22.942537307739258, 'val_rmse_target_3': 1.008995532989502, 'val_mae_target_3': 0.6878163814544678, 'val_r2_target_3': -23.252580642700195}",COMPLETE
10,0.3837772238033789,2026-02-02 11:51:03.082534,2026-02-02 11:51:30.858428,0 days 00:00:27.775894,attention,0.00041082175162502526,2.4442356742095223e-05,"{'val_rmse_mean': 0.9855542182922363, 'val_mae_mean': 0.7316758036613464, 'val_r2_mean': -8.605772972106934, 'val_rmse_target_0': 0.903166651725769, 'val_mae_target_0': 0.5982374548912048, 'val_r2_target_0': -5.500380992889404, 'val_rmse_target_1': 1.054389238357544, 'val_mae_target_1': 0.7867682576179504, 'val_r2_target_1': -8.69955062866211, 'val_rmse_target_2': 0.9429383873939514, 'val_mae_target_2': 0.7945979237556458, 'val_r2_target_2': -8.978006362915039, 'val_rmse_target_3': 1.0417226552963257, 'val_mae_target_3': 0.7470995783805847, 'val_r2_target_3': -11.245152473449707}",COMPLETE
11,0.38113681130387167,2026-02-02 11:51:30.933881,2026-02-02 11:51:58.511354,0 days 00:00:27.577473,attention,0.0004365255651830054,2.498102600163475e-05,"{'val_rmse_mean': 0.9865871667861938, 'val_mae_mean': 0.7242834568023682, 'val_r2_mean': -8.558135032653809, 'val_rmse_target_0': 0.9459059834480286, 'val_mae_target_0': 0.6315691471099854, 'val_r2_target_0': -5.917399883270264, 'val_rmse_target_1': 0.9798929691314697, 'val_mae_target_1': 0.7090064287185669, 'val_r2_target_1': -9.340372085571289, 'val_rmse_target_2': 0.9785095453262329, 'val_mae_target_2': 0.8388134241104126, 'val_r2_target_2': -5.855527877807617, 'val_rmse_target_3': 1.0420403480529785, 'val_mae_target_3': 0.7177449464797974, 'val_r2_target_3': -13.119241714477539}",COMPLETE
12,0.4019538824343019,2026-02-02 11:51:58.588787,2026-02-02 11:52:26.535914,0 days 00:00:27.947127,attention,0.0004046253863723259,3.223916261643828e-05,"{'val_rmse_mean': 1.0195839405059814, 'val_mae_mean': 0.7539977431297302, 'val_r2_mean': -13.150397300720215, 'val_rmse_target_0': 1.00653874874115, 'val_mae_target_0': 0.69746994972229, 'val_r2_target_0': -12.437471389770508, 'val_rmse_target_1': 0.9392728209495544, 'val_mae_target_1': 0.6819320321083069, 'val_r2_target_1': -7.714048385620117, 'val_rmse_target_2': 1.0334926843643188, 'val_mae_target_2': 0.8972072005271912, 'val_r2_target_2': -10.409464836120605, 'val_rmse_target_3': 1.0990314483642578, 'val_mae_target_3': 0.739381730556488, 'val_r2_target_3': -22.040599822998047}",COMPLETE
13,0.3891947588158978,2026-02-02 11:52:26.622085,2026-02-02 11:52:55.195017,0 days 00:00:28.572932,attention,0.00010690153303937838,0.0009144664939161809,"{'val_rmse_mean': 1.0059014558792114, 'val_mae_mean': 0.7349109649658203, 'val_r2_mean': -20.525686264038086, 'val_rmse_target_0': 0.952556312084198, 'val_mae_target_0': 0.5947162508964539, 'val_r2_target_0': -14.745115280151367, 'val_rmse_target_1': 0.946814239025116, 'val_mae_target_1': 0.6720568537712097, 'val_r2_target_1': -12.688759803771973, 'val_rmse_target_2': 0.9852474927902222, 'val_mae_target_2': 0.8696713447570801, 'val_r2_target_2': -31.980926513671875, 'val_rmse_target_3': 1.1389877796173096, 'val_mae_target_3': 0.8031994104385376, 'val_r2_target_3': -22.68794822692871}",COMPLETE
14,0.4154742291128194,2026-02-02 11:52:55.270827,2026-02-02 11:53:22.653571,0 days 00:00:27.382744,attention,0.0008026052184624266,3.453964406591274e-05,"{'val_rmse_mean': 1.0184917449951172, 'val_mae_mean': 0.7494586110115051, 'val_r2_mean': -5.18602991104126, 'val_rmse_target_0': 0.9449555277824402, 'val_mae_target_0': 0.6329724192619324, 'val_r2_target_0': -1.8828506469726562, 'val_rmse_target_1': 1.038754940032959, 'val_mae_target_1': 0.7670386433601379, 'val_r2_target_1': -5.018467426300049, 'val_rmse_target_2': 0.9792039394378662, 'val_mae_target_2': 0.8114795088768005, 'val_r2_target_2': -3.676872730255127, 'val_rmse_target_3': 1.1110526323318481, 'val_mae_target_3': 0.7863438129425049, 'val_r2_target_3': -10.165926933288574}",COMPLETE
15,0.4021365314860035,2026-02-02 11:53:22.729543,2026-02-02 11:53:49.981518,0 days 00:00:27.251975,attention,0.0002211176721045016,8.599163373061643e-06,"{'val_rmse_mean': 1.0095481872558594, 'val_mae_mean': 0.7630398869514465, 'val_r2_mean': -21.508602142333984, 'val_rmse_target_0': 0.9517778158187866, 'val_mae_target_0': 0.6443881988525391, 'val_r2_target_0': -31.68518829345703, 'val_rmse_target_1': 1.0508646965026855, 'val_mae_target_1': 0.7663602232933044, 'val_r2_target_1': -18.152849197387695, 'val_rmse_target_2': 0.9564062356948853, 'val_mae_target_2': 0.8442375063896179, 'val_r2_target_2': -13.067214012145996, 'val_rmse_target_3': 1.079143762588501, 'val_mae_target_3': 0.7971735596656799, 'val_r2_target_3': -23.129148483276367}",COMPLETE
16,0.4025104356308778,2026-02-02 11:53:50.056425,2026-02-02 11:54:17.407728,0 days 00:00:27.351303,attention,0.0005993466176256939,8.112652931392138e-05,"{'val_rmse_mean': 0.9930154085159302, 'val_mae_mean': 0.7494343519210815, 'val_r2_mean': -6.946221351623535, 'val_rmse_target_0': 0.8930622935295105, 'val_mae_target_0': 0.6184412837028503, 'val_r2_target_0': -3.6077818870544434, 'val_rmse_target_1': 0.9888821840286255, 'val_mae_target_1': 0.716465413570404, 'val_r2_target_1': -5.705789089202881, 'val_rmse_target_2': 0.9270593523979187, 'val_mae_target_2': 0.8003641963005066, 'val_r2_target_2': -6.929176330566406, 'val_rmse_target_3': 1.1630579233169556, 'val_mae_target_3': 0.8624665141105652, 'val_r2_target_3': -11.542137145996094}",COMPLETE
17,0.3873624266297729,2026-02-02 11:54:17.483416,2026-02-02 11:54:41.964437,0 days 00:00:24.481021,mean,0.0002010956828479199,0.002295795477456079,"{'val_rmse_mean': 1.0056390762329102, 'val_mae_mean': 0.7297196388244629, 'val_r2_mean': -30.444252014160156, 'val_rmse_target_0': 0.9576976299285889, 'val_mae_target_0': 0.5956897139549255, 'val_r2_target_0': -23.711820602416992, 'val_rmse_target_1': 1.0153775215148926, 'val_mae_target_1': 0.7247548699378967, 'val_r2_target_1': -46.07695007324219, 'val_rmse_target_2': 0.9554405808448792, 'val_mae_target_2': 0.832256555557251, 'val_r2_target_2': -12.82992172241211, 'val_rmse_target_3': 1.0940407514572144, 'val_mae_target_3': 0.7661773562431335, 'val_r2_target_3': -39.1583137512207}",COMPLETE
18,0.38841503475689226,2026-02-02 11:54:42.040351,2026-02-02 11:55:06.501671,0 days 00:00:24.461320,mean,0.00026327737104602487,0.0004511578190050781,"{'val_rmse_mean': 0.9964076280593872, 'val_mae_mean': 0.7329099774360657, 'val_r2_mean': -16.359535217285156, 'val_rmse_target_0': 0.9704803228378296, 'val_mae_target_0': 0.6283978819847107, 'val_r2_target_0': -15.965856552124023, 'val_rmse_target_1': 1.0072599649429321, 'val_mae_target_1': 0.7509344816207886, 'val_r2_target_1': -16.144006729125977, 'val_rmse_target_2': 0.9774709343910217, 'val_mae_target_2': 0.8388484120368958, 'val_r2_target_2': -15.184343338012695, 'val_rmse_target_3': 1.0304194688796997, 'val_mae_target_3': 0.713459312915802, 'val_r2_target_3': -18.1439266204834}",COMPLETE
19,0.4397416300036841,2026-02-02 11:55:06.577761,2026-02-02 11:55:33.966186,0 days 00:00:27.388425,attention,0.0010907843898356076,8.846651346145626e-05,"{'val_rmse_mean': 1.0450210571289062, 'val_mae_mean': 0.8083297610282898, 'val_r2_mean': -2.9407124519348145, 'val_rmse_target_0': 0.9334152936935425, 'val_mae_target_0': 0.6344225406646729, 'val_r2_target_0': -2.4468512535095215, 'val_rmse_target_1': 0.9441180229187012, 'val_mae_target_1': 0.7166092991828918, 'val_r2_target_1': -1.6909756660461426, 'val_rmse_target_2': 1.0956915616989136, 'val_mae_target_2': 0.9543861746788025, 'val_r2_target_2': -2.9662559032440186, 'val_rmse_target_3': 1.2068591117858887, 'val_mae_target_3': 0.9279010891914368, 'val_r2_target_3': -4.658766746520996}",COMPLETE
20,0.3776146714334135,2026-02-02 11:55:34.046132,2026-02-02 11:55:58.522519,0 days 00:00:24.476387,mean,0.0007296448089819746,1.388974412889851e-05,"{'val_rmse_mean': 0.9596086144447327, 'val_mae_mean': 0.7277654409408569, 'val_r2_mean': -7.171570301055908, 'val_rmse_target_0': 0.8698567748069763, 'val_mae_target_0': 0.5998756289482117, 'val_r2_target_0': -3.2751541137695312, 'val_rmse_target_1': 0.9672211408615112, 'val_mae_target_1': 0.7206471562385559, 'val_r2_target_1': -4.711376190185547, 'val_rmse_target_2': 0.924089789390564, 'val_mae_target_2': 0.8296252489089966, 'val_r2_target_2': -6.9759039878845215, 'val_rmse_target_3': 1.0772669315338135, 'val_mae_target_3': 0.7609139084815979, 'val_r2_target_3': -13.72385025024414}",COMPLETE
21,0.40041036034623784,2026-02-02 11:55:58.598384,2026-02-02 11:56:22.217954,0 days 00:00:23.619570,mean,0.0007128404698984836,1.1395868038838327e-05,"{'val_rmse_mean': 0.9804462194442749, 'val_mae_mean': 0.7676517367362976, 'val_r2_mean': -6.77067756652832, 'val_rmse_target_0': 0.9071488976478577, 'val_mae_target_0': 0.6649432182312012, 'val_r2_target_0': -4.264580249786377, 'val_rmse_target_1': 1.0004876852035522, 'val_mae_target_1': 0.7861467003822327, 'val_r2_target_1': -4.317823886871338, 'val_rmse_target_2': 0.9360806345939636, 'val_mae_target_2': 0.8489739298820496, 'val_r2_target_2': -5.661853313446045, 'val_rmse_target_3': 1.0780675411224365, 'val_mae_target_3': 0.7705431580543518, 'val_r2_target_3': -12.83845329284668}",COMPLETE
22,0.3995063787119256,2026-02-02 11:56:22.294583,2026-02-02 11:56:45.151540,0 days 00:00:22.856957,mean,0.0012130855904578584,1.8406601261189298e-05,"{'val_rmse_mean': 0.9843780994415283, 'val_mae_mean': 0.7405962347984314, 'val_r2_mean': -3.6759815216064453, 'val_rmse_target_0': 0.8577530384063721, 'val_mae_target_0': 0.5706114768981934, 'val_r2_target_0': -1.727062702178955, 'val_rmse_target_1': 1.0755648612976074, 'val_mae_target_1': 0.802931547164917, 'val_r2_target_1': -2.5431199073791504, 'val_rmse_target_2': 0.9579949975013733, 'val_mae_target_2': 0.8404359221458435, 'val_r2_target_2': -2.589691162109375, 'val_rmse_target_3': 1.0461996793746948, 'val_mae_target_3': 0.7484058737754822, 'val_r2_target_3': -7.844052314758301}",COMPLETE
23,0.3658961631633617,2026-02-02 11:56:45.227520,2026-02-02 11:57:08.924761,0 days 00:00:23.697241,mean,0.0005233682093906982,4.566140170804055e-06,"{'val_rmse_mean': 0.9348792433738708, 'val_mae_mean': 0.7057219743728638, 'val_r2_mean': -7.956260681152344, 'val_rmse_target_0': 0.8149952292442322, 'val_mae_target_0': 0.5132874846458435, 'val_r2_target_0': -3.9634084701538086, 'val_rmse_target_1': 0.9682512879371643, 'val_mae_target_1': 0.7612107396125793, 'val_r2_target_1': -7.475808143615723, 'val_rmse_target_2': 0.9538215398788452, 'val_mae_target_2': 0.8310402035713196, 'val_r2_target_2': -6.486233234405518, 'val_rmse_target_3': 1.0024487972259521, 'val_mae_target_3': 0.7173494696617126, 'val_r2_target_3': -13.899593353271484}",COMPLETE
24,0.364293416755067,2026-02-02 11:57:08.999900,2026-02-02 11:57:33.413237,0 days 00:00:24.413337,mean,0.0005850787857332568,6.655381031563797e-06,"{'val_rmse_mean': 0.9445868730545044, 'val_mae_mean': 0.7107959389686584, 'val_r2_mean': -8.848636627197266, 'val_rmse_target_0': 0.8817337155342102, 'val_mae_target_0': 0.5979435443878174, 'val_r2_target_0': -5.937745571136475, 'val_rmse_target_1': 0.9488540887832642, 'val_mae_target_1': 0.69901442527771, 'val_r2_target_1': -5.857329845428467, 'val_rmse_target_2': 0.9161784052848816, 'val_mae_target_2': 0.813063383102417, 'val_r2_target_2': -7.309074401855469, 'val_rmse_target_3': 1.0315812826156616, 'val_mae_target_3': 0.7331623435020447, 'val_r2_target_3': -16.290395736694336}",COMPLETE
25,0.3501072692926283,2026-02-02 11:57:33.489572,2026-02-02 11:57:58.209217,0 days 00:00:24.719645,mean,0.00031479885020985286,4.43349621115151e-06,"{'val_rmse_mean': 0.9360661506652832, 'val_mae_mean': 0.692413866519928, 'val_r2_mean': -12.308223724365234, 'val_rmse_target_0': 0.9136247634887695, 'val_mae_target_0': 0.6113424897193909, 'val_r2_target_0': -14.053558349609375, 'val_rmse_target_1': 0.9899708032608032, 'val_mae_target_1': 0.7390176057815552, 'val_r2_target_1': -12.270099639892578, 'val_rmse_target_2': 0.912905216217041, 'val_mae_target_2': 0.7747147679328918, 'val_r2_target_2': -9.146834373474121, 'val_rmse_target_3': 0.9277638792991638, 'val_mae_target_3': 0.644580602645874, 'val_r2_target_3': -13.762398719787598}",COMPLETE
26,0.386515990037609,2026-02-02 11:57:58.287847,2026-02-02 11:58:22.937625,0 days 00:00:24.649778,mean,0.0005236467599981716,3.6787623304314474e-06,"{'val_rmse_mean': 0.9713609218597412, 'val_mae_mean': 0.7359516620635986, 'val_r2_mean': -7.721513271331787, 'val_rmse_target_0': 0.8835335373878479, 'val_mae_target_0': 0.5768446922302246, 'val_r2_target_0': -4.910889148712158, 'val_rmse_target_1': 0.9830108880996704, 'val_mae_target_1': 0.7835429310798645, 'val_r2_target_1': -6.33992862701416, 'val_rmse_target_2': 0.9954575896263123, 'val_mae_target_2': 0.8736647963523865, 'val_r2_target_2': -8.57679271697998, 'val_rmse_target_3': 1.0234415531158447, 'val_mae_target_3': 0.7097541689872742, 'val_r2_target_3': -11.058443069458008}",COMPLETE
27,0.3705659186536515,2026-02-02 11:58:23.013791,2026-02-02 11:58:47.266450,0 days 00:00:24.252659,mean,0.0003020033194657906,1.0417949078991614e-06,"{'val_rmse_mean': 0.9557725191116333, 'val_mae_mean': 0.7169780731201172, 'val_r2_mean': -13.606616973876953, 'val_rmse_target_0': 0.8877159357070923, 'val_mae_target_0': 0.5996142625808716, 'val_r2_target_0': -7.200860977172852, 'val_rmse_target_1': 0.9645284414291382, 'val_mae_target_1': 0.7057029604911804, 'val_r2_target_1': -10.372905731201172, 'val_rmse_target_2': 0.949841320514679, 'val_mae_target_2': 0.8466297388076782, 'val_r2_target_2': -17.070207595825195, 'val_rmse_target_3': 1.021004319190979, 'val_mae_target_3': 0.7159651517868042, 'val_r2_target_3': -19.782493591308594}",COMPLETE
28,0.37012258875701165,2026-02-02 11:58:47.342693,2026-02-02 11:59:11.988456,0 days 00:00:24.645763,mean,0.00018048954806891557,5.62396640486978e-06,"{'val_rmse_mean': 0.9691436886787415, 'val_mae_mean': 0.7082170248031616, 'val_r2_mean': -16.941730499267578, 'val_rmse_target_0': 0.9123525023460388, 'val_mae_target_0': 0.6078158617019653, 'val_r2_target_0': -8.134198188781738, 'val_rmse_target_1': 0.9850223660469055, 'val_mae_target_1': 0.6948826909065247, 'val_r2_target_1': -20.821533203125, 'val_rmse_target_2': 0.9638020992279053, 'val_mae_target_2': 0.8317710757255554, 'val_r2_target_2': -17.137065887451172, 'val_rmse_target_3': 1.0153977870941162, 'val_mae_target_3': 0.6983984708786011, 'val_r2_target_3': -21.67412757873535}",COMPLETE
29,0.38529769938301156,2026-02-02 11:59:12.062602,2026-02-02 11:59:36.104558,0 days 00:00:24.041956,mean,0.00013528795538517407,2.6386168420396207e-06,"{'val_rmse_mean': 0.992251455783844, 'val_mae_mean': 0.7329416275024414, 'val_r2_mean': -18.04365348815918, 'val_rmse_target_0': 0.9706910848617554, 'val_mae_target_0': 0.6280137300491333, 'val_r2_target_0': -13.215853691101074, 'val_rmse_target_1': 1.0408943891525269, 'val_mae_target_1': 0.7758134007453918, 'val_r2_target_1': -20.596830368041992, 'val_rmse_target_2': 0.951515257358551, 'val_mae_target_2': 0.8252435326576233, 'val_r2_target_2': -14.532041549682617, 'val_rmse_target_3': 1.0059051513671875, 'val_mae_target_3': 0.7026957869529724, 'val_r2_target_3': -23.829891204833984}",COMPLETE
30,0.4030722677707672,2026-02-02 11:59:36.180614,2026-02-02 12:00:00.637949,0 days 00:00:24.457335,mean,0.0013802116552183777,5.178899975163952e-05,"{'val_rmse_mean': 0.9983529448509216, 'val_mae_mean': 0.7553253173828125, 'val_r2_mean': -3.222744941711426, 'val_rmse_target_0': 0.8979420065879822, 'val_mae_target_0': 0.622391939163208, 'val_r2_target_0': -1.62418532371521, 'val_rmse_target_1': 1.0573747158050537, 'val_mae_target_1': 0.7798032164573669, 'val_r2_target_1': -3.129612445831299, 'val_rmse_target_2': 0.972433865070343, 'val_mae_target_2': 0.8312531113624573, 'val_r2_target_2': -3.1721267700195312, 'val_rmse_target_3': 1.0656611919403076, 'val_mae_target_3': 0.7878528833389282, 'val_r2_target_3': -4.965054512023926}",COMPLETE
31,0.37818042451032885,2026-02-02 12:00:00.713716,2026-02-02 12:00:25.275673,0 days 00:00:24.561957,mean,0.00018377098182883732,4.877245893030019e-06,"{'val_rmse_mean': 0.983491837978363, 'val_mae_mean': 0.7310656905174255, 'val_r2_mean': -16.577518463134766, 'val_rmse_target_0': 0.9779804944992065, 'val_mae_target_0': 0.632943332195282, 'val_r2_target_0': -21.994802474975586, 'val_rmse_target_1': 0.9654014706611633, 'val_mae_target_1': 0.7355911135673523, 'val_r2_target_1': -19.108413696289062, 'val_rmse_target_2': 0.9721352458000183, 'val_mae_target_2': 0.8308084011077881, 'val_r2_target_2': -10.486685752868652, 'val_rmse_target_3': 1.0184500217437744, 'val_mae_target_3': 0.7249199748039246, 'val_r2_target_3': -14.720176696777344}",COMPLETE
32,0.40008840765114184,2026-02-02 12:00:25.350812,2026-02-02 12:00:49.670362,0 days 00:00:24.319550,mean,0.00014500104306892737,7.588283610048745e-06,"{'val_rmse_mean': 1.0019822120666504, 'val_mae_mean': 0.7529488205909729, 'val_r2_mean': -23.20490264892578, 'val_rmse_target_0': 1.0014734268188477, 'val_mae_target_0': 0.6822770237922668, 'val_r2_target_0': -14.180780410766602, 'val_rmse_target_1': 0.9510659575462341, 'val_mae_target_1': 0.7189743518829346, 'val_r2_target_1': -20.802846908569336, 'val_rmse_target_2': 1.019405722618103, 'val_mae_target_2': 0.9059207439422607, 'val_r2_target_2': -31.204486846923828, 'val_rmse_target_3': 1.035983681678772, 'val_mae_target_3': 0.704623281955719, 'val_r2_target_3': -26.631505966186523}",COMPLETE
33,0.3747843848886313,2026-02-02 12:00:49.746564,2026-02-02 12:01:14.338293,0 days 00:00:24.591729,mean,0.00034544354611048796,2.072237218765487e-06,"{'val_rmse_mean': 0.9733384847640991, 'val_mae_mean': 0.7175894379615784, 'val_r2_mean': -12.225419998168945, 'val_rmse_target_0': 0.9447972178459167, 'val_mae_target_0': 0.6396610140800476, 'val_r2_target_0': -8.466841697692871, 'val_rmse_target_1': 0.9565169811248779, 'val_mae_target_1': 0.6981379389762878, 'val_r2_target_1': -12.342536926269531, 'val_rmse_target_2': 0.9642950892448425, 'val_mae_target_2': 0.8187016844749451, 'val_r2_target_2': -8.741209030151367, 'val_rmse_target_3': 1.0277444124221802, 'val_mae_target_3': 0.713857114315033, 'val_r2_target_3': -19.35109519958496}",COMPLETE
34,0.3831065586871571,2026-02-02 12:01:14.413470,2026-02-02 12:01:39.010765,0 days 00:00:24.597295,mean,0.00010003048297853186,4.065398677604742e-06,"{'val_rmse_mean': 0.9876010417938232, 'val_mae_mean': 0.7323504090309143, 'val_r2_mean': -18.47126007080078, 'val_rmse_target_0': 0.9416603446006775, 'val_mae_target_0': 0.6229188442230225, 'val_r2_target_0': -21.613855361938477, 'val_rmse_target_1': 1.0035719871520996, 'val_mae_target_1': 0.723239004611969, 'val_r2_target_1': -14.33268928527832, 'val_rmse_target_2': 0.9666603207588196, 'val_mae_target_2': 0.8312503695487976, 'val_r2_target_2': -13.29604721069336, 'val_rmse_target_3': 1.0385115146636963, 'val_mae_target_3': 0.7519934773445129, 'val_r2_target_3': -24.6424503326416}",COMPLETE
35,0.36831461231189744,2026-02-02 12:01:39.085170,2026-02-02 12:02:02.744333,0 days 00:00:23.659163,mean,0.000587128374354263,7.057048623163845e-06,"{'val_rmse_mean': 0.9516654014587402, 'val_mae_mean': 0.7170721292495728, 'val_r2_mean': -10.080341339111328, 'val_rmse_target_0': 0.9218987822532654, 'val_mae_target_0': 0.6225556135177612, 'val_r2_target_0': -5.239360332489014, 'val_rmse_target_1': 0.9917232394218445, 'val_mae_target_1': 0.7592424750328064, 'val_r2_target_1': -8.087223052978516, 'val_rmse_target_2': 0.9231274127960205, 'val_mae_target_2': 0.8287113904953003, 'val_r2_target_2': -8.968687057495117, 'val_rmse_target_3': 0.9699121117591858, 'val_mae_target_3': 0.6577792167663574, 'val_r2_target_3': -18.026094436645508}",COMPLETE
36,0.3791157255570094,2026-02-02 12:02:02.819842,2026-02-02 12:02:26.890819,0 days 00:00:24.070977,mean,0.0005288868579999954,1.479112287517493e-06,"{'val_rmse_mean': 0.9692641496658325, 'val_mae_mean': 0.7318381667137146, 'val_r2_mean': -9.25164794921875, 'val_rmse_target_0': 0.9295871257781982, 'val_mae_target_0': 0.641877293586731, 'val_r2_target_0': -5.331650733947754, 'val_rmse_target_1': 0.977793276309967, 'val_mae_target_1': 0.7541187405586243, 'val_r2_target_1': -7.077645301818848, 'val_rmse_target_2': 0.9132527112960815, 'val_mae_target_2': 0.8188130259513855, 'val_r2_target_2': -7.771737098693848, 'val_rmse_target_3': 1.0564236640930176, 'val_mae_target_3': 0.7125434875488281, 'val_r2_target_3': -16.825559616088867}",COMPLETE
37,0.4594812911969644,2026-02-02 12:02:26.967389,2026-02-02 12:02:50.161714,0 days 00:00:23.194325,mean,0.0035919622689900427,2.560025436762539e-06,"{'val_rmse_mean': 1.077324628829956, 'val_mae_mean': 0.8299781084060669, 'val_r2_mean': -1.4080579280853271, 'val_rmse_target_0': 0.9281134009361267, 'val_mae_target_0': 0.6535671949386597, 'val_r2_target_0': -0.7641340494155884, 'val_rmse_target_1': 1.22874915599823, 'val_mae_target_1': 0.9260185360908508, 'val_r2_target_1': -1.4049012660980225, 'val_rmse_target_2': 1.0328632593154907, 'val_mae_target_2': 0.8484978675842285, 'val_r2_target_2': -1.1121668815612793, 'val_rmse_target_3': 1.1195725202560425, 'val_mae_target_3': 0.8918287754058838, 'val_r2_target_3': -2.351029634475708}",COMPLETE
38,0.39006931000147704,2026-02-02 12:02:50.238695,2026-02-02 12:03:14.736108,0 days 00:00:24.497413,mean,0.0009726648260791642,7.769461493992087e-06,"{'val_rmse_mean': 0.9854212403297424, 'val_mae_mean': 0.7493380308151245, 'val_r2_mean': -4.874780654907227, 'val_rmse_target_0': 0.8619364500045776, 'val_mae_target_0': 0.5937551856040955, 'val_r2_target_0': -2.504096746444702, 'val_rmse_target_1': 1.0503896474838257, 'val_mae_target_1': 0.7743082642555237, 'val_r2_target_1': -4.759250640869141, 'val_rmse_target_2': 0.9349676370620728, 'val_mae_target_2': 0.8124649524688721, 'val_r2_target_2': -4.670594692230225, 'val_rmse_target_3': 1.094391107559204, 'val_mae_target_3': 0.8168236017227173, 'val_r2_target_3': -7.565178871154785}",COMPLETE
39,0.3874381161812279,2026-02-02 12:03:14.811342,2026-02-02 12:03:39.509604,0 days 00:00:24.698262,mean,0.0009380703986261299,1.394089894831758e-05,"{'val_rmse_mean': 0.9665899276733398, 'val_mae_mean': 0.7368232607841492, 'val_r2_mean': -5.1180291175842285, 'val_rmse_target_0': 0.8393455743789673, 'val_mae_target_0': 0.5660566687583923, 'val_r2_target_0': -2.146336078643799, 'val_rmse_target_1': 1.011656403541565, 'val_mae_target_1': 0.7672287225723267, 'val_r2_target_1': -3.2633490562438965, 'val_rmse_target_2': 0.9531375765800476, 'val_mae_target_2': 0.8525260090827942, 'val_r2_target_2': -4.233495235443115, 'val_rmse_target_3': 1.0622199773788452, 'val_mae_target_3': 0.7614818215370178, 'val_r2_target_3': -10.828936576843262}",COMPLETE
40,0.3578627076413896,2026-02-02 12:03:39.584547,2026-02-02 12:04:04.071386,0 days 00:00:24.486839,mean,0.000615967238561768,3.780247735679693e-06,"{'val_rmse_mean': 0.9387872815132141, 'val_mae_mean': 0.702421247959137, 'val_r2_mean': -7.345762252807617, 'val_rmse_target_0': 0.8967291712760925, 'val_mae_target_0': 0.6330863237380981, 'val_r2_target_0': -4.048058986663818, 'val_rmse_target_1': 0.9128605723381042, 'val_mae_target_1': 0.6670081615447998, 'val_r2_target_1': -6.256649971008301, 'val_rmse_target_2': 0.913298487663269, 'val_mae_target_2': 0.7948254346847534, 'val_r2_target_2': -5.371942520141602, 'val_rmse_target_3': 1.0322608947753906, 'val_mae_target_3': 0.7147650122642517, 'val_r2_target_3': -13.706400871276855}",COMPLETE
41,0.37453022143907017,2026-02-02 12:04:04.147477,2026-02-02 12:04:29.064555,0 days 00:00:24.917078,mean,0.0006012271308171238,3.3959208586166027e-06,"{'val_rmse_mean': 0.957971453666687, 'val_mae_mean': 0.7313793897628784, 'val_r2_mean': -7.916705131530762, 'val_rmse_target_0': 0.9291520118713379, 'val_mae_target_0': 0.6560301780700684, 'val_r2_target_0': -5.647579669952393, 'val_rmse_target_1': 0.9724730253219604, 'val_mae_target_1': 0.7428383231163025, 'val_r2_target_1': -7.214031219482422, 'val_rmse_target_2': 0.9353795051574707, 'val_mae_target_2': 0.8264849781990051, 'val_r2_target_2': -6.362257957458496, 'val_rmse_target_3': 0.9948810338973999, 'val_mae_target_3': 0.7001639604568481, 'val_r2_target_3': -12.442952156066895}",COMPLETE
42,0.37894437296522987,2026-02-02 12:04:29.139496,2026-02-02 12:04:54.282799,0 days 00:00:25.143303,mean,0.0004540245662708758,6.031544197156322e-06,"{'val_rmse_mean': 0.9678974151611328, 'val_mae_mean': 0.7280306816101074, 'val_r2_mean': -10.22767162322998, 'val_rmse_target_0': 0.9417881965637207, 'val_mae_target_0': 0.6080556511878967, 'val_r2_target_0': -9.972386360168457, 'val_rmse_target_1': 0.906241774559021, 'val_mae_target_1': 0.6820651292800903, 'val_r2_target_1': -6.684542179107666, 'val_rmse_target_2': 0.9709393382072449, 'val_mae_target_2': 0.8430594205856323, 'val_r2_target_2': -10.304492950439453, 'val_rmse_target_3': 1.0526202917099, 'val_mae_target_3': 0.7789425849914551, 'val_r2_target_3': -13.949268341064453}",COMPLETE
43,0.3988963761539371,2026-02-02 12:04:54.358820,2026-02-02 12:05:18.995558,0 days 00:00:24.636738,mean,0.0003249017757354455,1.7245888032044565e-06,"{'val_rmse_mean': 0.9926381707191467, 'val_mae_mean': 0.7524667978286743, 'val_r2_mean': -13.184247016906738, 'val_rmse_target_0': 0.9049314856529236, 'val_mae_target_0': 0.6081486940383911, 'val_r2_target_0': -7.560002326965332, 'val_rmse_target_1': 1.0232017040252686, 'val_mae_target_1': 0.7786201238632202, 'val_r2_target_1': -12.98391342163086, 'val_rmse_target_2': 1.0185086727142334, 'val_mae_target_2': 0.8922644257545471, 'val_r2_target_2': -17.20213508605957, 'val_rmse_target_3': 1.0239107608795166, 'val_mae_target_3': 0.7308341264724731, 'val_r2_target_3': -14.99093246459961}",COMPLETE
44,0.4063422670242963,2026-02-02 12:05:19.072111,2026-02-02 12:05:43.526136,0 days 00:00:24.454025,mean,0.0015156783679273033,1.1588585631811352e-05,"{'val_rmse_mean': 1.0019689798355103, 'val_mae_mean': 0.7570799589157104, 'val_r2_mean': -2.869621753692627, 'val_rmse_target_0': 0.9252219200134277, 'val_mae_target_0': 0.6541791558265686, 'val_r2_target_0': -1.2547101974487305, 'val_rmse_target_1': 1.0752650499343872, 'val_mae_target_1': 0.7897457480430603, 'val_r2_target_1': -2.766220808029175, 'val_rmse_target_2': 0.9554529190063477, 'val_mae_target_2': 0.7976301908493042, 'val_r2_target_2': -2.1788699626922607, 'val_rmse_target_3': 1.051936149597168, 'val_mae_target_3': 0.7867646217346191, 'val_r2_target_3': -5.278685569763184}",COMPLETE
45,0.3903026696708467,2026-02-02 12:05:43.602610,2026-02-02 12:06:07.471430,0 days 00:00:23.868820,mean,0.0008144732223508994,2.2525965232779657e-06,"{'val_rmse_mean': 0.9763099551200867, 'val_mae_mean': 0.7317532896995544, 'val_r2_mean': -6.73919677734375, 'val_rmse_target_0': 0.902550458908081, 'val_mae_target_0': 0.6367844343185425, 'val_r2_target_0': -2.3839123249053955, 'val_rmse_target_1': 0.9775307178497314, 'val_mae_target_1': 0.7385963797569275, 'val_r2_target_1': -5.831342697143555, 'val_rmse_target_2': 0.9640325307846069, 'val_mae_target_2': 0.823418915271759, 'val_r2_target_2': -4.024593830108643, 'val_rmse_target_3': 1.0611259937286377, 'val_mae_target_3': 0.7282134890556335, 'val_r2_target_3': -14.716940879821777}",COMPLETE
46,0.4025576917661561,2026-02-02 12:06:07.547482,2026-02-02 12:06:32.578136,0 days 00:00:25.030654,mean,0.0005306424737023305,0.0001962504723394057,"{'val_rmse_mean': 0.9969788193702698, 'val_mae_mean': 0.7537165284156799, 'val_r2_mean': -8.063933372497559, 'val_rmse_target_0': 0.9651991724967957, 'val_mae_target_0': 0.6430484056472778, 'val_r2_target_0': -7.058065414428711, 'val_rmse_target_1': 0.9450405836105347, 'val_mae_target_1': 0.7142378687858582, 'val_r2_target_1': -5.5699052810668945, 'val_rmse_target_2': 1.027431845664978, 'val_mae_target_2': 0.9131892919540405, 'val_r2_target_2': -6.078891277313232, 'val_rmse_target_3': 1.050243616104126, 'val_mae_target_3': 0.7443907856941223, 'val_r2_target_3': -13.548869132995605}",COMPLETE
47,0.40808783609558036,2026-02-02 12:06:32.653858,2026-02-02 12:06:57.025350,0 days 00:00:24.371492,mean,0.0002467445303109449,4.3000353073616766e-05,"{'val_rmse_mean': 1.026024341583252, 'val_mae_mean': 0.746725857257843, 'val_r2_mean': -21.35453987121582, 'val_rmse_target_0': 0.9851820468902588, 'val_mae_target_0': 0.5910384654998779, 'val_r2_target_0': -18.223161697387695, 'val_rmse_target_1': 1.0457216501235962, 'val_mae_target_1': 0.7894867658615112, 'val_r2_target_1': -23.488338470458984, 'val_rmse_target_2': 1.0391960144042969, 'val_mae_target_2': 0.8802567720413208, 'val_r2_target_2': -21.812532424926758, 'val_rmse_target_3': 1.0339977741241455, 'val_mae_target_3': 0.7261213660240173, 'val_r2_target_3': -21.894123077392578}",COMPLETE
48,0.4388180611034234,2026-02-02 12:06:57.101544,2026-02-02 12:07:19.929913,0 days 00:00:22.828369,mean,0.002157895724280652,1.8037232635691052e-05,"{'val_rmse_mean': 1.0529512166976929, 'val_mae_mean': 0.7925772070884705, 'val_r2_mean': -2.482194423675537, 'val_rmse_target_0': 0.9177133440971375, 'val_mae_target_0': 0.6494499444961548, 'val_r2_target_0': -0.9422624111175537, 'val_rmse_target_1': 1.2050477266311646, 'val_mae_target_1': 0.88076251745224, 'val_r2_target_1': -2.2688071727752686, 'val_rmse_target_2': 0.9974901676177979, 'val_mae_target_2': 0.8280585408210754, 'val_r2_target_2': -1.8692827224731445, 'val_rmse_target_3': 1.0915536880493164, 'val_mae_target_3': 0.812038004398346, 'val_r2_target_3': -4.848424911499023}",COMPLETE
49,0.4081726645429929,2026-02-02 12:07:20.005954,2026-02-02 12:07:43.027334,0 days 00:00:23.021380,mean,0.00035057871989622097,4.4553395511827e-06,"{'val_rmse_mean': 1.0088856220245361, 'val_mae_mean': 0.7606278657913208, 'val_r2_mean': -10.271285057067871, 'val_rmse_target_0': 0.9477178454399109, 'val_mae_target_0': 0.6465745568275452, 'val_r2_target_0': -6.080442905426025, 'val_rmse_target_1': 1.0156018733978271, 'val_mae_target_1': 0.7665135860443115, 'val_r2_target_1': -10.238020896911621, 'val_rmse_target_2': 0.9654144048690796, 'val_mae_target_2': 0.8302313685417175, 'val_r2_target_2': -11.853900909423828, 'val_rmse_target_3': 1.1068079471588135, 'val_mae_target_3': 0.7991920709609985, 'val_r2_target_3': -12.912775039672852}",COMPLETE
