number,value,datetime_start,datetime_complete,duration,params_batch_size,params_dropout,params_hidden_dim,params_lr,params_n_layers,params_n_path_features,params_shrink_factor,params_weight_decay,user_attrs_val_metrics,state
0,0.5235208857059479,2026-03-01 14:54:14.059773,2026-03-01 14:55:31.064386,0 days 00:01:17.004613,6,0.6053141289887172,768,0.0041393844218125175,2,70,1.0,0.0002339152130520608,"{'val_rmse_mean': 1.146993637084961, 'val_mae_mean': 0.9051262140274048, 'val_r2_mean': -6.6761956214904785, 'val_rmse_target_0': 1.0617626905441284, 'val_mae_target_0': 0.778648853302002, 'val_r2_target_0': -5.665657997131348, 'val_rmse_target_1': 1.1199675798416138, 'val_mae_target_1': 0.8497891426086426, 'val_r2_target_1': -5.082086563110352, 'val_rmse_target_2': 1.034846305847168, 'val_mae_target_2': 0.8235111832618713, 'val_r2_target_2': -6.186600208282471, 'val_rmse_target_3': 1.2806214094161987, 'val_mae_target_3': 1.0564695596694946, 'val_r2_target_3': -5.94773530960083, 'val_rmse_target_4': 1.1074328422546387, 'val_mae_target_4': 0.9426164031028748, 'val_r2_target_4': -8.741504669189453, 'val_rmse_target_5': 1.1874146461486816, 'val_mae_target_5': 1.022519588470459, 'val_r2_target_5': -8.404139518737793, 'val_rmse_target_6': 1.1269944906234741, 'val_mae_target_6': 0.7711389660835266, 'val_r2_target_6': -7.157896995544434, 'val_rmse_target_7': 1.2569085359573364, 'val_mae_target_7': 0.9963155388832092, 'val_r2_target_7': -6.223945140838623}",COMPLETE
1,0.3934189647436142,2026-03-01 14:55:31.129106,2026-03-01 14:56:56.652508,0 days 00:01:25.523402,6,0.4195784273566341,256,0.0007246368209047931,4,60,1.0,1.7655103458012183e-05,"{'val_rmse_mean': 0.9630992412567139, 'val_mae_mean': 0.7690027356147766, 'val_r2_mean': -10.916021347045898, 'val_rmse_target_0': 0.8788563013076782, 'val_mae_target_0': 0.6725954413414001, 'val_r2_target_0': -3.759671211242676, 'val_rmse_target_1': 0.8867024779319763, 'val_mae_target_1': 0.6698581576347351, 'val_r2_target_1': -4.160716533660889, 'val_rmse_target_2': 0.8340199589729309, 'val_mae_target_2': 0.6525416374206543, 'val_r2_target_2': -2.6339540481567383, 'val_rmse_target_3': 0.9353060722351074, 'val_mae_target_3': 0.7953118681907654, 'val_r2_target_3': -4.435454845428467, 'val_rmse_target_4': 0.9794319272041321, 'val_mae_target_4': 0.8324190378189087, 'val_r2_target_4': -5.04788064956665, 'val_rmse_target_5': 1.0418986082077026, 'val_mae_target_5': 0.8608003854751587, 'val_r2_target_5': -30.068979263305664, 'val_rmse_target_6': 1.1398423910140991, 'val_mae_target_6': 0.8108828663825989, 'val_r2_target_6': -24.241968154907227, 'val_rmse_target_7': 1.0087361335754395, 'val_mae_target_7': 0.8576126098632812, 'val_r2_target_7': -12.979546546936035}",COMPLETE
2,0.4657773941755295,2026-03-01 14:56:56.718442,2026-03-01 14:58:07.895722,0 days 00:01:11.177280,6,0.503109095857157,768,0.006769315654169562,2,25,0.5,0.00012895458128385918,"{'val_rmse_mean': 1.0562266111373901, 'val_mae_mean': 0.8450700640678406, 'val_r2_mean': -10.408409118652344, 'val_rmse_target_0': 1.0117088556289673, 'val_mae_target_0': 0.7957723736763, 'val_r2_target_0': -13.279138565063477, 'val_rmse_target_1': 0.99836665391922, 'val_mae_target_1': 0.7749643921852112, 'val_r2_target_1': -4.693706035614014, 'val_rmse_target_2': 1.0333682298660278, 'val_mae_target_2': 0.8680798411369324, 'val_r2_target_2': -4.803530216217041, 'val_rmse_target_3': 1.0311119556427002, 'val_mae_target_3': 0.876035213470459, 'val_r2_target_3': -4.4748854637146, 'val_rmse_target_4': 1.0927162170410156, 'val_mae_target_4': 0.8788449764251709, 'val_r2_target_4': -9.419135093688965, 'val_rmse_target_5': 1.0950407981872559, 'val_mae_target_5': 0.876965343952179, 'val_r2_target_5': -13.349756240844727, 'val_rmse_target_6': 1.1420338153839111, 'val_mae_target_6': 0.828260064125061, 'val_r2_target_6': -7.794405937194824, 'val_rmse_target_7': 1.0454663038253784, 'val_mae_target_7': 0.8616384267807007, 'val_r2_target_7': -25.452714920043945}",COMPLETE
3,0.44202703833580015,2026-03-01 14:58:07.961328,2026-03-01 14:59:15.549626,0 days 00:01:07.588298,6,0.6495686259423065,768,0.004019309516622544,3,70,0.75,0.00012903541639218172,"{'val_rmse_mean': 1.0293078422546387, 'val_mae_mean': 0.8170343637466431, 'val_r2_mean': -11.076371192932129, 'val_rmse_target_0': 0.9838637709617615, 'val_mae_target_0': 0.7274088263511658, 'val_r2_target_0': -7.845513343811035, 'val_rmse_target_1': 1.0333890914916992, 'val_mae_target_1': 0.7516146302223206, 'val_r2_target_1': -11.805028915405273, 'val_rmse_target_2': 0.9919188618659973, 'val_mae_target_2': 0.8136960864067078, 'val_r2_target_2': -9.603614807128906, 'val_rmse_target_3': 0.9413817524909973, 'val_mae_target_3': 0.7953889966011047, 'val_r2_target_3': -9.5275239944458, 'val_rmse_target_4': 1.0045150518417358, 'val_mae_target_4': 0.8311337232589722, 'val_r2_target_4': -8.879202842712402, 'val_rmse_target_5': 1.0772974491119385, 'val_mae_target_5': 0.889424741268158, 'val_r2_target_5': -11.634363174438477, 'val_rmse_target_6': 1.1601591110229492, 'val_mae_target_6': 0.8623694777488708, 'val_r2_target_6': -17.716169357299805, 'val_rmse_target_7': 1.0419375896453857, 'val_mae_target_7': 0.8652383685112, 'val_r2_target_7': -11.599555969238281}",COMPLETE
4,0.4356027585268021,2026-03-01 14:59:15.614435,2026-03-01 15:00:23.993830,0 days 00:01:08.379395,6,0.6816771604117009,1024,0.0007030913524005032,2,50,1.0,0.008412711090990387,"{'val_rmse_mean': 1.0109187364578247, 'val_mae_mean': 0.8169494867324829, 'val_r2_mean': -5.728168487548828, 'val_rmse_target_0': 0.9440468549728394, 'val_mae_target_0': 0.7622615098953247, 'val_r2_target_0': -1.8233544826507568, 'val_rmse_target_1': 0.9104220867156982, 'val_mae_target_1': 0.7015438079833984, 'val_r2_target_1': -2.623809576034546, 'val_rmse_target_2': 0.9531518816947937, 'val_mae_target_2': 0.7549471855163574, 'val_r2_target_2': -1.752340316772461, 'val_rmse_target_3': 0.9611143469810486, 'val_mae_target_3': 0.7980330586433411, 'val_r2_target_3': -2.4444785118103027, 'val_rmse_target_4': 0.9957034587860107, 'val_mae_target_4': 0.8386399149894714, 'val_r2_target_4': -3.8768086433410645, 'val_rmse_target_5': 1.1186225414276123, 'val_mae_target_5': 0.9121055603027344, 'val_r2_target_5': -18.884227752685547, 'val_rmse_target_6': 1.1642036437988281, 'val_mae_target_6': 0.8643934726715088, 'val_r2_target_6': -8.782500267028809, 'val_rmse_target_7': 1.0400851964950562, 'val_mae_target_7': 0.9036712050437927, 'val_r2_target_7': -5.6378326416015625}",COMPLETE
5,0.48919062316417694,2026-03-01 15:00:24.060187,2026-03-01 15:01:32.914284,0 days 00:01:08.854097,6,0.5167071489245458,512,0.0011850395250603,1,70,1.0,0.008385363250381818,"{'val_rmse_mean': 1.097325086593628, 'val_mae_mean': 0.8750174045562744, 'val_r2_mean': -3.7884979248046875, 'val_rmse_target_0': 1.013234257698059, 'val_mae_target_0': 0.8211444020271301, 'val_r2_target_0': -1.3658185005187988, 'val_rmse_target_1': 1.0695035457611084, 'val_mae_target_1': 0.8234798312187195, 'val_r2_target_1': -1.5517125129699707, 'val_rmse_target_2': 0.9840216040611267, 'val_mae_target_2': 0.8249560594558716, 'val_r2_target_2': -1.6099774837493896, 'val_rmse_target_3': 1.008395791053772, 'val_mae_target_3': 0.8777117133140564, 'val_r2_target_3': -2.7898714542388916, 'val_rmse_target_4': 1.1331684589385986, 'val_mae_target_4': 0.9184991717338562, 'val_r2_target_4': -3.1346778869628906, 'val_rmse_target_5': 1.28473699092865, 'val_mae_target_5': 1.0520174503326416, 'val_r2_target_5': -9.968945503234863, 'val_rmse_target_6': 1.1694912910461426, 'val_mae_target_6': 0.7945400476455688, 'val_r2_target_6': -2.728442668914795, 'val_rmse_target_7': 1.1160484552383423, 'val_mae_target_7': 0.8877904415130615, 'val_r2_target_7': -7.158538818359375}",COMPLETE
6,0.3918006923794746,2026-03-01 15:01:32.979939,2026-03-01 15:02:46.974518,0 days 00:01:13.994579,6,0.26121333239540173,768,0.0003079603974222291,1,30,0.75,0.0008628510691630575,"{'val_rmse_mean': 0.9558880925178528, 'val_mae_mean': 0.763290524482727, 'val_r2_mean': -2.8911046981811523, 'val_rmse_target_0': 0.9151832461357117, 'val_mae_target_0': 0.7423742413520813, 'val_r2_target_0': -1.2941102981567383, 'val_rmse_target_1': 0.945018470287323, 'val_mae_target_1': 0.7375885248184204, 'val_r2_target_1': -0.9889672994613647, 'val_rmse_target_2': 0.8664459586143494, 'val_mae_target_2': 0.6715163588523865, 'val_r2_target_2': -1.008939504623413, 'val_rmse_target_3': 0.9152358174324036, 'val_mae_target_3': 0.7570383548736572, 'val_r2_target_3': -2.3844919204711914, 'val_rmse_target_4': 0.9480383396148682, 'val_mae_target_4': 0.7585563063621521, 'val_r2_target_4': -3.2169899940490723, 'val_rmse_target_5': 1.0097719430923462, 'val_mae_target_5': 0.8145993947982788, 'val_r2_target_5': -7.559001922607422, 'val_rmse_target_6': 1.0290021896362305, 'val_mae_target_6': 0.7630177140235901, 'val_r2_target_6': -4.174849510192871, 'val_rmse_target_7': 1.0184087753295898, 'val_mae_target_7': 0.8616330623626709, 'val_r2_target_7': -2.501487970352173}",COMPLETE
7,0.4634851172566414,2026-03-01 15:02:47.040572,2026-03-01 15:03:58.471552,0 days 00:01:11.430980,6,0.11297069005289213,1024,0.0015912295733113574,1,40,1.0,0.005899296142058733,"{'val_rmse_mean': 1.0425268411636353, 'val_mae_mean': 0.848515510559082, 'val_r2_mean': -3.0753464698791504, 'val_rmse_target_0': 0.9633394479751587, 'val_mae_target_0': 0.7655993700027466, 'val_r2_target_0': -1.8801419734954834, 'val_rmse_target_1': 1.052409291267395, 'val_mae_target_1': 0.8541322350502014, 'val_r2_target_1': -2.2940673828125, 'val_rmse_target_2': 1.0795533657073975, 'val_mae_target_2': 0.8991535902023315, 'val_r2_target_2': -2.3707938194274902, 'val_rmse_target_3': 1.1147983074188232, 'val_mae_target_3': 0.9388929605484009, 'val_r2_target_3': -3.413356304168701, 'val_rmse_target_4': 0.9761986136436462, 'val_mae_target_4': 0.8356735706329346, 'val_r2_target_4': -1.4695096015930176, 'val_rmse_target_5': 1.1239089965820312, 'val_mae_target_5': 0.9124661087989807, 'val_r2_target_5': -7.337638854980469, 'val_rmse_target_6': 0.981461226940155, 'val_mae_target_6': 0.7320459485054016, 'val_r2_target_6': -2.1040432453155518, 'val_rmse_target_7': 1.0485453605651855, 'val_mae_target_7': 0.8501603603363037, 'val_r2_target_7': -3.7332191467285156}",COMPLETE
8,0.42999772042036055,2026-03-01 15:03:58.538024,2026-03-01 15:05:08.402546,0 days 00:01:09.864522,6,0.48707348762415836,128,0.0053300166748838805,1,35,1.0,0.001287055505672228,"{'val_rmse_mean': 1.021788477897644, 'val_mae_mean': 0.7977924346923828, 'val_r2_mean': -8.658329963684082, 'val_rmse_target_0': 0.9858330488204956, 'val_mae_target_0': 0.7895030379295349, 'val_r2_target_0': -6.015114784240723, 'val_rmse_target_1': 1.011866569519043, 'val_mae_target_1': 0.7054159045219421, 'val_r2_target_1': -5.00694465637207, 'val_rmse_target_2': 0.8756474852561951, 'val_mae_target_2': 0.7043253183364868, 'val_r2_target_2': -2.7993454933166504, 'val_rmse_target_3': 1.023045539855957, 'val_mae_target_3': 0.8117263913154602, 'val_r2_target_3': -4.701208591461182, 'val_rmse_target_4': 0.9992056488990784, 'val_mae_target_4': 0.8220994472503662, 'val_r2_target_4': -3.0604043006896973, 'val_rmse_target_5': 1.0874768495559692, 'val_mae_target_5': 0.8397507667541504, 'val_r2_target_5': -11.835230827331543, 'val_rmse_target_6': 1.141238808631897, 'val_mae_target_6': 0.7974340915679932, 'val_r2_target_6': -26.442766189575195, 'val_rmse_target_7': 1.0499937534332275, 'val_mae_target_7': 0.9120844006538391, 'val_r2_target_7': -9.405616760253906}",COMPLETE
9,0.3860113286972046,2026-03-01 15:05:08.469162,2026-03-01 15:06:23.151713,0 days 00:01:14.682551,6,0.41153660941902337,256,0.0004798217449581997,1,30,0.75,0.00045464726185310417,"{'val_rmse_mean': 0.9477080702781677, 'val_mae_mean': 0.7419410943984985, 'val_r2_mean': -3.5128378868103027, 'val_rmse_target_0': 0.876028299331665, 'val_mae_target_0': 0.6919392347335815, 'val_r2_target_0': -1.386793613433838, 'val_rmse_target_1': 0.8764157295227051, 'val_mae_target_1': 0.6567243933677673, 'val_r2_target_1': -1.4311649799346924, 'val_rmse_target_2': 0.8999990820884705, 'val_mae_target_2': 0.7225510478019714, 'val_r2_target_2': -1.3934128284454346, 'val_rmse_target_3': 0.8622615933418274, 'val_mae_target_3': 0.6860270500183105, 'val_r2_target_3': -1.9700736999511719, 'val_rmse_target_4': 0.9949325919151306, 'val_mae_target_4': 0.820068359375, 'val_r2_target_4': -4.339130401611328, 'val_rmse_target_5': 1.0415501594543457, 'val_mae_target_5': 0.7997376918792725, 'val_r2_target_5': -8.369514465332031, 'val_rmse_target_6': 1.0525012016296387, 'val_mae_target_6': 0.7436769008636475, 'val_r2_target_6': -4.6226067543029785, 'val_rmse_target_7': 0.9779757857322693, 'val_mae_target_7': 0.8148037791252136, 'val_r2_target_7': -4.590006351470947}",COMPLETE
10,0.45804812759160995,2026-03-01 15:06:23.217226,2026-03-01 15:08:58.264443,0 days 00:02:35.047217,6,0.28914666994370336,256,0.0001010691932025633,3,20,0.75,2.1604920416519543e-05,"{'val_rmse_mean': 1.0570201873779297, 'val_mae_mean': 0.8313040733337402, 'val_r2_mean': -146.78289794921875, 'val_rmse_target_0': 1.0402820110321045, 'val_mae_target_0': 0.8032016754150391, 'val_r2_target_0': -66.82302856445312, 'val_rmse_target_1': 1.0451018810272217, 'val_mae_target_1': 0.7863610982894897, 'val_r2_target_1': -110.92578887939453, 'val_rmse_target_2': 1.01735258102417, 'val_mae_target_2': 0.8270716071128845, 'val_r2_target_2': -81.84274291992188, 'val_rmse_target_3': 1.026160717010498, 'val_mae_target_3': 0.8485571146011353, 'val_r2_target_3': -107.62247467041016, 'val_rmse_target_4': 1.0376533269882202, 'val_mae_target_4': 0.843946099281311, 'val_r2_target_4': -168.6439666748047, 'val_rmse_target_5': 1.0673532485961914, 'val_mae_target_5': 0.8661773204803467, 'val_r2_target_5': -171.59471130371094, 'val_rmse_target_6': 1.156787633895874, 'val_mae_target_6': 0.7828259468078613, 'val_r2_target_6': -222.71966552734375, 'val_rmse_target_7': 1.065470576286316, 'val_mae_target_7': 0.8922917246818542, 'val_r2_target_7': -244.09092712402344}",COMPLETE
11,0.3670941889286041,2026-03-01 15:08:58.331266,2026-03-01 15:10:24.406644,0 days 00:01:26.075378,6,0.2733023514802217,384,0.00026263474530235616,1,30,0.75,0.00109658916296161,"{'val_rmse_mean': 0.9233121871948242, 'val_mae_mean': 0.7235386371612549, 'val_r2_mean': -3.8506927490234375, 'val_rmse_target_0': 0.8675138354301453, 'val_mae_target_0': 0.6779801845550537, 'val_r2_target_0': -1.484898567199707, 'val_rmse_target_1': 0.8151164650917053, 'val_mae_target_1': 0.627138614654541, 'val_r2_target_1': -0.9505105018615723, 'val_rmse_target_2': 0.8602135181427002, 'val_mae_target_2': 0.649594247341156, 'val_r2_target_2': -1.3205592632293701, 'val_rmse_target_3': 0.878958523273468, 'val_mae_target_3': 0.699059009552002, 'val_r2_target_3': -1.9921951293945312, 'val_rmse_target_4': 0.8999969363212585, 'val_mae_target_4': 0.719557523727417, 'val_r2_target_4': -2.872133255004883, 'val_rmse_target_5': 1.04746413230896, 'val_mae_target_5': 0.8343822956085205, 'val_r2_target_5': -10.986905097961426, 'val_rmse_target_6': 1.0378761291503906, 'val_mae_target_6': 0.7384541034698486, 'val_r2_target_6': -6.512900352478027, 'val_rmse_target_7': 0.979357898235321, 'val_mae_target_7': 0.8421432375907898, 'val_r2_target_7': -4.685438632965088}",COMPLETE
12,0.3792347061634064,2026-03-01 15:10:24.473106,2026-03-01 15:11:47.873737,0 days 00:01:23.400631,6,0.2904452802141924,384,0.00022414776535942832,1,45,0.75,0.001167525585586312,"{'val_rmse_mean': 0.9307665228843689, 'val_mae_mean': 0.745699405670166, 'val_r2_mean': -3.9056448936462402, 'val_rmse_target_0': 0.8491514921188354, 'val_mae_target_0': 0.7217617630958557, 'val_r2_target_0': -0.8478009700775146, 'val_rmse_target_1': 0.8375906348228455, 'val_mae_target_1': 0.6179348230361938, 'val_r2_target_1': -1.4018349647521973, 'val_rmse_target_2': 0.7811116576194763, 'val_mae_target_2': 0.6250212788581848, 'val_r2_target_2': -1.2868695259094238, 'val_rmse_target_3': 0.8690822720527649, 'val_mae_target_3': 0.6972452402114868, 'val_r2_target_3': -1.7031440734863281, 'val_rmse_target_4': 0.9091625213623047, 'val_mae_target_4': 0.7445770502090454, 'val_r2_target_4': -3.3330373764038086, 'val_rmse_target_5': 1.0970913171768188, 'val_mae_target_5': 0.8878214359283447, 'val_r2_target_5': -13.00473690032959, 'val_rmse_target_6': 1.0927226543426514, 'val_mae_target_6': 0.8018431067466736, 'val_r2_target_6': -5.275909900665283, 'val_rmse_target_7': 1.010219931602478, 'val_mae_target_7': 0.8693906664848328, 'val_r2_target_7': -4.391827583312988}",COMPLETE
13,0.35537549525499346,2026-03-01 15:11:47.939122,2026-03-01 15:13:37.580229,0 days 00:01:49.641107,6,0.27232360497014263,384,0.00015835461666790883,2,50,0.75,0.0024374833268916503,"{'val_rmse_mean': 0.8995239734649658, 'val_mae_mean': 0.7204061150550842, 'val_r2_mean': -5.7368340492248535, 'val_rmse_target_0': 0.8278115391731262, 'val_mae_target_0': 0.6807149648666382, 'val_r2_target_0': -1.5355737209320068, 'val_rmse_target_1': 0.8207999467849731, 'val_mae_target_1': 0.6143999695777893, 'val_r2_target_1': -1.7610447406768799, 'val_rmse_target_2': 0.7991305589675903, 'val_mae_target_2': 0.6634564995765686, 'val_r2_target_2': -1.3376636505126953, 'val_rmse_target_3': 0.8483263850212097, 'val_mae_target_3': 0.6716580986976624, 'val_r2_target_3': -1.8246829509735107, 'val_rmse_target_4': 0.9000349640846252, 'val_mae_target_4': 0.7277817726135254, 'val_r2_target_4': -4.662013053894043, 'val_rmse_target_5': 1.0273469686508179, 'val_mae_target_5': 0.8384038805961609, 'val_r2_target_5': -20.494569778442383, 'val_rmse_target_6': 1.058974027633667, 'val_mae_target_6': 0.7813143730163574, 'val_r2_target_6': -8.46367359161377, 'val_rmse_target_7': 0.9137675762176514, 'val_mae_target_7': 0.7855193614959717, 'val_r2_target_7': -5.815446853637695}",COMPLETE
14,0.3695711234211922,2026-03-01 15:13:37.646309,2026-03-01 15:15:41.828993,0 days 00:02:04.182684,6,0.16612767785391463,384,0.00010129415907884796,2,55,0.5,0.002871667445599973,"{'val_rmse_mean': 0.9212529063224792, 'val_mae_mean': 0.7358942627906799, 'val_r2_mean': -7.533634662628174, 'val_rmse_target_0': 0.8408709168434143, 'val_mae_target_0': 0.6543301343917847, 'val_r2_target_0': -2.814649820327759, 'val_rmse_target_1': 0.8656156659126282, 'val_mae_target_1': 0.6650433540344238, 'val_r2_target_1': -3.095733165740967, 'val_rmse_target_2': 0.8053341507911682, 'val_mae_target_2': 0.6659693121910095, 'val_r2_target_2': -2.5855250358581543, 'val_rmse_target_3': 0.8485198616981506, 'val_mae_target_3': 0.6815828084945679, 'val_r2_target_3': -2.811605930328369, 'val_rmse_target_4': 0.9259123206138611, 'val_mae_target_4': 0.7576624155044556, 'val_r2_target_4': -7.319517135620117, 'val_rmse_target_5': 1.0385366678237915, 'val_mae_target_5': 0.8518180847167969, 'val_r2_target_5': -22.38654899597168, 'val_rmse_target_6': 1.103338599205017, 'val_mae_target_6': 0.7913278937339783, 'val_r2_target_6': -13.218544006347656, 'val_rmse_target_7': 0.9418948292732239, 'val_mae_target_7': 0.8194200992584229, 'val_r2_target_7': -6.036958694458008}",COMPLETE
15,0.3538940015435219,2026-03-01 15:15:41.894073,2026-03-01 15:17:40.575888,0 days 00:01:58.681815,6,0.23288578535638005,384,0.00019760992961547613,3,40,0.75,0.002618508415767429,"{'val_rmse_mean': 0.9004137516021729, 'val_mae_mean': 0.7165582180023193, 'val_r2_mean': -5.625269412994385, 'val_rmse_target_0': 0.8883424401283264, 'val_mae_target_0': 0.7171108722686768, 'val_r2_target_0': -2.5399622917175293, 'val_rmse_target_1': 0.8378509283065796, 'val_mae_target_1': 0.6002508401870728, 'val_r2_target_1': -2.3954505920410156, 'val_rmse_target_2': 0.8161745071411133, 'val_mae_target_2': 0.6583807468414307, 'val_r2_target_2': -1.7877788543701172, 'val_rmse_target_3': 0.8191574215888977, 'val_mae_target_3': 0.6660301089286804, 'val_r2_target_3': -1.919525384902954, 'val_rmse_target_4': 0.8851382732391357, 'val_mae_target_4': 0.726047158241272, 'val_r2_target_4': -3.250030517578125, 'val_rmse_target_5': 1.0119667053222656, 'val_mae_target_5': 0.8280065655708313, 'val_r2_target_5': -17.669700622558594, 'val_rmse_target_6': 1.030585527420044, 'val_mae_target_6': 0.7557518482208252, 'val_r2_target_6': -9.551111221313477, 'val_rmse_target_7': 0.914094090461731, 'val_mae_target_7': 0.7808876037597656, 'val_r2_target_7': -5.88859748840332}",COMPLETE
16,0.38039807707071305,2026-03-01 15:17:40.643327,2026-03-01 15:19:54.703934,0 days 00:02:14.060607,6,0.2021911512784587,384,0.00015784657435233783,4,45,0.75,0.0025157646146410106,"{'val_rmse_mean': 0.9413115978240967, 'val_mae_mean': 0.742140531539917, 'val_r2_mean': -10.000321388244629, 'val_rmse_target_0': 0.9652351140975952, 'val_mae_target_0': 0.7450190782546997, 'val_r2_target_0': -6.328104019165039, 'val_rmse_target_1': 0.869337260723114, 'val_mae_target_1': 0.6349852085113525, 'val_r2_target_1': -4.9594526290893555, 'val_rmse_target_2': 0.865919828414917, 'val_mae_target_2': 0.7057203054428101, 'val_r2_target_2': -3.7859416007995605, 'val_rmse_target_3': 0.8491925001144409, 'val_mae_target_3': 0.6782147288322449, 'val_r2_target_3': -3.197535514831543, 'val_rmse_target_4': 0.9126749634742737, 'val_mae_target_4': 0.7406107187271118, 'val_r2_target_4': -5.966640949249268, 'val_rmse_target_5': 1.0557632446289062, 'val_mae_target_5': 0.8645528554916382, 'val_r2_target_5': -28.584936141967773, 'val_rmse_target_6': 1.0867950916290283, 'val_mae_target_6': 0.770426332950592, 'val_r2_target_6': -20.011642456054688, 'val_rmse_target_7': 0.9255748987197876, 'val_mae_target_7': 0.7975949645042419, 'val_r2_target_7': -7.168312072753906}",COMPLETE
17,0.44781643897295,2026-03-01 15:19:54.769575,2026-03-01 15:21:03.786227,0 days 00:01:09.016652,6,0.33714123482719116,384,0.002102332624451022,3,60,0.75,0.0032077804035476674,"{'val_rmse_mean': 1.0389443635940552, 'val_mae_mean': 0.8187102675437927, 'val_r2_mean': -6.900096893310547, 'val_rmse_target_0': 0.9994494318962097, 'val_mae_target_0': 0.7637882828712463, 'val_r2_target_0': -3.3544483184814453, 'val_rmse_target_1': 0.9795237183570862, 'val_mae_target_1': 0.7183489799499512, 'val_r2_target_1': -3.892446517944336, 'val_rmse_target_2': 0.937082827091217, 'val_mae_target_2': 0.7424983978271484, 'val_r2_target_2': -2.4689583778381348, 'val_rmse_target_3': 1.0544712543487549, 'val_mae_target_3': 0.8805203437805176, 'val_r2_target_3': -3.66788387298584, 'val_rmse_target_4': 1.0473350286483765, 'val_mae_target_4': 0.8307576179504395, 'val_r2_target_4': -4.814921855926514, 'val_rmse_target_5': 1.110446572303772, 'val_mae_target_5': 0.8997238874435425, 'val_r2_target_5': -16.65994644165039, 'val_rmse_target_6': 1.1177178621292114, 'val_mae_target_6': 0.8144689202308655, 'val_r2_target_6': -15.631376266479492, 'val_rmse_target_7': 1.065528154373169, 'val_mae_target_7': 0.89957594871521, 'val_r2_target_7': -4.710791110992432}",COMPLETE
18,0.41227913796901705,2026-03-01 15:21:03.854468,2026-03-01 15:22:46.051806,0 days 00:01:42.197338,6,0.19572498553126308,128,0.0003976734690442053,3,50,0.5,0.0004638492132110662,"{'val_rmse_mean': 0.9892587065696716, 'val_mae_mean': 0.7832512855529785, 'val_r2_mean': -14.902630805969238, 'val_rmse_target_0': 0.972577691078186, 'val_mae_target_0': 0.7350098490715027, 'val_r2_target_0': -9.484155654907227, 'val_rmse_target_1': 0.9104248881340027, 'val_mae_target_1': 0.6912819147109985, 'val_r2_target_1': -7.187504768371582, 'val_rmse_target_2': 0.8418350219726562, 'val_mae_target_2': 0.702057421207428, 'val_r2_target_2': -4.266475200653076, 'val_rmse_target_3': 0.9819716215133667, 'val_mae_target_3': 0.821867048740387, 'val_r2_target_3': -8.15273666381836, 'val_rmse_target_4': 1.022735595703125, 'val_mae_target_4': 0.8493126630783081, 'val_r2_target_4': -12.116853713989258, 'val_rmse_target_5': 1.0552221536636353, 'val_mae_target_5': 0.8586570620536804, 'val_r2_target_5': -32.92864990234375, 'val_rmse_target_6': 1.1751271486282349, 'val_mae_target_6': 0.802969217300415, 'val_r2_target_6': -30.70219612121582, 'val_rmse_target_7': 0.9541757702827454, 'val_mae_target_7': 0.8048553466796875, 'val_r2_target_7': -14.38247299194336}",COMPLETE
19,0.43080469220876694,2026-03-01 15:22:46.119204,2026-03-01 15:25:10.561183,0 days 00:02:24.441979,6,0.3521269173035212,512,0.00015332690981596865,4,35,0.75,5.01784354803667e-05,"{'val_rmse_mean': 1.0185225009918213, 'val_mae_mean': 0.8029131293296814, 'val_r2_mean': -43.7161750793457, 'val_rmse_target_0': 1.0049724578857422, 'val_mae_target_0': 0.7753505110740662, 'val_r2_target_0': -18.763324737548828, 'val_rmse_target_1': 0.9775649905204773, 'val_mae_target_1': 0.7192773222923279, 'val_r2_target_1': -19.621192932128906, 'val_rmse_target_2': 0.9693394899368286, 'val_mae_target_2': 0.7968457937240601, 'val_r2_target_2': -19.972267150878906, 'val_rmse_target_3': 0.9678035378456116, 'val_mae_target_3': 0.8100419640541077, 'val_r2_target_3': -18.931501388549805, 'val_rmse_target_4': 0.9889511466026306, 'val_mae_target_4': 0.7997807264328003, 'val_r2_target_4': -27.412208557128906, 'val_rmse_target_5': 1.0633007287979126, 'val_mae_target_5': 0.8695337772369385, 'val_r2_target_5': -137.35659790039062, 'val_rmse_target_6': 1.1481894254684448, 'val_mae_target_6': 0.7907930612564087, 'val_r2_target_6': -57.378662109375, 'val_rmse_target_7': 1.0280580520629883, 'val_mae_target_7': 0.8616815209388733, 'val_r2_target_7': -50.29365539550781}",COMPLETE
20,0.3651511806249619,2026-03-01 15:25:10.627328,2026-03-01 15:26:53.629313,0 days 00:01:43.001985,6,0.10659335929693173,384,0.0001673926108150746,3,40,0.75,0.004460022599651014,"{'val_rmse_mean': 0.9099897146224976, 'val_mae_mean': 0.7326062321662903, 'val_r2_mean': -5.927628517150879, 'val_rmse_target_0': 0.8638855218887329, 'val_mae_target_0': 0.68131422996521, 'val_r2_target_0': -2.6520097255706787, 'val_rmse_target_1': 0.8399025201797485, 'val_mae_target_1': 0.6205916404724121, 'val_r2_target_1': -2.2051703929901123, 'val_rmse_target_2': 0.8004805445671082, 'val_mae_target_2': 0.6612493395805359, 'val_r2_target_2': -1.5860035419464111, 'val_rmse_target_3': 0.811497688293457, 'val_mae_target_3': 0.6768837571144104, 'val_r2_target_3': -2.184344530105591, 'val_rmse_target_4': 0.9009203314781189, 'val_mae_target_4': 0.7461636066436768, 'val_r2_target_4': -4.882527828216553, 'val_rmse_target_5': 1.036267876625061, 'val_mae_target_5': 0.8499121069908142, 'val_r2_target_5': -17.864118576049805, 'val_rmse_target_6': 1.0795307159423828, 'val_mae_target_6': 0.7986757755279541, 'val_r2_target_6': -10.09092903137207, 'val_rmse_target_7': 0.9474322199821472, 'val_mae_target_7': 0.8260594010353088, 'val_r2_target_7': -5.955924034118652}",COMPLETE
21,0.34804690539836886,2026-03-01 15:26:53.696878,2026-03-01 15:28:44.759903,0 days 00:01:51.063025,6,0.11464010415756672,384,0.00017271619603150752,3,40,0.75,0.004212801460325797,"{'val_rmse_mean': 0.8912596106529236, 'val_mae_mean': 0.7061280012130737, 'val_r2_mean': -5.725140571594238, 'val_rmse_target_0': 0.8594918251037598, 'val_mae_target_0': 0.6835718750953674, 'val_r2_target_0': -1.822875738143921, 'val_rmse_target_1': 0.7878883481025696, 'val_mae_target_1': 0.5774321556091309, 'val_r2_target_1': -1.2789132595062256, 'val_rmse_target_2': 0.7448246479034424, 'val_mae_target_2': 0.5874397158622742, 'val_r2_target_2': -0.9285800457000732, 'val_rmse_target_3': 0.8360376954078674, 'val_mae_target_3': 0.6668734550476074, 'val_r2_target_3': -1.940244197845459, 'val_rmse_target_4': 0.8898162841796875, 'val_mae_target_4': 0.7274949550628662, 'val_r2_target_4': -3.00181245803833, 'val_rmse_target_5': 1.0375422239303589, 'val_mae_target_5': 0.848924994468689, 'val_r2_target_5': -21.8625431060791, 'val_rmse_target_6': 1.1045410633087158, 'val_mae_target_6': 0.7945171594619751, 'val_r2_target_6': -11.555185317993164, 'val_rmse_target_7': 0.8699347972869873, 'val_mae_target_7': 0.7627695202827454, 'val_r2_target_7': -3.410970687866211}",COMPLETE
22,0.3902459490299225,2026-03-01 15:28:44.827045,2026-03-01 15:29:58.418110,0 days 00:01:13.591065,6,0.17030987002307793,384,0.00048173785677616123,2,40,0.75,0.0021979722490598035,"{'val_rmse_mean': 0.943812370300293, 'val_mae_mean': 0.7602736949920654, 'val_r2_mean': -3.675778388977051, 'val_rmse_target_0': 0.8497758507728577, 'val_mae_target_0': 0.6977384090423584, 'val_r2_target_0': -1.3309450149536133, 'val_rmse_target_1': 0.8675652742385864, 'val_mae_target_1': 0.6527860164642334, 'val_r2_target_1': -1.100524663925171, 'val_rmse_target_2': 0.8471403121948242, 'val_mae_target_2': 0.6755074262619019, 'val_r2_target_2': -0.8671376705169678, 'val_rmse_target_3': 0.8962754607200623, 'val_mae_target_3': 0.7446689605712891, 'val_r2_target_3': -1.8365278244018555, 'val_rmse_target_4': 0.9768062233924866, 'val_mae_target_4': 0.8316001892089844, 'val_r2_target_4': -4.02235221862793, 'val_rmse_target_5': 1.1245925426483154, 'val_mae_target_5': 0.9199588894844055, 'val_r2_target_5': -12.539511680603027, 'val_rmse_target_6': 1.0181118249893188, 'val_mae_target_6': 0.7563498020172119, 'val_r2_target_6': -4.273315906524658, 'val_rmse_target_7': 0.9702317714691162, 'val_mae_target_7': 0.8035795092582703, 'val_r2_target_7': -3.435913562774658}",COMPLETE
23,0.3576418858766556,2026-03-01 15:29:58.483479,2026-03-01 15:31:39.624193,0 days 00:01:41.140714,6,0.22787035657718446,384,0.0002292271359558182,3,50,0.75,0.0017575295096910193,"{'val_rmse_mean': 0.9020032286643982, 'val_mae_mean': 0.7163510322570801, 'val_r2_mean': -5.298547744750977, 'val_rmse_target_0': 0.8425583243370056, 'val_mae_target_0': 0.688913106918335, 'val_r2_target_0': -1.8733162879943848, 'val_rmse_target_1': 0.807177722454071, 'val_mae_target_1': 0.6151251792907715, 'val_r2_target_1': -1.6076900959014893, 'val_rmse_target_2': 0.7803979516029358, 'val_mae_target_2': 0.6203000545501709, 'val_r2_target_2': -1.331944465637207, 'val_rmse_target_3': 0.8420233130455017, 'val_mae_target_3': 0.6570622324943542, 'val_r2_target_3': -2.208066463470459, 'val_rmse_target_4': 0.9207984805107117, 'val_mae_target_4': 0.7366117238998413, 'val_r2_target_4': -3.623690605163574, 'val_rmse_target_5': 1.0531010627746582, 'val_mae_target_5': 0.8656697273254395, 'val_r2_target_5': -18.528989791870117, 'val_rmse_target_6': 1.0641382932662964, 'val_mae_target_6': 0.7709652781486511, 'val_r2_target_6': -9.003344535827637, 'val_rmse_target_7': 0.9058306217193604, 'val_mae_target_7': 0.7761608958244324, 'val_r2_target_7': -4.211341381072998}",COMPLETE
24,0.35799952149391173,2026-03-01 15:31:39.689815,2026-03-01 15:33:48.143935,0 days 00:02:08.454120,6,0.1452771820828779,384,0.00013145645316708175,3,55,0.75,0.004742191467708519,"{'val_rmse_mean': 0.909088134765625, 'val_mae_mean': 0.7167568206787109, 'val_r2_mean': -6.585369110107422, 'val_rmse_target_0': 0.8678279519081116, 'val_mae_target_0': 0.6856855750083923, 'val_r2_target_0': -2.6093246936798096, 'val_rmse_target_1': 0.8225162625312805, 'val_mae_target_1': 0.599500298500061, 'val_r2_target_1': -2.565645694732666, 'val_rmse_target_2': 0.7442520260810852, 'val_mae_target_2': 0.5962452292442322, 'val_r2_target_2': -1.3147189617156982, 'val_rmse_target_3': 0.8438020944595337, 'val_mae_target_3': 0.6837080121040344, 'val_r2_target_3': -2.620906352996826, 'val_rmse_target_4': 0.9050759077072144, 'val_mae_target_4': 0.7399733662605286, 'val_r2_target_4': -3.7205557823181152, 'val_rmse_target_5': 1.0335625410079956, 'val_mae_target_5': 0.8476347923278809, 'val_r2_target_5': -19.114015579223633, 'val_rmse_target_6': 1.118904948234558, 'val_mae_target_6': 0.7768494486808777, 'val_r2_target_6': -14.178011894226074, 'val_rmse_target_7': 0.936762809753418, 'val_mae_target_7': 0.8044582605361938, 'val_r2_target_7': -6.55977725982666}",COMPLETE
25,0.37210812777280805,2026-03-01 15:33:48.210055,2026-03-01 15:35:11.213683,0 days 00:01:23.003628,6,0.2264911542744447,384,0.0003212899401274083,2,35,0.5,0.0008209208246642918,"{'val_rmse_mean': 0.9255834817886353, 'val_mae_mean': 0.7368345260620117, 'val_r2_mean': -7.936572551727295, 'val_rmse_target_0': 0.8504195809364319, 'val_mae_target_0': 0.6700583696365356, 'val_r2_target_0': -1.7859432697296143, 'val_rmse_target_1': 0.8703646659851074, 'val_mae_target_1': 0.6632343530654907, 'val_r2_target_1': -2.354295015335083, 'val_rmse_target_2': 0.8120817542076111, 'val_mae_target_2': 0.645296573638916, 'val_r2_target_2': -1.776954174041748, 'val_rmse_target_3': 0.8895723819732666, 'val_mae_target_3': 0.7343797087669373, 'val_r2_target_3': -4.307260990142822, 'val_rmse_target_4': 0.920500636100769, 'val_mae_target_4': 0.778312087059021, 'val_r2_target_4': -5.301543712615967, 'val_rmse_target_5': 1.0450506210327148, 'val_mae_target_5': 0.8496443033218384, 'val_r2_target_5': -25.302818298339844, 'val_rmse_target_6': 1.0739836692810059, 'val_mae_target_6': 0.751666784286499, 'val_r2_target_6': -12.619531631469727, 'val_rmse_target_7': 0.9426941275596619, 'val_mae_target_7': 0.8020840287208557, 'val_r2_target_7': -10.044238090515137}",COMPLETE
26,0.4268042770028114,2026-03-01 15:35:11.279854,2026-03-01 15:37:28.430245,0 days 00:02:17.150391,6,0.34444601100220384,384,0.0001974641013782158,4,45,0.75,0.009923447709564999,"{'val_rmse_mean': 1.0149041414260864, 'val_mae_mean': 0.797706127166748, 'val_r2_mean': -30.840028762817383, 'val_rmse_target_0': 1.0190422534942627, 'val_mae_target_0': 0.7796973586082458, 'val_r2_target_0': -19.2994441986084, 'val_rmse_target_1': 0.9616522192955017, 'val_mae_target_1': 0.7028600573539734, 'val_r2_target_1': -18.26229476928711, 'val_rmse_target_2': 0.9335559010505676, 'val_mae_target_2': 0.7534852623939514, 'val_r2_target_2': -15.960702896118164, 'val_rmse_target_3': 0.9841902256011963, 'val_mae_target_3': 0.8206997513771057, 'val_r2_target_3': -24.102983474731445, 'val_rmse_target_4': 0.985181450843811, 'val_mae_target_4': 0.7999943494796753, 'val_r2_target_4': -23.196460723876953, 'val_rmse_target_5': 1.0529425144195557, 'val_mae_target_5': 0.8578502535820007, 'val_r2_target_5': -55.63688278198242, 'val_rmse_target_6': 1.1371906995773315, 'val_mae_target_6': 0.7880344390869141, 'val_r2_target_6': -46.08770751953125, 'val_rmse_target_7': 1.0454776287078857, 'val_mae_target_7': 0.8790275454521179, 'val_r2_target_7': -44.173763275146484}",COMPLETE
27,0.3926390543580055,2026-03-01 15:37:28.496437,2026-03-01 15:38:44.257094,0 days 00:01:15.760657,6,0.14168273156351083,512,0.000535083063837534,3,55,0.75,0.0006330086277490666,"{'val_rmse_mean': 0.9566506743431091, 'val_mae_mean': 0.7641662359237671, 'val_r2_mean': -3.2502694129943848, 'val_rmse_target_0': 0.8526367545127869, 'val_mae_target_0': 0.6907653212547302, 'val_r2_target_0': -0.8945084810256958, 'val_rmse_target_1': 0.9329617619514465, 'val_mae_target_1': 0.7221530079841614, 'val_r2_target_1': -1.1648790836334229, 'val_rmse_target_2': 0.8486319184303284, 'val_mae_target_2': 0.6653344631195068, 'val_r2_target_2': -0.5391038656234741, 'val_rmse_target_3': 0.9570148587226868, 'val_mae_target_3': 0.7663741111755371, 'val_r2_target_3': -1.2597055435180664, 'val_rmse_target_4': 0.9958427548408508, 'val_mae_target_4': 0.8163765072822571, 'val_r2_target_4': -2.692587375640869, 'val_rmse_target_5': 1.050293207168579, 'val_mae_target_5': 0.8408631086349487, 'val_r2_target_5': -9.432332038879395, 'val_rmse_target_6': 1.072955846786499, 'val_mae_target_6': 0.789806604385376, 'val_r2_target_6': -7.483260154724121, 'val_rmse_target_7': 0.9428686499595642, 'val_mae_target_7': 0.8216570019721985, 'val_r2_target_7': -2.5357818603515625}",COMPLETE
28,0.443714924454689,2026-03-01 15:38:44.323004,2026-03-01 15:40:41.111996,0 days 00:01:56.788992,6,0.23951737165618653,128,0.00012868830940745946,2,40,0.75,0.0017006539840959689,"{'val_rmse_mean': 1.0349432229995728, 'val_mae_mean': 0.8180845975875854, 'val_r2_mean': -44.048648834228516, 'val_rmse_target_0': 1.0239125490188599, 'val_mae_target_0': 0.8158429861068726, 'val_r2_target_0': -30.228076934814453, 'val_rmse_target_1': 1.0218462944030762, 'val_mae_target_1': 0.7707902789115906, 'val_r2_target_1': -20.963884353637695, 'val_rmse_target_2': 0.9985983967781067, 'val_mae_target_2': 0.8435444831848145, 'val_r2_target_2': -19.191482543945312, 'val_rmse_target_3': 0.9826863408088684, 'val_mae_target_3': 0.7909082174301147, 'val_r2_target_3': -26.239606857299805, 'val_rmse_target_4': 0.9882950782775879, 'val_mae_target_4': 0.7911046743392944, 'val_r2_target_4': -21.893617630004883, 'val_rmse_target_5': 1.05729079246521, 'val_mae_target_5': 0.8766857981681824, 'val_r2_target_5': -127.69955444335938, 'val_rmse_target_6': 1.1812608242034912, 'val_mae_target_6': 0.8017802238464355, 'val_r2_target_6': -62.689491271972656, 'val_rmse_target_7': 1.0256555080413818, 'val_mae_target_7': 0.8540201783180237, 'val_r2_target_7': -43.4835090637207}",COMPLETE
29,0.3731382855772972,2026-03-01 15:40:41.180420,2026-03-01 15:42:03.046605,0 days 00:01:21.866185,6,0.3143578381292386,1024,0.00033580993087176136,3,45,0.5,0.0039529834900361455,"{'val_rmse_mean': 0.9265432953834534, 'val_mae_mean': 0.7397851943969727, 'val_r2_mean': -4.5544352531433105, 'val_rmse_target_0': 0.861179530620575, 'val_mae_target_0': 0.7106761336326599, 'val_r2_target_0': -1.3825263977050781, 'val_rmse_target_1': 0.8182675242424011, 'val_mae_target_1': 0.6315580606460571, 'val_r2_target_1': -1.3050868511199951, 'val_rmse_target_2': 0.8277257084846497, 'val_mae_target_2': 0.653014063835144, 'val_r2_target_2': -1.2279982566833496, 'val_rmse_target_3': 0.8995088338851929, 'val_mae_target_3': 0.7262929677963257, 'val_r2_target_3': -2.5471994876861572, 'val_rmse_target_4': 0.9528148174285889, 'val_mae_target_4': 0.7839401364326477, 'val_r2_target_4': -4.585357666015625, 'val_rmse_target_5': 1.0639255046844482, 'val_mae_target_5': 0.8932170271873474, 'val_r2_target_5': -15.322700500488281, 'val_rmse_target_6': 1.0835185050964355, 'val_mae_target_6': 0.7583827972412109, 'val_r2_target_6': -5.826912879943848, 'val_rmse_target_7': 0.9054062962532043, 'val_mae_target_7': 0.761200487613678, 'val_r2_target_7': -4.2377028465271}",COMPLETE
