number,value,datetime_start,datetime_complete,duration,params_aggregation,params_dropout,params_hidden_dim,params_lr,params_weight_decay,user_attrs_val_metrics,state
0,0.40708592451281017,2026-01-30 16:39:42.764652,2026-01-30 16:39:51.323293,0 days 00:00:08.558641,mean,0.24149494533014326,64,0.002663833131847564,0.00025513894026673965,"{'val_rmse_mean': 1.0118557214736938, 'val_mae_mean': 0.7656615376472473, 'val_r2_mean': -4.029518127441406, 'val_rmse_target_0': 0.94712233543396, 'val_mae_target_0': 0.6186618804931641, 'val_r2_target_0': -5.513399600982666, 'val_rmse_target_1': 1.0917937755584717, 'val_mae_target_1': 0.7884652018547058, 'val_r2_target_1': -3.7453508377075195, 'val_rmse_target_2': 0.9498810768127441, 'val_mae_target_2': 0.8212078213691711, 'val_r2_target_2': -1.6531789302825928, 'val_rmse_target_3': 1.0586258172988892, 'val_mae_target_3': 0.834311306476593, 'val_r2_target_3': -5.206142902374268}",COMPLETE
1,0.381338426636325,2026-01-30 16:39:51.407290,2026-01-30 16:40:00.989410,0 days 00:00:09.582120,attention,0.3611736204381636,128,0.00020478514554664507,1.029328853924218e-05,"{'val_rmse_mean': 1.000541090965271, 'val_mae_mean': 0.7180986404418945, 'val_r2_mean': -111.04759216308594, 'val_rmse_target_0': 1.008462905883789, 'val_mae_target_0': 0.623751699924469, 'val_r2_target_0': -106.13653564453125, 'val_rmse_target_1': 1.0037869215011597, 'val_mae_target_1': 0.7049470543861389, 'val_r2_target_1': -71.08146667480469, 'val_rmse_target_2': 0.9630106091499329, 'val_mae_target_2': 0.8362622261047363, 'val_r2_target_2': -77.11569213867188, 'val_rmse_target_3': 1.026903748512268, 'val_mae_target_3': 0.7074336409568787, 'val_r2_target_3': -189.85667419433594}",COMPLETE
2,0.37487414479255676,2026-01-30 16:40:01.073417,2026-01-30 16:40:10.330145,0 days 00:00:09.256728,mean,0.28169938803929856,128,0.0009862677966264513,0.007891206035553554,"{'val_rmse_mean': 0.9728017449378967, 'val_mae_mean': 0.7166929244995117, 'val_r2_mean': -10.853816986083984, 'val_rmse_target_0': 0.9514631032943726, 'val_mae_target_0': 0.6001313328742981, 'val_r2_target_0': -8.72167682647705, 'val_rmse_target_1': 1.0195056200027466, 'val_mae_target_1': 0.7123993635177612, 'val_r2_target_1': -12.978631973266602, 'val_rmse_target_2': 0.9133262038230896, 'val_mae_target_2': 0.8147978782653809, 'val_r2_target_2': -3.5589332580566406, 'val_rmse_target_3': 1.0069119930267334, 'val_mae_target_3': 0.7394430637359619, 'val_r2_target_3': -18.156024932861328}",COMPLETE
3,0.3971115858466537,2026-01-30 16:40:10.404911,2026-01-30 16:40:19.135826,0 days 00:00:08.730915,mean,0.19126894914941883,64,0.0033536620546962205,0.0005763867820429909,"{'val_rmse_mean': 0.9964364171028137, 'val_mae_mean': 0.7455344200134277, 'val_r2_mean': -3.019836902618408, 'val_rmse_target_0': 0.9278871417045593, 'val_mae_target_0': 0.6199250817298889, 'val_r2_target_0': -3.657139778137207, 'val_rmse_target_1': 1.1010286808013916, 'val_mae_target_1': 0.7469603419303894, 'val_r2_target_1': -2.390061378479004, 'val_rmse_target_2': 0.8917888402938843, 'val_mae_target_2': 0.7660792469978333, 'val_r2_target_2': -1.3209428787231445, 'val_rmse_target_3': 1.0650408267974854, 'val_mae_target_3': 0.8491730690002441, 'val_r2_target_3': -4.711202621459961}",COMPLETE
4,0.4076668934689628,2026-01-30 16:40:19.220343,2026-01-30 16:40:28.517414,0 days 00:00:09.297071,attention,0.3187196419267851,64,0.003355712460904705,0.00011897819106260732,"{'val_rmse_mean': 0.9999673366546631, 'val_mae_mean': 0.7778564691543579, 'val_r2_mean': -3.4827728271484375, 'val_rmse_target_0': 0.9216925501823425, 'val_mae_target_0': 0.6600870490074158, 'val_r2_target_0': -3.1211013793945312, 'val_rmse_target_1': 1.103592038154602, 'val_mae_target_1': 0.808997631072998, 'val_r2_target_1': -2.777059316635132, 'val_rmse_target_2': 0.9217855334281921, 'val_mae_target_2': 0.8146171569824219, 'val_r2_target_2': -1.833542823791504, 'val_rmse_target_3': 1.0527993440628052, 'val_mae_target_3': 0.827724039554596, 'val_r2_target_3': -6.1993889808654785}",COMPLETE
5,0.3835351794820141,2026-01-30 16:40:28.601195,2026-01-30 16:40:37.881945,0 days 00:00:09.280750,attention,0.312725247937834,32,0.0008777415330744672,3.28441935463412e-05,"{'val_rmse_mean': 0.98984694480896, 'val_mae_mean': 0.7350881099700928, 'val_r2_mean': -39.143497467041016, 'val_rmse_target_0': 0.9812361598014832, 'val_mae_target_0': 0.6553017497062683, 'val_r2_target_0': -34.303192138671875, 'val_rmse_target_1': 1.0207648277282715, 'val_mae_target_1': 0.6992546319961548, 'val_r2_target_1': -62.27025604248047, 'val_rmse_target_2': 0.9529366493225098, 'val_mae_target_2': 0.8443214297294617, 'val_r2_target_2': -20.320981979370117, 'val_rmse_target_3': 1.0044502019882202, 'val_mae_target_3': 0.7414746880531311, 'val_r2_target_3': -39.67955780029297}",COMPLETE
6,0.37833405644805346,2026-01-30 16:40:37.965058,2026-01-30 16:40:46.579767,0 days 00:00:08.614709,mean,0.3070167176708547,128,0.00027728676090932943,0.00028407541116112496,"{'val_rmse_mean': 0.9903714060783386, 'val_mae_mean': 0.7174084186553955, 'val_r2_mean': -61.3494873046875, 'val_rmse_target_0': 0.9710423946380615, 'val_mae_target_0': 0.6248926520347595, 'val_r2_target_0': -58.56940460205078, 'val_rmse_target_1': 1.0211150646209717, 'val_mae_target_1': 0.7109125852584839, 'val_r2_target_1': -80.4460678100586, 'val_rmse_target_2': 0.9532210230827332, 'val_mae_target_2': 0.821853756904602, 'val_r2_target_2': -24.237234115600586, 'val_rmse_target_3': 1.0161070823669434, 'val_mae_target_3': 0.7119747400283813, 'val_r2_target_3': -82.14523315429688}",COMPLETE
7,0.37747179896191313,2026-01-30 16:40:46.663343,2026-01-30 16:40:56.146691,0 days 00:00:09.483348,attention,0.18136404878783355,128,0.00024199446110197156,0.00010520637367667713,"{'val_rmse_mean': 0.9932959675788879, 'val_mae_mean': 0.7194133400917053, 'val_r2_mean': -66.66416931152344, 'val_rmse_target_0': 1.0066750049591064, 'val_mae_target_0': 0.640386164188385, 'val_r2_target_0': -63.724037170410156, 'val_rmse_target_1': 1.0010935068130493, 'val_mae_target_1': 0.6888406276702881, 'val_r2_target_1': -90.92562103271484, 'val_rmse_target_2': 0.9403001666069031, 'val_mae_target_2': 0.8311313986778259, 'val_r2_target_2': -26.748685836791992, 'val_rmse_target_3': 1.0251150131225586, 'val_mae_target_3': 0.7172951698303223, 'val_r2_target_3': -85.25833129882812}",COMPLETE
8,0.4062340484449157,2026-01-30 16:40:56.230758,2026-01-30 16:41:05.401228,0 days 00:00:09.170470,mean,0.09892677843171867,32,0.0038620704832005638,0.00033089171960283407,"{'val_rmse_mean': 1.0068433284759521, 'val_mae_mean': 0.7710034847259521, 'val_r2_mean': -3.7556121349334717, 'val_rmse_target_0': 0.9984995722770691, 'val_mae_target_0': 0.681168794631958, 'val_r2_target_0': -3.4627766609191895, 'val_rmse_target_1': 1.0993095636367798, 'val_mae_target_1': 0.7580482959747314, 'val_r2_target_1': -3.6271018981933594, 'val_rmse_target_2': 0.8796409964561462, 'val_mae_target_2': 0.8107119202613831, 'val_r2_target_2': -1.5642673969268799, 'val_rmse_target_3': 1.0499234199523926, 'val_mae_target_3': 0.8340850472450256, 'val_r2_target_3': -6.368302345275879}",COMPLETE
9,0.3818376558246436,2026-01-30 16:41:05.485908,2026-01-30 16:41:14.242958,0 days 00:00:08.757050,mean,0.18609113685199663,32,0.0007577009164065881,0.0024331407700648013,"{'val_rmse_mean': 0.9931386709213257, 'val_mae_mean': 0.7186205387115479, 'val_r2_mean': -43.10617446899414, 'val_rmse_target_0': 0.9907899498939514, 'val_mae_target_0': 0.6502296924591064, 'val_r2_target_0': -36.32635498046875, 'val_rmse_target_1': 0.9834489822387695, 'val_mae_target_1': 0.7006476521492004, 'val_r2_target_1': -65.47779846191406, 'val_rmse_target_2': 0.9588353633880615, 'val_mae_target_2': 0.8170771598815918, 'val_r2_target_2': -17.943405151367188, 'val_rmse_target_3': 1.039480447769165, 'val_mae_target_3': 0.7065277695655823, 'val_r2_target_3': -52.67713928222656}",COMPLETE
10,0.3920973476574377,2026-01-30 16:41:14.327440,2026-01-30 16:41:23.419601,0 days 00:00:09.092161,mean,0.03966519568535126,128,0.001404233654498862,0.007437192539222415,"{'val_rmse_mean': 0.9900565147399902, 'val_mae_mean': 0.7428956031799316, 'val_r2_mean': -4.428179740905762, 'val_rmse_target_0': 0.9516136646270752, 'val_mae_target_0': 0.60612952709198, 'val_r2_target_0': -5.618912220001221, 'val_rmse_target_1': 1.0612187385559082, 'val_mae_target_1': 0.7525478005409241, 'val_r2_target_1': -3.9347004890441895, 'val_rmse_target_2': 0.8955997824668884, 'val_mae_target_2': 0.7797644138336182, 'val_r2_target_2': -1.5441651344299316, 'val_rmse_target_3': 1.0517938137054443, 'val_mae_target_3': 0.8331406116485596, 'val_r2_target_3': -6.614943504333496}",COMPLETE
11,0.379797529567171,2026-01-30 16:41:23.493971,2026-01-30 16:41:33.007266,0 days 00:00:09.513295,attention,0.1242618378979195,128,0.00012007796926006649,0.0014193777426696236,"{'val_rmse_mean': 0.9954841136932373, 'val_mae_mean': 0.7215247750282288, 'val_r2_mean': -76.59601593017578, 'val_rmse_target_0': 0.9913605451583862, 'val_mae_target_0': 0.6425601840019226, 'val_r2_target_0': -72.11064147949219, 'val_rmse_target_1': 1.0351554155349731, 'val_mae_target_1': 0.7282798290252686, 'val_r2_target_1': -67.9457778930664, 'val_rmse_target_2': 0.9518658518791199, 'val_mae_target_2': 0.8247333765029907, 'val_r2_target_2': -62.30781936645508, 'val_rmse_target_3': 1.0035544633865356, 'val_mae_target_3': 0.6905258297920227, 'val_r2_target_3': -104.01981353759766}",COMPLETE
12,0.3658385102947553,2026-01-30 16:41:33.088766,2026-01-30 16:41:42.711346,0 days 00:00:09.622580,attention,0.2365254551324809,128,0.00041439855088810766,7.777099281065972e-05,"{'val_rmse_mean': 0.976547122001648, 'val_mae_mean': 0.706896185874939, 'val_r2_mean': -39.0294189453125, 'val_rmse_target_0': 1.0179489850997925, 'val_mae_target_0': 0.6471466422080994, 'val_r2_target_0': -42.448028564453125, 'val_rmse_target_1': 0.9826959371566772, 'val_mae_target_1': 0.688930094242096, 'val_r2_target_1': -52.22372817993164, 'val_rmse_target_2': 0.8945121765136719, 'val_mae_target_2': 0.7737193703651428, 'val_r2_target_2': -10.367902755737305, 'val_rmse_target_3': 1.0110315084457397, 'val_mae_target_3': 0.7177887558937073, 'val_r2_target_3': -51.078033447265625}",COMPLETE
13,0.3827993908414134,2026-01-30 16:41:42.788476,2026-01-30 16:41:52.211482,0 days 00:00:09.423006,attention,0.26708676320792,128,0.00042010121980522966,0.00911784381493807,"{'val_rmse_mean': 1.0010535717010498, 'val_mae_mean': 0.7269344925880432, 'val_r2_mean': -41.267677307128906, 'val_rmse_target_0': 1.0364561080932617, 'val_mae_target_0': 0.6682773232460022, 'val_r2_target_0': -42.93693542480469, 'val_rmse_target_1': 1.0126731395721436, 'val_mae_target_1': 0.7141162753105164, 'val_r2_target_1': -39.041404724121094, 'val_rmse_target_2': 0.9309805631637573, 'val_mae_target_2': 0.8263714909553528, 'val_r2_target_2': -12.724100112915039, 'val_rmse_target_3': 1.0241045951843262, 'val_mae_target_3': 0.6989729404449463, 'val_r2_target_3': -70.3682861328125}",COMPLETE
14,0.3929896431940573,2026-01-30 16:41:52.292899,2026-01-30 16:42:01.270776,0 days 00:00:08.977877,mean,0.24846031067995142,128,0.0015470254265770311,6.162176645434883e-05,"{'val_rmse_mean': 0.9923719167709351, 'val_mae_mean': 0.7433091402053833, 'val_r2_mean': -4.489022254943848, 'val_rmse_target_0': 0.991284191608429, 'val_mae_target_0': 0.6209685802459717, 'val_r2_target_0': -5.64413595199585, 'val_rmse_target_1': 1.0280998945236206, 'val_mae_target_1': 0.7242121696472168, 'val_r2_target_1': -4.35401725769043, 'val_rmse_target_2': 0.909838855266571, 'val_mae_target_2': 0.8176781535148621, 'val_r2_target_2': -1.9998822212219238, 'val_rmse_target_3': 1.04026460647583, 'val_mae_target_3': 0.8103774785995483, 'val_r2_target_3': -5.9580535888671875}",COMPLETE
15,0.37774395666740557,2026-01-30 16:42:01.354463,2026-01-30 16:42:11.288537,0 days 00:00:09.934074,attention,0.3955600311120555,128,0.0004758730834560707,1.448910190808594e-05,"{'val_rmse_mean': 0.9902666807174683, 'val_mae_mean': 0.721111536026001, 'val_r2_mean': -41.7725830078125, 'val_rmse_target_0': 1.0037336349487305, 'val_mae_target_0': 0.6452641487121582, 'val_r2_target_0': -64.05723571777344, 'val_rmse_target_1': 1.0002129077911377, 'val_mae_target_1': 0.6841996312141418, 'val_r2_target_1': -55.71321105957031, 'val_rmse_target_2': 0.9784050583839417, 'val_mae_target_2': 0.8600504398345947, 'val_r2_target_2': -17.846757888793945, 'val_rmse_target_3': 0.978715181350708, 'val_mae_target_3': 0.6949318647384644, 'val_r2_target_3': -29.47312355041504}",COMPLETE
16,0.387240515400966,2026-01-30 16:42:11.372272,2026-01-30 16:42:20.665883,0 days 00:00:09.293611,mean,0.13847728969639206,128,0.001039885311989245,0.002588633407982589,"{'val_rmse_mean': 0.9958541393280029, 'val_mae_mean': 0.7460609674453735, 'val_r2_mean': -7.662908554077148, 'val_rmse_target_0': 1.0007872581481934, 'val_mae_target_0': 0.6604427695274353, 'val_r2_target_0': -7.121498107910156, 'val_rmse_target_1': 1.0260419845581055, 'val_mae_target_1': 0.7146143317222595, 'val_r2_target_1': -9.171049118041992, 'val_rmse_target_2': 0.914967954158783, 'val_mae_target_2': 0.814460039138794, 'val_r2_target_2': -2.6627845764160156, 'val_rmse_target_3': 1.0416194200515747, 'val_mae_target_3': 0.7947269082069397, 'val_r2_target_3': -11.696305274963379}",COMPLETE
17,0.3733542075863591,2026-01-30 16:42:20.749359,2026-01-30 16:42:30.220336,0 days 00:00:09.470977,attention,0.2704751995690414,128,0.00045088594416531125,0.0008857571123199604,"{'val_rmse_mean': 0.9922986030578613, 'val_mae_mean': 0.709356427192688, 'val_r2_mean': -37.3621826171875, 'val_rmse_target_0': 1.0275899171829224, 'val_mae_target_0': 0.656825602054596, 'val_r2_target_0': -46.02835464477539, 'val_rmse_target_1': 1.0279819965362549, 'val_mae_target_1': 0.7133486270904541, 'val_r2_target_1': -37.8867301940918, 'val_rmse_target_2': 0.8870184421539307, 'val_mae_target_2': 0.7700737118721008, 'val_r2_target_2': -14.112473487854004, 'val_rmse_target_3': 1.0266039371490479, 'val_mae_target_3': 0.6971778869628906, 'val_r2_target_3': -51.421180725097656}",COMPLETE
18,0.3792983252141211,2026-01-30 16:42:30.304557,2026-01-30 16:42:39.311263,0 days 00:00:09.006706,attention,0.21781556988691123,32,0.0004999869604742336,0.0006152173462812427,"{'val_rmse_mean': 0.9986006617546082, 'val_mae_mean': 0.7158458828926086, 'val_r2_mean': -50.782745361328125, 'val_rmse_target_0': 0.992746114730835, 'val_mae_target_0': 0.602709174156189, 'val_r2_target_0': -63.29283142089844, 'val_rmse_target_1': 1.0088251829147339, 'val_mae_target_1': 0.7003145813941956, 'val_r2_target_1': -66.98977661132812, 'val_rmse_target_2': 0.9784132242202759, 'val_mae_target_2': 0.8460143804550171, 'val_r2_target_2': -19.487215042114258, 'val_rmse_target_3': 1.014418363571167, 'val_mae_target_3': 0.7143452167510986, 'val_r2_target_3': -53.361167907714844}",COMPLETE
19,0.3868998856180244,2026-01-30 16:42:39.390890,2026-01-30 16:42:48.656150,0 days 00:00:09.265260,attention,0.028356292512335124,64,0.00012815580435604815,4.0035405211420535e-05,"{'val_rmse_mean': 1.007680892944336, 'val_mae_mean': 0.7270965576171875, 'val_r2_mean': -89.81291961669922, 'val_rmse_target_0': 1.0157688856124878, 'val_mae_target_0': 0.6427492499351501, 'val_r2_target_0': -80.19469451904297, 'val_rmse_target_1': 0.9895101189613342, 'val_mae_target_1': 0.7055914998054504, 'val_r2_target_1': -91.9828109741211, 'val_rmse_target_2': 0.98311448097229, 'val_mae_target_2': 0.8558736443519592, 'val_r2_target_2': -97.04499053955078, 'val_rmse_target_3': 1.0423301458358765, 'val_mae_target_3': 0.7041717767715454, 'val_r2_target_3': -90.02918243408203}",COMPLETE
20,0.3862450164225366,2026-01-30 16:42:48.732369,2026-01-30 16:42:58.206012,0 days 00:00:09.473643,attention,0.3673848359471923,128,0.0003526594723730619,0.0008183881994060822,"{'val_rmse_mean': 1.0046465396881104, 'val_mae_mean': 0.7222142815589905, 'val_r2_mean': -61.648502349853516, 'val_rmse_target_0': 0.9956821203231812, 'val_mae_target_0': 0.6290791630744934, 'val_r2_target_0': -75.30642700195312, 'val_rmse_target_1': 1.0104687213897705, 'val_mae_target_1': 0.7055023312568665, 'val_r2_target_1': -75.80042266845703, 'val_rmse_target_2': 0.9652531147003174, 'val_mae_target_2': 0.8301647305488586, 'val_r2_target_2': -28.351503372192383, 'val_rmse_target_3': 1.0471820831298828, 'val_mae_target_3': 0.7241107821464539, 'val_r2_target_3': -67.13565063476562}",COMPLETE
21,0.3804672786069137,2026-01-30 16:42:58.280587,2026-01-30 16:43:07.836655,0 days 00:00:09.556068,attention,0.2661829139555948,128,0.0005987224110886786,0.002918854478256383,"{'val_rmse_mean': 0.9850106239318848, 'val_mae_mean': 0.725003182888031, 'val_r2_mean': -17.998994827270508, 'val_rmse_target_0': 0.9697739481925964, 'val_mae_target_0': 0.6220965385437012, 'val_r2_target_0': -23.22379493713379, 'val_rmse_target_1': 1.0174543857574463, 'val_mae_target_1': 0.7286660671234131, 'val_r2_target_1': -19.778060913085938, 'val_rmse_target_2': 0.9329112768173218, 'val_mae_target_2': 0.8284358978271484, 'val_r2_target_2': -9.364479064941406, 'val_rmse_target_3': 1.0199028253555298, 'val_mae_target_3': 0.7208142280578613, 'val_r2_target_3': -19.62964630126953}",COMPLETE
22,0.4102526580293973,2026-01-30 16:43:07.920330,2026-01-30 16:43:17.446427,0 days 00:00:09.526097,attention,0.29325583074316874,128,0.0017665213860476234,0.0046278456905068065,"{'val_rmse_mean': 1.0078849792480469, 'val_mae_mean': 0.7680935859680176, 'val_r2_mean': -3.134507179260254, 'val_rmse_target_0': 0.9437745213508606, 'val_mae_target_0': 0.6729022860527039, 'val_r2_target_0': -3.242893695831299, 'val_rmse_target_1': 1.128696322441101, 'val_mae_target_1': 0.7857177257537842, 'val_r2_target_1': -2.8635196685791016, 'val_rmse_target_2': 0.9025658369064331, 'val_mae_target_2': 0.7737014889717102, 'val_r2_target_2': -1.619701862335205, 'val_rmse_target_3': 1.0565030574798584, 'val_mae_target_3': 0.8400527238845825, 'val_r2_target_3': -4.811915397644043}",COMPLETE
23,0.39352268960188935,2026-01-30 16:43:17.530728,2026-01-30 16:43:26.621097,0 days 00:00:09.090369,mean,0.21686735583707564,128,0.001049180810749273,0.00016766199462345496,"{'val_rmse_mean': 1.0022575855255127, 'val_mae_mean': 0.7515221834182739, 'val_r2_mean': -9.75921630859375, 'val_rmse_target_0': 0.9883136749267578, 'val_mae_target_0': 0.6646998524665833, 'val_r2_target_0': -8.825240135192871, 'val_rmse_target_1': 1.0489803552627563, 'val_mae_target_1': 0.7231573462486267, 'val_r2_target_1': -11.360023498535156, 'val_rmse_target_2': 0.9303739070892334, 'val_mae_target_2': 0.835681676864624, 'val_r2_target_2': -3.4348864555358887, 'val_rmse_target_3': 1.0413622856140137, 'val_mae_target_3': 0.7825499176979065, 'val_r2_target_3': -15.416706085205078}",COMPLETE
24,0.38904910286267597,2026-01-30 16:43:26.705664,2026-01-30 16:43:36.641535,0 days 00:00:09.935871,attention,0.33489596864188576,128,0.0001837075743032743,0.0013856787999140094,"{'val_rmse_mean': 1.0076044797897339, 'val_mae_mean': 0.72874915599823, 'val_r2_mean': -92.79066467285156, 'val_rmse_target_0': 1.0152854919433594, 'val_mae_target_0': 0.6545754671096802, 'val_r2_target_0': -94.42822265625, 'val_rmse_target_1': 1.02302885055542, 'val_mae_target_1': 0.7104072570800781, 'val_r2_target_1': -124.98513793945312, 'val_rmse_target_2': 0.988304853439331, 'val_mae_target_2': 0.8497617244720459, 'val_r2_target_2': -70.94588470458984, 'val_rmse_target_3': 1.0037986040115356, 'val_mae_target_3': 0.700252115726471, 'val_r2_target_3': -80.80342102050781}",COMPLETE
25,0.3934178939865281,2026-01-30 16:43:36.718311,2026-01-30 16:43:46.011410,0 days 00:00:09.293099,attention,0.2810741591606645,128,0.0003391218126533624,5.6738801408967554e-05,"{'val_rmse_mean': 1.0111584663391113, 'val_mae_mean': 0.7358343005180359, 'val_r2_mean': -42.68415069580078, 'val_rmse_target_0': 1.005041480064392, 'val_mae_target_0': 0.6538905501365662, 'val_r2_target_0': -61.08238983154297, 'val_rmse_target_1': 1.0523486137390137, 'val_mae_target_1': 0.7327943444252014, 'val_r2_target_1': -38.69321823120117, 'val_rmse_target_2': 0.949628472328186, 'val_mae_target_2': 0.8349205255508423, 'val_r2_target_2': -21.43384552001953, 'val_rmse_target_3': 1.037615180015564, 'val_mae_target_3': 0.7217319011688232, 'val_r2_target_3': -49.52716827392578}",COMPLETE
26,0.3752871598634455,2026-01-30 16:43:46.088786,2026-01-30 16:43:55.012507,0 days 00:00:08.923721,mean,0.24242507278601017,128,0.0006631016035516139,0.004799188832608018,"{'val_rmse_mean': 0.9828689694404602, 'val_mae_mean': 0.7177045345306396, 'val_r2_mean': -20.648387908935547, 'val_rmse_target_0': 0.9934732913970947, 'val_mae_target_0': 0.64170241355896, 'val_r2_target_0': -27.998228073120117, 'val_rmse_target_1': 0.9989351034164429, 'val_mae_target_1': 0.6759268641471863, 'val_r2_target_1': -17.46360206604004, 'val_rmse_target_2': 0.9166169762611389, 'val_mae_target_2': 0.8192093372344971, 'val_r2_target_2': -7.012866973876953, 'val_rmse_target_3': 1.0224504470825195, 'val_mae_target_3': 0.733979344367981, 'val_r2_target_3': -30.118850708007812}",COMPLETE
27,0.36937452545734467,2026-01-30 16:43:55.096848,2026-01-30 16:44:04.956897,0 days 00:00:09.860049,attention,0.15730877597988935,128,0.0005923861127373938,1.9922838976013055e-05,"{'val_rmse_mean': 0.9727243185043335, 'val_mae_mean': 0.7155795693397522, 'val_r2_mean': -20.32969856262207, 'val_rmse_target_0': 0.974696159362793, 'val_mae_target_0': 0.6224915385246277, 'val_r2_target_0': -23.432260513305664, 'val_rmse_target_1': 1.0174384117126465, 'val_mae_target_1': 0.7095103859901428, 'val_r2_target_1': -22.26471519470215, 'val_rmse_target_2': 0.9075901508331299, 'val_mae_target_2': 0.8157708644866943, 'val_r2_target_2': -6.631906509399414, 'val_rmse_target_3': 0.9911725521087646, 'val_mae_target_3': 0.7145455479621887, 'val_r2_target_3': -28.989913940429688}",COMPLETE
28,0.3971994984894991,2026-01-30 16:44:05.031923,2026-01-30 16:44:14.432327,0 days 00:00:09.400404,attention,0.15824544073797678,32,0.0001618192676623812,2.144365307458166e-05,"{'val_rmse_mean': 1.0154608488082886, 'val_mae_mean': 0.7432870864868164, 'val_r2_mean': -82.71707153320312, 'val_rmse_target_0': 0.9775232076644897, 'val_mae_target_0': 0.6292977929115295, 'val_r2_target_0': -114.49072265625, 'val_rmse_target_1': 1.0055902004241943, 'val_mae_target_1': 0.7057587504386902, 'val_r2_target_1': -68.99298095703125, 'val_rmse_target_2': 1.0277186632156372, 'val_mae_target_2': 0.8768969774246216, 'val_r2_target_2': -82.43685150146484, 'val_rmse_target_3': 1.051011323928833, 'val_mae_target_3': 0.7611947655677795, 'val_r2_target_3': -64.94766998291016}",COMPLETE
29,0.3987247840397888,2026-01-30 16:44:14.516117,2026-01-30 16:44:24.473216,0 days 00:00:09.957099,attention,0.06513474991420988,64,0.0020753272612705357,1.9703348163142472e-05,"{'val_rmse_mean': 0.9892054200172424, 'val_mae_mean': 0.75551438331604, 'val_r2_mean': -2.7659924030303955, 'val_rmse_target_0': 1.0030187368392944, 'val_mae_target_0': 0.7182711958885193, 'val_r2_target_0': -2.2548725605010986, 'val_rmse_target_1': 1.0150879621505737, 'val_mae_target_1': 0.7072682976722717, 'val_r2_target_1': -2.200493574142456, 'val_rmse_target_2': 0.8794829249382019, 'val_mae_target_2': 0.7776985168457031, 'val_r2_target_2': -2.555070400238037, 'val_rmse_target_3': 1.0592319965362549, 'val_mae_target_3': 0.8188194036483765, 'val_r2_target_3': -4.053532123565674}",COMPLETE
30,0.3750578951504495,2026-01-30 16:44:24.557163,2026-01-30 16:44:33.899430,0 days 00:00:09.342267,attention,0.10314138741424822,64,0.0002725842716896763,6.532600572369648e-05,"{'val_rmse_mean': 0.9865760803222656, 'val_mae_mean': 0.7149302959442139, 'val_r2_mean': -62.20304870605469, 'val_rmse_target_0': 0.984893798828125, 'val_mae_target_0': 0.6283036470413208, 'val_r2_target_0': -94.16207122802734, 'val_rmse_target_1': 0.9949522614479065, 'val_mae_target_1': 0.69547039270401, 'val_r2_target_1': -59.96271896362305, 'val_rmse_target_2': 0.9701633453369141, 'val_mae_target_2': 0.8287705183029175, 'val_r2_target_2': -46.19271469116211, 'val_rmse_target_3': 0.9962949156761169, 'val_mae_target_3': 0.7071767449378967, 'val_r2_target_3': -48.49471664428711}",COMPLETE
31,0.38502992627521354,2026-01-30 16:44:33.983506,2026-01-30 16:44:43.312210,0 days 00:00:09.328704,attention,0.21906488771346563,128,0.0005758034543924917,0.00016974138166487928,"{'val_rmse_mean': 0.9988354444503784, 'val_mae_mean': 0.7223741412162781, 'val_r2_mean': -26.403827667236328, 'val_rmse_target_0': 1.0173511505126953, 'val_mae_target_0': 0.6418259739875793, 'val_r2_target_0': -33.8694953918457, 'val_rmse_target_1': 1.0031695365905762, 'val_mae_target_1': 0.7133311629295349, 'val_r2_target_1': -24.029138565063477, 'val_rmse_target_2': 0.9249743223190308, 'val_mae_target_2': 0.8060362339019775, 'val_r2_target_2': -6.917027473449707, 'val_rmse_target_3': 1.0498465299606323, 'val_mae_target_3': 0.7283031940460205, 'val_r2_target_3': -40.79964065551758}",COMPLETE
32,0.4034506061838733,2026-01-30 16:44:43.397003,2026-01-30 16:44:52.226208,0 days 00:00:08.829205,mean,0.24236354391908,128,0.0011661056106874483,3.065210669403706e-05,"{'val_rmse_mean': 1.0105831623077393, 'val_mae_mean': 0.7608580589294434, 'val_r2_mean': -8.07811164855957, 'val_rmse_target_0': 0.9743561148643494, 'val_mae_target_0': 0.6138048768043518, 'val_r2_target_0': -9.29511833190918, 'val_rmse_target_1': 1.0623654127120972, 'val_mae_target_1': 0.7693904042243958, 'val_r2_target_1': -7.356108665466309, 'val_rmse_target_2': 0.9485369920730591, 'val_mae_target_2': 0.8462870121002197, 'val_r2_target_2': -4.607154369354248, 'val_rmse_target_3': 1.0570738315582275, 'val_mae_target_3': 0.8139501214027405, 'val_r2_target_3': -11.054062843322754}",COMPLETE
33,0.37597560406559044,2026-01-30 16:44:52.301938,2026-01-30 16:45:01.826975,0 days 00:00:09.525037,attention,0.34388798939009624,128,0.0007498953416159951,1.0259928808224601e-05,"{'val_rmse_mean': 0.9840248823165894, 'val_mae_mean': 0.7109529972076416, 'val_r2_mean': -19.181955337524414, 'val_rmse_target_0': 0.9715045094490051, 'val_mae_target_0': 0.6111043095588684, 'val_r2_target_0': -26.57099723815918, 'val_rmse_target_1': 1.0187455415725708, 'val_mae_target_1': 0.6930995583534241, 'val_r2_target_1': -16.133163452148438, 'val_rmse_target_2': 0.9042329788208008, 'val_mae_target_2': 0.7918591499328613, 'val_r2_target_2': -5.2694411277771, 'val_rmse_target_3': 1.041616439819336, 'val_mae_target_3': 0.7477489709854126, 'val_r2_target_3': -28.754213333129883}",COMPLETE
34,0.3692718959516949,2026-01-30 16:45:01.901572,2026-01-30 16:45:11.232059,0 days 00:00:09.330487,attention,0.16364196314622487,128,0.0004121048426030864,0.00039788315773369717,"{'val_rmse_mean': 0.9784073829650879, 'val_mae_mean': 0.7007220983505249, 'val_r2_mean': -41.549320220947266, 'val_rmse_target_0': 0.9708243012428284, 'val_mae_target_0': 0.6068202257156372, 'val_r2_target_0': -60.419490814208984, 'val_rmse_target_1': 0.9884201884269714, 'val_mae_target_1': 0.6693944334983826, 'val_r2_target_1': -65.46430969238281, 'val_rmse_target_2': 0.9104905724525452, 'val_mae_target_2': 0.7955560088157654, 'val_r2_target_2': -11.134673118591309, 'val_rmse_target_3': 1.0438945293426514, 'val_mae_target_3': 0.7311176657676697, 'val_r2_target_3': -29.178802490234375}",COMPLETE
35,0.37444979656073785,2026-01-30 16:45:11.315685,2026-01-30 16:45:20.588254,0 days 00:00:09.272569,attention,0.15790127208077034,128,0.00034728673832610634,0.00048097808950147753,"{'val_rmse_mean': 0.9911651611328125, 'val_mae_mean': 0.711746096611023, 'val_r2_mean': -52.920326232910156, 'val_rmse_target_0': 0.9918443560600281, 'val_mae_target_0': 0.63048255443573, 'val_r2_target_0': -50.29545974731445, 'val_rmse_target_1': 1.0275629758834839, 'val_mae_target_1': 0.7064156532287598, 'val_r2_target_1': -61.31689453125, 'val_rmse_target_2': 0.9338173866271973, 'val_mae_target_2': 0.8136160969734192, 'val_r2_target_2': -24.204988479614258, 'val_rmse_target_3': 1.0114359855651855, 'val_mae_target_3': 0.6964699625968933, 'val_r2_target_3': -75.86395263671875}",COMPLETE
36,0.3735306097056579,2026-01-30 16:45:20.672928,2026-01-30 16:45:29.784941,0 days 00:00:09.112013,attention,0.16110352169097175,128,0.00041696849278057344,0.00037545021959038786,"{'val_rmse_mean': 0.9857003688812256, 'val_mae_mean': 0.7086563110351562, 'val_r2_mean': -28.44338607788086, 'val_rmse_target_0': 1.0077484846115112, 'val_mae_target_0': 0.6425598859786987, 'val_r2_target_0': -27.84851837158203, 'val_rmse_target_1': 1.0042099952697754, 'val_mae_target_1': 0.6979268193244934, 'val_r2_target_1': -29.359285354614258, 'val_rmse_target_2': 0.9091944098472595, 'val_mae_target_2': 0.7918469309806824, 'val_r2_target_2': -14.958416938781738, 'val_rmse_target_3': 1.0216482877731323, 'val_mae_target_3': 0.7022916078567505, 'val_r2_target_3': -41.60731887817383}",COMPLETE
37,0.38150662928819656,2026-01-30 16:45:29.869134,2026-01-30 16:45:38.959214,0 days 00:00:09.090080,attention,0.20446456195910015,64,0.0005479265565357302,0.0009156783809034596,"{'val_rmse_mean': 1.007620096206665, 'val_mae_mean': 0.7299578785896301, 'val_r2_mean': -35.413570404052734, 'val_rmse_target_0': 1.0342137813568115, 'val_mae_target_0': 0.6676030158996582, 'val_r2_target_0': -27.723485946655273, 'val_rmse_target_1': 1.0098439455032349, 'val_mae_target_1': 0.709684431552887, 'val_r2_target_1': -34.01643371582031, 'val_rmse_target_2': 0.9363622069358826, 'val_mae_target_2': 0.8148579597473145, 'val_r2_target_2': -11.547809600830078, 'val_rmse_target_3': 1.0500601530075073, 'val_mae_target_3': 0.7276862263679504, 'val_r2_target_3': -68.36656951904297}",COMPLETE
38,0.38970359166463214,2026-01-30 16:45:39.044002,2026-01-30 16:45:49.030831,0 days 00:00:09.986829,attention,0.11316974827175258,128,0.00022423438626055446,0.00021515766521264476,"{'val_rmse_mean': 1.0072357654571533, 'val_mae_mean': 0.72455894947052, 'val_r2_mean': -61.71369552612305, 'val_rmse_target_0': 0.9820501804351807, 'val_mae_target_0': 0.6045401692390442, 'val_r2_target_0': -60.977508544921875, 'val_rmse_target_1': 1.0257807970046997, 'val_mae_target_1': 0.7055521607398987, 'val_r2_target_1': -57.23349380493164, 'val_rmse_target_2': 0.9809225797653198, 'val_mae_target_2': 0.8448414206504822, 'val_r2_target_2': -57.087318420410156, 'val_rmse_target_3': 1.0401891469955444, 'val_mae_target_3': 0.7433022260665894, 'val_r2_target_3': -71.55645751953125}",COMPLETE
39,0.3749041315858011,2026-01-30 16:45:49.108534,2026-01-30 16:45:58.488867,0 days 00:00:09.380333,attention,0.08014409691216004,128,0.0008410221763753852,0.00011458264375521553,"{'val_rmse_mean': 0.977596640586853, 'val_mae_mean': 0.7180647850036621, 'val_r2_mean': -8.240361213684082, 'val_rmse_target_0': 1.010961890220642, 'val_mae_target_0': 0.6663380861282349, 'val_r2_target_0': -8.591938972473145, 'val_rmse_target_1': 0.9701136350631714, 'val_mae_target_1': 0.6636260747909546, 'val_r2_target_1': -9.448513984680176, 'val_rmse_target_2': 0.8922650218009949, 'val_mae_target_2': 0.7808366417884827, 'val_r2_target_2': -4.0081353187561035, 'val_rmse_target_3': 1.037045955657959, 'val_mae_target_3': 0.7614585161209106, 'val_r2_target_3': -10.91285228729248}",COMPLETE
40,0.38223195303645396,2026-01-30 16:45:58.563543,2026-01-30 16:46:07.675034,0 days 00:00:09.111491,attention,0.14052646997646184,32,0.00030333581941581207,8.42081136378011e-05,"{'val_rmse_mean': 0.9894219040870667, 'val_mae_mean': 0.7283568382263184, 'val_r2_mean': -52.8633918762207, 'val_rmse_target_0': 0.9964020848274231, 'val_mae_target_0': 0.6562914848327637, 'val_r2_target_0': -65.19453430175781, 'val_rmse_target_1': 0.987878680229187, 'val_mae_target_1': 0.7027846574783325, 'val_r2_target_1': -56.9945182800293, 'val_rmse_target_2': 0.9737766981124878, 'val_mae_target_2': 0.8585548996925354, 'val_r2_target_2': -29.810216903686523, 'val_rmse_target_3': 0.9996302723884583, 'val_mae_target_3': 0.6957961320877075, 'val_r2_target_3': -59.45429611206055}",COMPLETE
41,0.38111586682498455,2026-01-30 16:46:07.759643,2026-01-30 16:46:17.265693,0 days 00:00:09.506050,attention,0.16205776697583454,128,0.0004217330332975987,0.00035662687752390936,"{'val_rmse_mean': 0.9954975843429565, 'val_mae_mean': 0.7271034121513367, 'val_r2_mean': -37.23030090332031, 'val_rmse_target_0': 1.0126184225082397, 'val_mae_target_0': 0.6575523018836975, 'val_r2_target_0': -28.196786880493164, 'val_rmse_target_1': 1.0135703086853027, 'val_mae_target_1': 0.7013747096061707, 'val_r2_target_1': -50.51546096801758, 'val_rmse_target_2': 0.9414025545120239, 'val_mae_target_2': 0.8307228684425354, 'val_r2_target_2': -13.728841781616211, 'val_rmse_target_3': 1.0143990516662598, 'val_mae_target_3': 0.7187637686729431, 'val_r2_target_3': -56.480125427246094}",COMPLETE
42,0.38509191503679313,2026-01-30 16:46:17.349867,2026-01-30 16:46:26.778946,0 days 00:00:09.429079,attention,0.1997483886701647,128,0.00042384147732624206,0.0004821617053052993,"{'val_rmse_mean': 0.9955762624740601, 'val_mae_mean': 0.7300782203674316, 'val_r2_mean': -33.69681930541992, 'val_rmse_target_0': 0.9748519659042358, 'val_mae_target_0': 0.6124107837677002, 'val_r2_target_0': -48.83977127075195, 'val_rmse_target_1': 1.0358004570007324, 'val_mae_target_1': 0.7274444699287415, 'val_r2_target_1': -32.1252555847168, 'val_rmse_target_2': 0.951095461845398, 'val_mae_target_2': 0.843002200126648, 'val_r2_target_2': -10.80924129486084, 'val_rmse_target_3': 1.020556926727295, 'val_mae_target_3': 0.7374553084373474, 'val_r2_target_3': -43.01301574707031}",COMPLETE
43,0.3610736932950439,2026-01-30 16:46:26.854587,2026-01-30 16:46:36.753731,0 days 00:00:09.899144,attention,0.17231498394728478,128,0.0006638542165176936,0.0002469930885914692,"{'val_rmse_mean': 0.9685618877410889, 'val_mae_mean': 0.694804310798645, 'val_r2_mean': -14.12094497680664, 'val_rmse_target_0': 0.938172459602356, 'val_mae_target_0': 0.5774363875389099, 'val_r2_target_0': -18.047271728515625, 'val_rmse_target_1': 1.0079165697097778, 'val_mae_target_1': 0.6868201494216919, 'val_r2_target_1': -14.445718765258789, 'val_rmse_target_2': 0.8803413510322571, 'val_mae_target_2': 0.7769181728363037, 'val_r2_target_2': -3.86859130859375, 'val_rmse_target_3': 1.047817349433899, 'val_mae_target_3': 0.7380425333976746, 'val_r2_target_3': -20.122188568115234}",COMPLETE
44,0.38152864285641247,2026-01-30 16:46:36.828014,2026-01-30 16:46:46.483036,0 days 00:00:09.655022,attention,0.179751569063655,128,0.0006261752821891459,0.00022979198350871175,"{'val_rmse_mean': 0.984058141708374, 'val_mae_mean': 0.737651526927948, 'val_r2_mean': -15.060568809509277, 'val_rmse_target_0': 0.9668464660644531, 'val_mae_target_0': 0.6476061940193176, 'val_r2_target_0': -12.752449989318848, 'val_rmse_target_1': 1.001041054725647, 'val_mae_target_1': 0.7109771370887756, 'val_r2_target_1': -24.994613647460938, 'val_rmse_target_2': 0.9109271764755249, 'val_mae_target_2': 0.8135859370231628, 'val_r2_target_2': -3.966303825378418, 'val_rmse_target_3': 1.057417869567871, 'val_mae_target_3': 0.7784369587898254, 'val_r2_target_3': -18.52890968322754}",COMPLETE
45,0.3760735586423565,2026-01-30 16:46:46.567873,2026-01-30 16:46:55.823016,0 days 00:00:09.255143,attention,0.17978978816818042,128,0.0007293034723036468,0.0010890244284262238,"{'val_rmse_mean': 0.979744017124176, 'val_mae_mean': 0.7257572412490845, 'val_r2_mean': -11.725247383117676, 'val_rmse_target_0': 0.9866970181465149, 'val_mae_target_0': 0.6412917971611023, 'val_r2_target_0': -12.334760665893555, 'val_rmse_target_1': 1.0134252309799194, 'val_mae_target_1': 0.6923004388809204, 'val_r2_target_1': -13.823244094848633, 'val_rmse_target_2': 0.9162173271179199, 'val_mae_target_2': 0.8199893236160278, 'val_r2_target_2': -4.648274898529053, 'val_rmse_target_3': 1.002636432647705, 'val_mae_target_3': 0.7494474053382874, 'val_r2_target_3': -16.094711303710938}",COMPLETE
46,0.37394502103604654,2026-01-30 16:46:55.898253,2026-01-30 16:47:04.942934,0 days 00:00:09.044681,attention,0.22776724954899916,128,0.0002624192331275213,0.00014683475481108797,"{'val_rmse_mean': 0.9835526943206787, 'val_mae_mean': 0.709503710269928, 'val_r2_mean': -54.964080810546875, 'val_rmse_target_0': 0.9669219851493835, 'val_mae_target_0': 0.6060488224029541, 'val_r2_target_0': -67.98656463623047, 'val_rmse_target_1': 0.9713727235794067, 'val_mae_target_1': 0.6738153100013733, 'val_r2_target_1': -55.84297180175781, 'val_rmse_target_2': 0.9540635347366333, 'val_mae_target_2': 0.836755096912384, 'val_r2_target_2': -22.741762161254883, 'val_rmse_target_3': 1.041852355003357, 'val_mae_target_3': 0.72139573097229, 'val_r2_target_3': -73.28501892089844}",COMPLETE
47,0.38070123490911945,2026-01-30 16:47:05.017619,2026-01-30 16:47:14.628045,0 days 00:00:09.610426,attention,0.13060801902595703,128,0.0008659614372218004,0.0006260633246403403,"{'val_rmse_mean': 0.979184627532959, 'val_mae_mean': 0.7243947386741638, 'val_r2_mean': -7.716787815093994, 'val_rmse_target_0': 0.9551494717597961, 'val_mae_target_0': 0.6492145657539368, 'val_r2_target_0': -7.378910064697266, 'val_rmse_target_1': 0.9926276206970215, 'val_mae_target_1': 0.6598854064941406, 'val_r2_target_1': -8.92147159576416, 'val_rmse_target_2': 0.8970592617988586, 'val_mae_target_2': 0.7925086617469788, 'val_r2_target_2': -3.2911667823791504, 'val_rmse_target_3': 1.0719023942947388, 'val_mae_target_3': 0.7959704399108887, 'val_r2_target_3': -11.275605201721191}",COMPLETE
48,0.37897142233258047,2026-01-30 16:47:14.712472,2026-01-30 16:47:23.919709,0 days 00:00:09.207237,attention,0.2566670092638439,32,0.00048212091263673387,4.278161586500543e-05,"{'val_rmse_mean': 0.9917601346969604, 'val_mae_mean': 0.7187765836715698, 'val_r2_mean': -65.25511169433594, 'val_rmse_target_0': 0.9746491312980652, 'val_mae_target_0': 0.6205106377601624, 'val_r2_target_0': -87.90327453613281, 'val_rmse_target_1': 1.0081493854522705, 'val_mae_target_1': 0.7247744202613831, 'val_r2_target_1': -59.98757553100586, 'val_rmse_target_2': 0.9923136234283447, 'val_mae_target_2': 0.8373505473136902, 'val_r2_target_2': -38.482322692871094, 'val_rmse_target_3': 0.9919283390045166, 'val_mae_target_3': 0.6924708485603333, 'val_r2_target_3': -74.64729309082031}",COMPLETE
49,0.38206126792701306,2026-01-30 16:47:24.004476,2026-01-30 16:47:33.282320,0 days 00:00:09.277844,attention,0.29407686998685123,64,0.0012999327280638026,0.0015868035992583143,"{'val_rmse_mean': 0.98749840259552, 'val_mae_mean': 0.7333488464355469, 'val_r2_mean': -10.788272857666016, 'val_rmse_target_0': 0.9798310995101929, 'val_mae_target_0': 0.6772915720939636, 'val_r2_target_0': -9.309468269348145, 'val_rmse_target_1': 1.0143821239471436, 'val_mae_target_1': 0.7110243439674377, 'val_r2_target_1': -9.9669189453125, 'val_rmse_target_2': 0.919723629951477, 'val_mae_target_2': 0.7978488802909851, 'val_r2_target_2': -3.2418112754821777, 'val_rmse_target_3': 1.0360568761825562, 'val_mae_target_3': 0.7472304701805115, 'val_r2_target_3': -20.63489532470703}",COMPLETE
