number,value,datetime_start,datetime_complete,duration,params_C,params_degree,params_epsilon,params_gamma,params_kernel,params_n_path_features,params_shrinking,user_attrs_val_metrics,state
0,0.9995804922298371,2026-02-23 20:25:10.124234,2026-02-23 20:25:51.301212,0 days 00:00:41.176978,1.2959402142340137,,0.002419262130999234,scale,rbf,40,False,"{'val_rmse_mean': 0.9982294564079867, 'val_mae_mean': 0.7962361860214439, 'val_r2_mean': -12.548321535621534, 'val_rmse_target_0': 0.9728018248668839, 'val_mae_target_0': 0.761632819506504, 'val_r2_target_0': -6.402371412848716, 'val_rmse_target_1': 0.9477063196970349, 'val_mae_target_1': 0.730678678465836, 'val_r2_target_1': -5.401214643834774, 'val_rmse_target_2': 0.9410572065580457, 'val_mae_target_2': 0.772902767540413, 'val_r2_target_2': -4.208195344972868, 'val_rmse_target_3': 0.9770313204764263, 'val_mae_target_3': 0.8182583421586219, 'val_r2_target_3': -7.794793617615975, 'val_rmse_target_4': 0.9984773482598219, 'val_mae_target_4': 0.8238099269834287, 'val_r2_target_4': -10.316568653044714, 'val_rmse_target_5': 1.119880855317329, 'val_mae_target_5': 0.9250830228685648, 'val_r2_target_5': -37.67730586746042, 'val_rmse_target_6': 1.0512212586785543, 'val_mae_target_6': 0.6926108655717773, 'val_r2_target_6': -19.908043563571656, 'val_rmse_target_7': 0.977659517409797, 'val_mae_target_7': 0.8449130650764047, 'val_r2_target_7': -8.67807918162315}",COMPLETE
1,0.9708448371210062,2026-02-23 20:25:51.546838,2026-02-23 20:26:32.329555,0 days 00:00:40.782717,7.262356618489844,,0.005535218434790823,auto,rbf,40,False,"{'val_rmse_mean': 0.9829986262503413, 'val_mae_mean': 0.7763468064339709, 'val_r2_mean': -5.447895034765217, 'val_rmse_target_0': 0.9440269825219586, 'val_mae_target_0': 0.7558425832054653, 'val_r2_target_0': -3.305864848945326, 'val_rmse_target_1': 0.9496344826940463, 'val_mae_target_1': 0.7237570808742406, 'val_r2_target_1': -3.0017233937550394, 'val_rmse_target_2': 0.930718080723436, 'val_mae_target_2': 0.75846088316631, 'val_r2_target_2': -2.568104575363135, 'val_rmse_target_3': 0.9661001925685216, 'val_mae_target_3': 0.7962948565734621, 'val_r2_target_3': -5.018017274468516, 'val_rmse_target_4': 0.9957384168994449, 'val_mae_target_4': 0.8068864807650279, 'val_r2_target_4': -5.664989962548257, 'val_rmse_target_5': 1.152666800303667, 'val_mae_target_5': 0.9188497978308567, 'val_r2_target_5': -12.88362820651166, 'val_rmse_target_6': 0.985265649861105, 'val_mae_target_6': 0.6539305616854414, 'val_r2_target_6': -5.705067535625974, 'val_rmse_target_7': 0.9398384044305508, 'val_mae_target_7': 0.7967522073709639, 'val_r2_target_7': -5.435764480903836}",COMPLETE
2,1.0720051060171365,2026-02-23 20:26:32.578265,2026-02-23 20:27:13.266936,0 days 00:00:40.688671,2.1497502138629137,5.0,0.0378088326533759,scale,poly,25,True,"{'val_rmse_mean': 1.0327045011600888, 'val_mae_mean': 0.8131865715494728, 'val_r2_mean': -21.612955441727916, 'val_rmse_target_0': 1.013521886500554, 'val_mae_target_0': 0.7854348321449582, 'val_r2_target_0': -11.00605036795525, 'val_rmse_target_1': 1.0055431791930218, 'val_mae_target_1': 0.7481138213216348, 'val_r2_target_1': -17.683547625194496, 'val_rmse_target_2': 0.9925450664084947, 'val_mae_target_2': 0.8156229481307803, 'val_r2_target_2': -7.42393052694025, 'val_rmse_target_3': 0.9482734992928601, 'val_mae_target_3': 0.7931428971749184, 'val_r2_target_3': -7.693520184863196, 'val_rmse_target_4': 0.9912465859612167, 'val_mae_target_4': 0.7698565597567638, 'val_r2_target_4': -17.95164869565642, 'val_rmse_target_5': 1.105191466430256, 'val_mae_target_5': 0.9278799426442277, 'val_r2_target_5': -80.4923496704261, 'val_rmse_target_6': 1.1964793387548427, 'val_mae_target_6': 0.8313969893250356, 'val_r2_target_6': -26.152161816097593, 'val_rmse_target_7': 1.0088349867394657, 'val_mae_target_7': 0.8340445818974644, 'val_r2_target_7': -4.5004346466899765}",COMPLETE
3,0.9587828047565822,2026-02-23 20:27:13.495881,2026-02-23 20:27:54.387705,0 days 00:00:40.891824,147.13863727692154,,0.008381836548192006,scale,rbf,60,False,"{'val_rmse_mean': 0.9764044879604068, 'val_mae_mean': 0.7718199342393843, 'val_r2_mean': -5.3021015421940545, 'val_rmse_target_0': 0.9252196676593969, 'val_mae_target_0': 0.7529687639407947, 'val_r2_target_0': -3.184308085127525, 'val_rmse_target_1': 0.9323519263856859, 'val_mae_target_1': 0.7167063373278098, 'val_r2_target_1': -2.9202172106287496, 'val_rmse_target_2': 0.9155903742631042, 'val_mae_target_2': 0.7506159265741484, 'val_r2_target_2': -2.4265170309972213, 'val_rmse_target_3': 0.9577097697133419, 'val_mae_target_3': 0.780856045545854, 'val_r2_target_3': -4.830335625856249, 'val_rmse_target_4': 0.9712042014885407, 'val_mae_target_4': 0.7807485238693127, 'val_r2_target_4': -5.093643090134878, 'val_rmse_target_5': 1.1585929393802352, 'val_mae_target_5': 0.931208087937706, 'val_r2_target_5': -12.857107439261654, 'val_rmse_target_6': 1.002725216704189, 'val_mae_target_6': 0.6624547962949302, 'val_r2_target_6': -5.533023590608608, 'val_rmse_target_7': 0.9478418080887601, 'val_mae_target_7': 0.7990009924245188, 'val_r2_target_7': -5.571660264937562}",COMPLETE
4,0.9810828422123546,2026-02-23 20:27:54.627971,2026-02-23 20:28:36.582745,0 days 00:00:41.954774,1.8933966158122972,,0.02148209662329048,scale,rbf,55,False,"{'val_rmse_mean': 0.9883694865201862, 'val_mae_mean': 0.7860082551322, 'val_r2_mean': -8.45737797652986, 'val_rmse_target_0': 0.9667912960997865, 'val_mae_target_0': 0.7800832554788364, 'val_r2_target_0': -4.675475216294827, 'val_rmse_target_1': 0.9385150872999654, 'val_mae_target_1': 0.7213592336293222, 'val_r2_target_1': -3.8926795498289195, 'val_rmse_target_2': 0.9253941189126489, 'val_mae_target_2': 0.7596246816336667, 'val_r2_target_2': -3.270660592384508, 'val_rmse_target_3': 0.981168477649207, 'val_mae_target_3': 0.7973503815125711, 'val_r2_target_3': -6.13322547818084, 'val_rmse_target_4': 0.9740119705789364, 'val_mae_target_4': 0.7944160411252161, 'val_r2_target_4': -7.263979111205142, 'val_rmse_target_5': 1.1407100682436238, 'val_mae_target_5': 0.941520786702325, 'val_r2_target_5': -24.908798723346557, 'val_rmse_target_6': 1.030676924384314, 'val_mae_target_6': 0.6831115571849092, 'val_r2_target_6': -11.403598626060663, 'val_rmse_target_7': 0.9496879489930072, 'val_mae_target_7': 0.8106001037907528, 'val_r2_target_7': -6.110606514937432}",COMPLETE
5,1.2104398773556009,2026-02-23 20:28:36.811408,2026-02-23 20:29:17.976114,0 days 00:00:41.164706,0.032615630550240506,,0.01148685339613558,auto,rbf,70,True,"{'val_rmse_mean': 1.0995821867095357, 'val_mae_mean': 0.8725320573919106, 'val_r2_mean': -907.0496258422768, 'val_rmse_target_0': 1.1128290750788523, 'val_mae_target_0': 0.8827096235141131, 'val_r2_target_0': -405.5925356617139, 'val_rmse_target_1': 1.080483319757612, 'val_mae_target_1': 0.8410911688268353, 'val_r2_target_1': -807.3038782685272, 'val_rmse_target_2': 1.0675157346304882, 'val_mae_target_2': 0.8604456207313216, 'val_r2_target_2': -1014.2808543678905, 'val_rmse_target_3': 1.072559967173326, 'val_mae_target_3': 0.8941096007874997, 'val_r2_target_3': -950.7170424913919, 'val_rmse_target_4': 1.0819929806632904, 'val_mae_target_4': 0.8549570252717408, 'val_r2_target_4': -1177.8940572816502, 'val_rmse_target_5': 1.1165146299223476, 'val_mae_target_5': 0.9424653596591996, 'val_r2_target_5': -351.9490469133841, 'val_rmse_target_6': 1.186347705456425, 'val_mae_target_6': 0.8051195571380124, 'val_r2_target_6': -1587.3940811476793, 'val_rmse_target_7': 1.078414080993944, 'val_mae_target_7': 0.8993585032065619, 'val_r2_target_7': -961.2655106059756}",COMPLETE
6,1.108515045657788,2026-02-23 20:29:18.204613,2026-02-23 20:29:58.913578,0 days 00:00:40.708965,0.3804993993448653,,0.001286050062785114,auto,rbf,50,True,"{'val_rmse_mean': 1.0518196593718372, 'val_mae_mean': 0.8353039209258221, 'val_r2_mean': -62.61026754930782, 'val_rmse_target_0': 1.0199110165954017, 'val_mae_target_0': 0.8008688780246206, 'val_r2_target_0': -31.084130580539004, 'val_rmse_target_1': 0.9966153805734072, 'val_mae_target_1': 0.7715782751850895, 'val_r2_target_1': -31.915884736466367, 'val_rmse_target_2': 1.0033424010602752, 'val_mae_target_2': 0.8193783496198748, 'val_r2_target_2': -30.94495212286166, 'val_rmse_target_3': 1.098174092262302, 'val_mae_target_3': 0.9356180880085642, 'val_r2_target_3': -42.647611217265855, 'val_rmse_target_4': 1.03567669498245, 'val_mae_target_4': 0.8236580772621112, 'val_r2_target_4': -65.8163192235273, 'val_rmse_target_5': 1.1067490453733104, 'val_mae_target_5': 0.9332878121346831, 'val_r2_target_5': -111.37320597136056, 'val_rmse_target_6': 1.1239950764160265, 'val_mae_target_6': 0.7387413245113658, 'val_r2_target_6': -114.76897034261086, 'val_rmse_target_7': 1.0300935677115244, 'val_mae_target_7': 0.859300562660267, 'val_r2_target_7': -72.33106619983091}",COMPLETE
7,0.9739954174095974,2026-02-23 20:29:59.141288,2026-02-23 20:30:39.873260,0 days 00:00:40.731972,0.06157852497399515,,0.026189997135088527,,linear,60,False,"{'val_rmse_mean': 0.9838510819017874, 'val_mae_mean': 0.7732818575761424, 'val_r2_mean': -1.5468462216753154, 'val_rmse_target_0': 0.9080204937691756, 'val_mae_target_0': 0.7445010316231822, 'val_r2_target_0': -0.6009089074919385, 'val_rmse_target_1': 0.9672812748234427, 'val_mae_target_1': 0.7492311786213531, 'val_r2_target_1': -0.7903284435623883, 'val_rmse_target_2': 0.9935173627923362, 'val_mae_target_2': 0.7738372613779424, 'val_r2_target_2': -0.694069706082596, 'val_rmse_target_3': 0.9867281469741753, 'val_mae_target_3': 0.8093442137022104, 'val_r2_target_3': -1.1332400039948491, 'val_rmse_target_4': 0.9893863020213111, 'val_mae_target_4': 0.8034269948252194, 'val_r2_target_4': -0.9613725352602127, 'val_rmse_target_5': 1.1444496121693803, 'val_mae_target_5': 0.8761152147107322, 'val_r2_target_5': -4.990569803987676, 'val_rmse_target_6': 1.020050037008061, 'val_mae_target_6': 0.7087108070778565, 'val_r2_target_6': -1.8234413651972936, 'val_rmse_target_7': 0.8613754256564164, 'val_mae_target_7': 0.7210881586706435, 'val_r2_target_7': -1.3808390078255695}",COMPLETE
8,0.9672980227741874,2026-02-23 20:30:40.103545,2026-02-23 20:31:21.149281,0 days 00:00:41.045736,36.03498265744601,,0.07051771677865697,,linear,40,True,"{'val_rmse_mean': 0.9801111329521534, 'val_mae_mean': 0.7725803360288332, 'val_r2_mean': -1.6636864958325366, 'val_rmse_target_0': 0.9210830669453985, 'val_mae_target_0': 0.7534943422769115, 'val_r2_target_0': -0.7425320909256465, 'val_rmse_target_1': 0.9761826133558873, 'val_mae_target_1': 0.7595895018191946, 'val_r2_target_1': -0.8982744956096791, 'val_rmse_target_2': 0.9801342160781215, 'val_mae_target_2': 0.785741146104477, 'val_r2_target_2': -0.7283806170302736, 'val_rmse_target_3': 0.9686758595662979, 'val_mae_target_3': 0.7968700942046643, 'val_r2_target_3': -1.2278084035741288, 'val_rmse_target_4': 1.005244312759042, 'val_mae_target_4': 0.8206319722575044, 'val_r2_target_4': -1.2766210711058843, 'val_rmse_target_5': 1.1612527851203853, 'val_mae_target_5': 0.8835933321197086, 'val_r2_target_5': -5.070371272488459, 'val_rmse_target_6': 0.9760750983208433, 'val_mae_target_6': 0.6680679852447556, 'val_r2_target_6': -1.903488760918254, 'val_rmse_target_7': 0.8522411114712514, 'val_mae_target_7': 0.7126543142034503, 'val_r2_target_7': -1.4620152550079686}",COMPLETE
9,1.1427386094944594,2026-02-23 20:31:21.397227,2026-02-23 20:32:03.030741,0 days 00:00:41.633514,0.16134297976277653,,0.8425299048864145,scale,rbf,25,False,"{'val_rmse_mean': 1.0685485127167227, 'val_mae_mean': 0.8377754166589149, 'val_r2_mean': -351.39766943365066, 'val_rmse_target_0': 1.0729167066311625, 'val_mae_target_0': 0.8145813048433008, 'val_r2_target_0': -248.4297268112708, 'val_rmse_target_1': 1.083000876367335, 'val_mae_target_1': 0.8108911396895827, 'val_r2_target_1': -317.42485371029096, 'val_rmse_target_2': 1.0454445377579855, 'val_mae_target_2': 0.831151553601101, 'val_r2_target_2': -195.84979083603778, 'val_rmse_target_3': 1.0459399243026541, 'val_mae_target_3': 0.861318969993645, 'val_r2_target_3': -229.31218795233886, 'val_rmse_target_4': 1.0582113117896814, 'val_mae_target_4': 0.8666398171079682, 'val_r2_target_4': -371.2379232967702, 'val_rmse_target_5': 1.0553500297468694, 'val_mae_target_5': 0.8741774755281654, 'val_r2_target_5': -831.6586831032525, 'val_rmse_target_6': 1.1423218892821663, 'val_mae_target_6': 0.7810236818202749, 'val_r2_target_6': -383.2155077627787, 'val_rmse_target_7': 1.0452028258559274, 'val_mae_target_7': 0.8624193906872807, 'val_r2_target_7': -234.05268199646602}",COMPLETE
10,0.9827442061940131,2026-02-23 20:32:03.258687,2026-02-23 20:32:43.930020,0 days 00:00:40.671333,61.913492156889596,2.0,0.17707415381010766,scale,poly,70,False,"{'val_rmse_mean': 0.9879954350932152, 'val_mae_mean': 0.7873646745229175, 'val_r2_mean': -3.1985695894362944, 'val_rmse_target_0': 0.8979761636470056, 'val_mae_target_0': 0.7232176271333394, 'val_r2_target_0': -1.6038221217259396, 'val_rmse_target_1': 0.9684738835647901, 'val_mae_target_1': 0.7405068750827722, 'val_r2_target_1': -1.7863565753837407, 'val_rmse_target_2': 0.948407495873051, 'val_mae_target_2': 0.7740077789465183, 'val_r2_target_2': -1.5501739035099007, 'val_rmse_target_3': 0.9645355050957678, 'val_mae_target_3': 0.807228869100441, 'val_r2_target_3': -2.7132452015735016, 'val_rmse_target_4': 0.9939900602001677, 'val_mae_target_4': 0.8297193844082271, 'val_r2_target_4': -2.781950753954076, 'val_rmse_target_5': 1.15925424060899, 'val_mae_target_5': 0.8999912954673644, 'val_r2_target_5': -7.934932809804069, 'val_rmse_target_6': 1.0659602765695926, 'val_mae_target_6': 0.7757677503899564, 'val_r2_target_6': -3.798978082155588, 'val_rmse_target_7': 0.9053658551863576, 'val_mae_target_7': 0.7484778156547212, 'val_r2_target_7': -3.419097267383542}",COMPLETE
11,0.9618205208333768,2026-02-23 20:32:44.156482,2026-02-23 20:33:25.595326,0 days 00:00:41.438844,407.77725366718755,,0.11584343230747987,,linear,35,True,"{'val_rmse_mean': 0.9769217721587852, 'val_mae_mean': 0.7652258538683865, 'val_r2_mean': -1.8504520368842192, 'val_rmse_target_0': 0.9062484428058949, 'val_mae_target_0': 0.74046728130923, 'val_r2_target_0': -0.8203579534103571, 'val_rmse_target_1': 0.9509889651551602, 'val_mae_target_1': 0.7366411548888574, 'val_r2_target_1': -0.8843781850229777, 'val_rmse_target_2': 0.947040878550432, 'val_mae_target_2': 0.7636007581742362, 'val_r2_target_2': -0.7955493517519581, 'val_rmse_target_3': 0.9860305071056185, 'val_mae_target_3': 0.7971362652461447, 'val_r2_target_3': -1.5099623411389933, 'val_rmse_target_4': 1.007041997151876, 'val_mae_target_4': 0.8145577287788913, 'val_r2_target_4': -1.5137906410674957, 'val_rmse_target_5': 1.1700150486244605, 'val_mae_target_5': 0.9058366299449611, 'val_r2_target_5': -5.374300032272457, 'val_rmse_target_6': 0.9915286892143479, 'val_mae_target_6': 0.6515603241746223, 'val_r2_target_6': -2.2555059388395304, 'val_rmse_target_7': 0.8564796486624914, 'val_mae_target_7': 0.7120066884301494, 'val_r2_target_7': -1.6497718515699846}",COMPLETE
12,0.9191980373397428,2026-02-23 20:33:25.843324,2026-02-23 20:34:06.972830,0 days 00:00:41.129506,965.4061802346185,,0.19308386970666086,,linear,30,True,"{'val_rmse_mean': 0.9543357023363941, 'val_mae_mean': 0.7418753285502429, 'val_r2_mean': -2.3786999029091813, 'val_rmse_target_0': 0.8705508434620376, 'val_mae_target_0': 0.6946259679210743, 'val_r2_target_0': -1.0558671748724464, 'val_rmse_target_1': 0.9601984560201431, 'val_mae_target_1': 0.7339819129813704, 'val_r2_target_1': -1.1830264136628776, 'val_rmse_target_2': 0.869065404069407, 'val_mae_target_2': 0.7140838889446255, 'val_r2_target_2': -0.8666135741141043, 'val_rmse_target_3': 0.9539049782985156, 'val_mae_target_3': 0.7489884321782165, 'val_r2_target_3': -2.2654549603400462, 'val_rmse_target_4': 0.9924055940003982, 'val_mae_target_4': 0.7762489454412724, 'val_r2_target_4': -2.596585405293864, 'val_rmse_target_5': 1.1699626125302094, 'val_mae_target_5': 0.9103511389440638, 'val_r2_target_5': -7.12276465067943, 'val_rmse_target_6': 0.9338430954553884, 'val_mae_target_6': 0.6340430799500841, 'val_r2_target_6': -1.4750295429099118, 'val_rmse_target_7': 0.8847546348550533, 'val_mae_target_7': 0.7226792620412354, 'val_r2_target_7': -2.4642575014007666}",COMPLETE
13,0.996921764521839,2026-02-23 20:34:07.202303,2026-02-23 20:34:47.852395,0 days 00:00:40.650092,743.9928523023932,,0.35225476381051385,,linear,20,True,"{'val_rmse_mean': 0.9938876965603163, 'val_mae_mean': 0.7745431491289312, 'val_r2_mean': -2.5953668258971954, 'val_rmse_target_0': 0.9365693597842286, 'val_mae_target_0': 0.7220688557017696, 'val_r2_target_0': -1.5594362777290365, 'val_rmse_target_1': 0.9740735083147003, 'val_mae_target_1': 0.7298732092044744, 'val_r2_target_1': -1.409784337996928, 'val_rmse_target_2': 0.8997205929667108, 'val_mae_target_2': 0.7720743702411319, 'val_r2_target_2': -1.4819029040254157, 'val_rmse_target_3': 0.979711058693995, 'val_mae_target_3': 0.7817894491716821, 'val_r2_target_3': -3.315049223289912, 'val_rmse_target_4': 0.960119316255069, 'val_mae_target_4': 0.7721513392797063, 'val_r2_target_4': -3.2619254032437643, 'val_rmse_target_5': 1.2089818537932349, 'val_mae_target_5': 0.9506477220131271, 'val_r2_target_5': -4.890713860679834, 'val_rmse_target_6': 1.0756851517619361, 'val_mae_target_6': 0.730848698793925, 'val_r2_target_6': -1.91066606735123, 'val_rmse_target_7': 0.9162407309126559, 'val_mae_target_7': 0.7368915486256331, 'val_r2_target_7': -2.9334565328614506}",COMPLETE
14,0.977129748803636,2026-02-23 20:34:48.082800,2026-02-23 20:35:29.459152,0 days 00:00:41.376352,133.38037044011915,,0.00652000961280831,,linear,60,False,"{'val_rmse_mean': 0.9854623469527704, 'val_mae_mean': 0.7746773130899794, 'val_r2_mean': -1.5142898651556276, 'val_rmse_target_0': 0.9113731409271528, 'val_mae_target_0': 0.7481702367989085, 'val_r2_target_0': -0.5802568974473108, 'val_rmse_target_1': 0.9673215774269958, 'val_mae_target_1': 0.750271022549677, 'val_r2_target_1': -0.7851727606846781, 'val_rmse_target_2': 0.9978549687071637, 'val_mae_target_2': 0.7772890174764325, 'val_r2_target_2': -0.6749795686623441, 'val_rmse_target_3': 0.9894434808563773, 'val_mae_target_3': 0.8112174268542102, 'val_r2_target_3': -1.1068654457233502, 'val_rmse_target_4': 0.9919031282105997, 'val_mae_target_4': 0.8050940158020873, 'val_r2_target_4': -0.9256625679958363, 'val_rmse_target_5': 1.1437762939387963, 'val_mae_target_5': 0.8757449693646275, 'val_r2_target_5': -4.919087581946704, 'val_rmse_target_6': 1.021342744834596, 'val_mae_target_6': 0.709275827317109, 'val_r2_target_6': -1.796163856073553, 'val_rmse_target_7': 0.8606834407204803, 'val_mae_target_7': 0.7203559885567834, 'val_r2_target_7': -1.3261302427112414}",COMPLETE
15,0.962283547530715,2026-02-23 20:35:29.689906,2026-02-23 20:36:10.427174,0 days 00:00:40.737268,15.741505472685633,2.0,0.36366034478853615,scale,poly,30,True,"{'val_rmse_mean': 0.9784281428237178, 'val_mae_mean': 0.7677729555525257, 'val_r2_mean': -6.925551493890441, 'val_rmse_target_0': 0.9057034574762844, 'val_mae_target_0': 0.7059210809513685, 'val_r2_target_0': -4.055704167277081, 'val_rmse_target_1': 0.978338478183627, 'val_mae_target_1': 0.7075890168114509, 'val_r2_target_1': -4.501759502293113, 'val_rmse_target_2': 0.8988307545390426, 'val_mae_target_2': 0.7288082502884986, 'val_r2_target_2': -3.768262849288212, 'val_rmse_target_3': 0.9696630840445353, 'val_mae_target_3': 0.7899053877753343, 'val_r2_target_3': -8.907997536242423, 'val_rmse_target_4': 1.0334588394383697, 'val_mae_target_4': 0.8403028778594082, 'val_r2_target_4': -11.521362168662034, 'val_rmse_target_5': 1.1262891700459148, 'val_mae_target_5': 0.8993721123955585, 'val_r2_target_5': -12.842859667492618, 'val_rmse_target_6': 0.9909813664542603, 'val_mae_target_6': 0.7216920430039263, 'val_r2_target_6': -5.056154965735731, 'val_rmse_target_7': 0.9241599924077084, 'val_mae_target_7': 0.7485928753346601, 'val_r2_target_7': -4.750311094132323}",COMPLETE
16,0.9649276908134441,2026-02-23 20:36:10.656382,2026-02-23 20:36:51.947461,0 days 00:00:41.291079,254.26547770430244,,0.059571858022197485,,linear,50,False,"{'val_rmse_mean': 0.9793842446434924, 'val_mae_mean': 0.774684969762393, 'val_r2_mean': -1.6655073105667153, 'val_rmse_target_0': 0.9287166340552562, 'val_mae_target_0': 0.7761267804797847, 'val_r2_target_0': -0.7022129900214744, 'val_rmse_target_1': 0.9461040203211104, 'val_mae_target_1': 0.7266074579667101, 'val_r2_target_1': -0.7593227946800694, 'val_rmse_target_2': 0.9609873007976689, 'val_mae_target_2': 0.7542765026309837, 'val_r2_target_2': -0.6080600817041937, 'val_rmse_target_3': 0.9965202798985305, 'val_mae_target_3': 0.8164858390798299, 'val_r2_target_3': -1.342100321701459, 'val_rmse_target_4': 0.9801289398846343, 'val_mae_target_4': 0.8104785066211165, 'val_r2_target_4': -1.1876048218513136, 'val_rmse_target_5': 1.1510692516277452, 'val_mae_target_5': 0.8771442168123034, 'val_r2_target_5': -5.381099846682475, 'val_rmse_target_6': 1.0001423209005664, 'val_mae_target_6': 0.7028162705774699, 'val_r2_target_6': -1.850123715850588, 'val_rmse_target_7': 0.8714052096624265, 'val_mae_target_7': 0.733544183930946, 'val_r2_target_7': -1.4935339120421465}",COMPLETE
17,0.9714395814691413,2026-02-23 20:36:52.177293,2026-02-23 20:37:33.741069,0 days 00:00:41.563776,632.1796914615812,,0.010314443159455478,,linear,65,True,"{'val_rmse_mean': 0.9821289443435478, 'val_mae_mean': 0.7714195221440224, 'val_r2_mean': -1.496974875094669, 'val_rmse_target_0': 0.9117374650648067, 'val_mae_target_0': 0.7428538169615322, 'val_r2_target_0': -0.5553063081997494, 'val_rmse_target_1': 0.9659411053398433, 'val_mae_target_1': 0.745790270763528, 'val_r2_target_1': -0.7671926849368425, 'val_rmse_target_2': 0.9839050878274297, 'val_mae_target_2': 0.7646032578205886, 'val_r2_target_2': -0.6767892642093878, 'val_rmse_target_3': 0.9876626378028125, 'val_mae_target_3': 0.8138359314433014, 'val_r2_target_3': -1.1021257087027987, 'val_rmse_target_4': 0.9827970148314967, 'val_mae_target_4': 0.8054435701687709, 'val_r2_target_4': -0.9116582269814788, 'val_rmse_target_5': 1.1463739559988197, 'val_mae_target_5': 0.8850999866040367, 'val_r2_target_5': -5.0155500185499795, 'val_rmse_target_6': 1.0367840102416848, 'val_mae_target_6': 0.7185596854459148, 'val_r2_target_6': -1.8064847677986453, 'val_rmse_target_7': 0.8418302776414883, 'val_mae_target_7': 0.6951696579445071, 'val_r2_target_7': -1.1406920213784701}",COMPLETE
18,0.9768862821576317,2026-02-23 20:37:33.970290,2026-02-23 20:38:14.721134,0 days 00:00:40.750844,109.52966536184114,,0.0027454967194891697,auto,rbf,50,False,"{'val_rmse_mean': 0.9858470634092866, 'val_mae_mean': 0.7804035622772332, 'val_r2_mean': -5.5183669976074015, 'val_rmse_target_0': 0.9457074857019608, 'val_mae_target_0': 0.771315118473664, 'val_r2_target_0': -3.649901328361497, 'val_rmse_target_1': 0.9349968664855699, 'val_mae_target_1': 0.719114632518262, 'val_r2_target_1': -3.0198325013683, 'val_rmse_target_2': 0.9204772955589828, 'val_mae_target_2': 0.7527320976425798, 'val_r2_target_2': -2.42785587488317, 'val_rmse_target_3': 0.9884147932055912, 'val_mae_target_3': 0.7994632930374012, 'val_r2_target_3': -5.525898030644177, 'val_rmse_target_4': 0.9906690607232965, 'val_mae_target_4': 0.7990597947610477, 'val_r2_target_4': -5.7301828567776045, 'val_rmse_target_5': 1.160267744366368, 'val_mae_target_5': 0.9332546096433088, 'val_r2_target_5': -12.871114970619898, 'val_rmse_target_6': 0.9916738664028092, 'val_mae_target_6': 0.6590918668165897, 'val_r2_target_6': -5.273227662747797, 'val_rmse_target_7': 0.9545693948297149, 'val_mae_target_7': 0.8091970853250123, 'val_r2_target_7': -5.648922755456764}",COMPLETE
19,1.1124378278536216,2026-02-23 20:38:14.951257,2026-02-23 20:38:55.712140,0 days 00:00:40.760883,18.882866312835603,5.0,0.19825802352576508,scale,poly,30,True,"{'val_rmse_mean': 1.0536980114012502, 'val_mae_mean': 0.839012926924642, 'val_r2_mean': -35.76317454304805, 'val_rmse_target_0': 1.0087650277324605, 'val_mae_target_0': 0.769477894428543, 'val_r2_target_0': -33.67289094024381, 'val_rmse_target_1': 1.0639776468879547, 'val_mae_target_1': 0.8092682113045985, 'val_r2_target_1': -39.668524008816185, 'val_rmse_target_2': 1.0155802575112436, 'val_mae_target_2': 0.8030681071224771, 'val_r2_target_2': -23.225516927602488, 'val_rmse_target_3': 1.0572776875339598, 'val_mae_target_3': 0.8898443589757591, 'val_r2_target_3': -48.11503754018267, 'val_rmse_target_4': 1.109110359075305, 'val_mae_target_4': 0.9507661399968993, 'val_r2_target_4': -68.01573614957518, 'val_rmse_target_5': 1.105071898399934, 'val_mae_target_5': 0.9059681383968402, 'val_r2_target_5': -36.06652135390464, 'val_rmse_target_6': 1.095148920079314, 'val_mae_target_6': 0.7777596894118466, 'val_r2_target_6': -26.485268397275497, 'val_rmse_target_7': 0.9746522939898301, 'val_mae_target_7': 0.8059508757601722, 'val_r2_target_7': -10.855901026783966}",COMPLETE
20,1.02570642462521,2026-02-23 20:38:55.943833,2026-02-23 20:39:36.531518,0 days 00:00:40.587685,915.070658274927,,0.6939252370610273,scale,rbf,45,True,"{'val_rmse_mean': 1.0111143308411767, 'val_mae_mean': 0.7977383962841672, 'val_r2_mean': -16.545914288841445, 'val_rmse_target_0': 0.952870900491068, 'val_mae_target_0': 0.7446652387728439, 'val_r2_target_0': -9.21098152455476, 'val_rmse_target_1': 0.9834305254181079, 'val_mae_target_1': 0.7238702970327539, 'val_r2_target_1': -10.850626841708939, 'val_rmse_target_2': 0.9327049094450324, 'val_mae_target_2': 0.757960107022153, 'val_r2_target_2': -8.43139192438612, 'val_rmse_target_3': 1.013371907310737, 'val_mae_target_3': 0.8263569862973362, 'val_r2_target_3': -21.115527467138524, 'val_rmse_target_4': 1.0268313723012337, 'val_mae_target_4': 0.8362799372933971, 'val_r2_target_4': -20.168080573705115, 'val_rmse_target_5': 1.1098254950981747, 'val_mae_target_5': 0.8955366548275653, 'val_r2_target_5': -27.346878377745142, 'val_rmse_target_6': 1.0868812266346115, 'val_mae_target_6': 0.7913007568468291, 'val_r2_target_6': -16.90015524662774, 'val_rmse_target_7': 0.9829983100304479, 'val_mae_target_7': 0.8059371921804597, 'val_r2_target_7': -18.34367235486523}",COMPLETE
21,0.9625795821363912,2026-02-23 20:39:36.759008,2026-02-23 20:40:17.997791,0 days 00:00:41.238783,333.67137108387374,,0.1054651847251078,,linear,35,True,"{'val_rmse_mean': 0.9773384706208709, 'val_mae_mean': 0.7657151488020807, 'val_r2_mean': -1.8257734274595803, 'val_rmse_target_0': 0.9075120825031356, 'val_mae_target_0': 0.7418929798831553, 'val_r2_target_0': -0.8090599074102123, 'val_rmse_target_1': 0.9511747647935525, 'val_mae_target_1': 0.738019986992742, 'val_r2_target_1': -0.8738921903893129, 'val_rmse_target_2': 0.9487488719434259, 'val_mae_target_2': 0.7642512004911396, 'val_r2_target_2': -0.7812661044582936, 'val_rmse_target_3': 0.9869841976099427, 'val_mae_target_3': 0.7979833685568611, 'val_r2_target_3': -1.4792337725064373, 'val_rmse_target_4': 1.0084751530099048, 'val_mae_target_4': 0.8162209442515338, 'val_r2_target_4': -1.4820546725656323, 'val_rmse_target_5': 1.1692732766029998, 'val_mae_target_5': 0.9047500559523756, 'val_r2_target_5': -5.331355529226105, 'val_rmse_target_6': 0.9903024401205645, 'val_mae_target_6': 0.6503768226175505, 'val_r2_target_6': -2.2272487667912793, 'val_rmse_target_7': 0.8562369783834409, 'val_mae_target_7': 0.7122258316712876, 'val_r2_target_7': -1.62207647632937}",COMPLETE
22,0.9622928851117512,2026-02-23 20:40:18.227829,2026-02-23 20:40:59.238927,0 days 00:00:41.011098,219.29966019939087,,0.10870344420018734,,linear,35,True,"{'val_rmse_mean': 0.9771852137718551, 'val_mae_mean': 0.7655537729000514, 'val_r2_mean': -1.8332137141068285, 'val_rmse_target_0': 0.9071631482091687, 'val_mae_target_0': 0.7415062795210816, 'val_r2_target_0': -0.8125870528542702, 'val_rmse_target_1': 0.9511235685125076, 'val_mae_target_1': 0.7376274764947018, 'val_r2_target_1': -0.8769394138240794, 'val_rmse_target_2': 0.9482067139927096, 'val_mae_target_2': 0.7640262414253632, 'val_r2_target_2': -0.7857037323595069, 'val_rmse_target_3': 0.9866457883890033, 'val_mae_target_3': 0.7976711903121252, 'val_r2_target_3': -1.4885877635697522, 'val_rmse_target_4': 1.0079922166287318, 'val_mae_target_4': 0.8156764326738465, 'val_r2_target_4': -1.4915116191977797, 'val_rmse_target_5': 1.1694406783497246, 'val_mae_target_5': 0.905052482019139, 'val_r2_target_5': -5.343752826412474, 'val_rmse_target_6': 0.9906070117304072, 'val_mae_target_6': 0.6507105941495022, 'val_r2_target_6': -2.2360528502301387, 'val_rmse_target_7': 0.8563025843625878, 'val_mae_target_7': 0.7121594866046513, 'val_r2_target_7': -1.6305744544066272}",COMPLETE
23,0.9181315614600293,2026-02-23 20:40:59.467155,2026-02-23 20:41:40.472492,0 days 00:00:41.005337,47.94113098310296,,0.2795553581365559,,linear,30,True,"{'val_rmse_mean': 0.9536482532642074, 'val_mae_mean': 0.741098055710433, 'val_r2_mean': -2.6758962840804266, 'val_rmse_target_0': 0.8608777923102892, 'val_mae_target_0': 0.6807399219371346, 'val_r2_target_0': -1.1507627644713776, 'val_rmse_target_1': 0.9512246675829664, 'val_mae_target_1': 0.7151592717798911, 'val_r2_target_1': -1.321168176589802, 'val_rmse_target_2': 0.8700576675118205, 'val_mae_target_2': 0.7150943189245086, 'val_r2_target_2': -1.1149008251992956, 'val_rmse_target_3': 0.9537084654743825, 'val_mae_target_3': 0.7443095345738321, 'val_r2_target_3': -2.712288934701271, 'val_rmse_target_4': 0.9903663753948532, 'val_mae_target_4': 0.7840138290878369, 'val_r2_target_4': -3.0862141035669763, 'val_rmse_target_5': 1.1726025645479758, 'val_mae_target_5': 0.9176423900178595, 'val_r2_target_5': -7.563258995802469, 'val_rmse_target_6': 0.9438380994138751, 'val_mae_target_6': 0.6474036538559567, 'val_r2_target_6': -1.7258102902691008, 'val_rmse_target_7': 0.8865103938774971, 'val_mae_target_7': 0.7244215255064439, 'val_r2_target_7': -2.7327661820431213}",COMPLETE
24,0.998532591160228,2026-02-23 20:41:40.703062,2026-02-23 20:42:22.188651,0 days 00:00:41.485589,57.407816990339036,,0.3339339312131478,,linear,20,True,"{'val_rmse_mean': 0.9946728630142969, 'val_mae_mean': 0.7748697058233875, 'val_r2_mean': -2.52645459911571, 'val_rmse_target_0': 0.9405913249781849, 'val_mae_target_0': 0.7279111203535166, 'val_r2_target_0': -1.5466595381601183, 'val_rmse_target_1': 0.977102254836818, 'val_mae_target_1': 0.7336249450391183, 'val_r2_target_1': -1.3804295495905738, 'val_rmse_target_2': 0.8983395205551208, 'val_mae_target_2': 0.7703749548318828, 'val_r2_target_2': -1.4092706620667603, 'val_rmse_target_3': 0.9805273051543041, 'val_mae_target_3': 0.7831224929382407, 'val_r2_target_3': -3.1911434058631585, 'val_rmse_target_4': 0.9604687635074775, 'val_mae_target_4': 0.7726831212882915, 'val_r2_target_4': -3.2212493371198834, 'val_rmse_target_5': 1.2106309197005947, 'val_mae_target_5': 0.9501745858035079, 'val_r2_target_5': -4.773282208230166, 'val_rmse_target_6': 1.0746933294759209, 'val_mae_target_6': 0.7262448964296858, 'val_r2_target_6': -1.860140388437142, 'val_rmse_target_7': 0.9150294859059549, 'val_mae_target_7': 0.7348215299028563, 'val_r2_target_7': -2.82946170345788}",COMPLETE
25,0.9271750190115489,2026-02-23 20:42:22.420541,2026-02-23 20:43:02.989739,0 days 00:00:40.569198,9.36375068751098,,0.5451555824435639,,linear,30,True,"{'val_rmse_mean': 0.95866934888846, 'val_mae_mean': 0.7492903767157045, 'val_r2_mean': -4.08732798518223, 'val_rmse_target_0': 0.8535666096017288, 'val_mae_target_0': 0.6680483770517747, 'val_r2_target_0': -1.7826848008447032, 'val_rmse_target_1': 0.9338916201976806, 'val_mae_target_1': 0.6782304862961331, 'val_r2_target_1': -2.2039106532112105, 'val_rmse_target_2': 0.8710782969240017, 'val_mae_target_2': 0.7094623961559399, 'val_r2_target_2': -2.2368935151827953, 'val_rmse_target_3': 0.9731198931424561, 'val_mae_target_3': 0.7603079789606865, 'val_r2_target_3': -4.9608062029871, 'val_rmse_target_4': 1.0047244625887892, 'val_mae_target_4': 0.8134545364125381, 'val_r2_target_4': -5.131530522710099, 'val_rmse_target_5': 1.158146101677886, 'val_mae_target_5': 0.919174954407018, 'val_r2_target_5': -9.320966566579756, 'val_rmse_target_6': 0.9739352638724653, 'val_mae_target_6': 0.7081070445208537, 'val_r2_target_6': -2.9594682833853314, 'val_rmse_target_7': 0.9008925431026733, 'val_mae_target_7': 0.7375372399206925, 'val_r2_target_7': -4.102363336556845}",COMPLETE
26,0.9563028528067901,2026-02-23 20:43:03.217166,2026-02-23 20:43:44.671972,0 days 00:00:41.454806,5.784552360507777,,0.5644285121363427,,linear,25,True,"{'val_rmse_mean': 0.9739886469524037, 'val_mae_mean': 0.7700539580142297, 'val_r2_mean': -3.9668043216698186, 'val_rmse_target_0': 0.8693588732618887, 'val_mae_target_0': 0.6740406324697662, 'val_r2_target_0': -1.4701645769777127, 'val_rmse_target_1': 0.9393855898976062, 'val_mae_target_1': 0.7056855843364059, 'val_r2_target_1': -1.7740346589688332, 'val_rmse_target_2': 0.8840665500253536, 'val_mae_target_2': 0.7295118484767878, 'val_r2_target_2': -1.8361849340738727, 'val_rmse_target_3': 0.9893194449543141, 'val_mae_target_3': 0.7829323503091831, 'val_r2_target_3': -5.3886902763016185, 'val_rmse_target_4': 1.0049518761183476, 'val_mae_target_4': 0.8310179953764566, 'val_r2_target_4': -5.200248107425958, 'val_rmse_target_5': 1.152337084741056, 'val_mae_target_5': 0.9368386967169848, 'val_r2_target_5': -8.8832443765619, 'val_rmse_target_6': 1.0392881228009776, 'val_mae_target_6': 0.763327936665723, 'val_r2_target_6': -3.0346448598388314, 'val_rmse_target_7': 0.9132016338196852, 'val_mae_target_7': 0.7370766197625305, 'val_r2_target_7': -4.147222783209819}",COMPLETE
27,0.9184476238245043,2026-02-23 20:43:44.898795,2026-02-23 20:44:26.365646,0 days 00:00:41.466851,0.5111775462261268,,0.22276341606362815,,linear,30,True,"{'val_rmse_mean': 0.9538934061785871, 'val_mae_mean': 0.7413513225600599, 'val_r2_mean': -2.472068771619938, 'val_rmse_target_0': 0.8669050847513441, 'val_mae_target_0': 0.6884509021969065, 'val_r2_target_0': -1.0871756491505131, 'val_rmse_target_1': 0.9570012466567472, 'val_mae_target_1': 0.7277349471661373, 'val_r2_target_1': -1.2193137066565924, 'val_rmse_target_2': 0.8693413912001593, 'val_mae_target_2': 0.714474564173281, 'val_r2_target_2': -0.9436355376170267, 'val_rmse_target_3': 0.9531928380594559, 'val_mae_target_3': 0.7470181829476331, 'val_r2_target_3': -2.403860089434113, 'val_rmse_target_4': 0.9906641855475924, 'val_mae_target_4': 0.7787500509262695, 'val_r2_target_4': -2.7501052611294745, 'val_rmse_target_5': 1.1712191240852303, 'val_mae_target_5': 0.91352719234735, 'val_r2_target_5': -7.269068097070431, 'val_rmse_target_6': 0.9375061012866953, 'val_mae_target_6': 0.6379089562377195, 'val_r2_target_6': -1.5629019224389675, 'val_rmse_target_7': 0.885317277841472, 'val_mae_target_7': 0.7229457844851817, 'val_r2_target_7': -2.540489909462383}",COMPLETE
28,0.9182851022183012,2026-02-23 20:44:26.599074,2026-02-23 20:45:08.429855,0 days 00:00:41.830781,0.8157247305581583,,0.2459313979158617,,linear,30,True,"{'val_rmse_mean': 0.9537677129696945, 'val_mae_mean': 0.7411452858937841, 'val_r2_mean': -2.5511039468572076, 'val_rmse_target_0': 0.8641524931286148, 'val_mae_target_0': 0.6845217403545302, 'val_r2_target_0': -1.1115469225437011, 'val_rmse_target_1': 0.9553490691852418, 'val_mae_target_1': 0.723322046367178, 'val_r2_target_1': -1.2608445236991712, 'val_rmse_target_2': 0.8695225318216626, 'val_mae_target_2': 0.7147211273370045, 'val_r2_target_2': -1.010649262229662, 'val_rmse_target_3': 0.9531116796775789, 'val_mae_target_3': 0.7456128256604996, 'val_r2_target_3': -2.5219690500138445, 'val_rmse_target_4': 0.9903105878043785, 'val_mae_target_4': 0.7812424445445854, 'val_r2_target_4': -2.880651432187396, 'val_rmse_target_5': 1.171981479940878, 'val_mae_target_5': 0.9154789897687775, 'val_r2_target_5': -7.384893308280244, 'val_rmse_target_6': 0.9399395097665547, 'val_mae_target_6': 0.6408481258879222, 'val_r2_target_6': -1.627749672416146, 'val_rmse_target_7': 0.8857743524326469, 'val_mae_target_7': 0.7234149872297762, 'val_r2_target_7': -2.6105274034874957}",COMPLETE
29,0.983659222893025,2026-02-23 20:45:08.660160,2026-02-23 20:45:49.585539,0 days 00:00:40.925379,0.6056352995906091,,0.9781000191486943,,linear,40,True,"{'val_rmse_mean': 0.989614478694661, 'val_mae_mean': 0.7856779388205285, 'val_r2_mean': -9.644127930717751, 'val_rmse_target_0': 0.9104315766010641, 'val_mae_target_0': 0.727844144594459, 'val_r2_target_0': -5.224521777982133, 'val_rmse_target_1': 0.9614455498311865, 'val_mae_target_1': 0.706901867833715, 'val_r2_target_1': -6.764916749554915, 'val_rmse_target_2': 0.9049742520050327, 'val_mae_target_2': 0.7412714004478693, 'val_r2_target_2': -4.521381395539439, 'val_rmse_target_3': 1.001800423124444, 'val_mae_target_3': 0.8075191748991457, 'val_r2_target_3': -11.390083520412484, 'val_rmse_target_4': 1.0054386813382763, 'val_mae_target_4': 0.818429664132009, 'val_r2_target_4': -9.56650375890494, 'val_rmse_target_5': 1.1036447938028133, 'val_mae_target_5': 0.8677843607195755, 'val_r2_target_5': -12.706349851896361, 'val_rmse_target_6': 1.067987218084174, 'val_mae_target_6': 0.8301420177058116, 'val_r2_target_6': -8.885287493564128, 'val_rmse_target_7': 0.9611933347702976, 'val_mae_target_7': 0.7855308802316425, 'val_r2_target_7': -18.093978897887617}",COMPLETE
