number,value,datetime_start,datetime_complete,duration,params_alpha,params_fit_intercept,params_l1_ratio,params_n_path_features,params_selection,user_attrs_val_metrics,state
0,1.248857344388962,2026-02-23 20:01:37.871424,2026-02-23 20:02:43.397636,0 days 00:01:05.526212,0.0001974292309852833,True,0.8725749682420829,70,random,"{'val_rmse_mean': 1.1075668334960938, 'val_mae_mean': 0.8830475807189941, 'val_r2_mean': -1.5013020038604736, 'val_rmse_target_0': 0.8968365788459778, 'val_mae_target_0': 0.6976808905601501, 'val_r2_target_0': -1.2004015445709229, 'val_rmse_target_1': 1.262544870376587, 'val_mae_target_1': 1.0754320621490479, 'val_r2_target_1': -0.9237834215164185, 'val_rmse_target_2': 1.0580594539642334, 'val_mae_target_2': 0.8564597368240356, 'val_r2_target_2': -0.6979540586471558, 'val_rmse_target_3': 1.0453758239746094, 'val_mae_target_3': 0.8178969025611877, 'val_r2_target_3': -1.4579026699066162, 'val_rmse_target_4': 1.3878909349441528, 'val_mae_target_4': 1.1064358949661255, 'val_r2_target_4': -0.9924269914627075, 'val_rmse_target_5': 1.1733031272888184, 'val_mae_target_5': 0.9695636034011841, 'val_r2_target_5': -3.796084403991699, 'val_rmse_target_6': 1.060837745666504, 'val_mae_target_6': 0.7306275367736816, 'val_r2_target_6': -1.74660325050354, 'val_rmse_target_7': 0.97568678855896, 'val_mae_target_7': 0.8102836012840271, 'val_r2_target_7': -1.1952612400054932}",COMPLETE
1,1.186988685131073,2026-02-23 20:02:43.645206,2026-02-23 20:03:25.153373,0 days 00:00:41.508167,5.596536074467973,True,0.45087555137627455,40,random,"{'val_rmse_mean': 1.0891036987304688, 'val_mae_mean': 0.8595873117446899, 'val_r2_mean': -142963069943808.0, 'val_rmse_target_0': 1.0903788805007935, 'val_mae_target_0': 0.8452845215797424, 'val_r2_target_0': -216310642376704.0, 'val_rmse_target_1': 1.087052583694458, 'val_mae_target_1': 0.8262152671813965, 'val_r2_target_1': -79838073323520.0, 'val_rmse_target_2': 1.0774803161621094, 'val_mae_target_2': 0.8688509464263916, 'val_r2_target_2': -185728596180992.0, 'val_rmse_target_3': 1.0713231563568115, 'val_mae_target_3': 0.8864813446998596, 'val_r2_target_3': -78818941337600.0, 'val_rmse_target_4': 1.0731843709945679, 'val_mae_target_4': 0.8704732656478882, 'val_r2_target_4': -81458366513152.0, 'val_rmse_target_5': 1.0801255702972412, 'val_mae_target_5': 0.893266499042511, 'val_r2_target_5': -76761014468608.0, 'val_rmse_target_6': 1.1636892557144165, 'val_mae_target_6': 0.8022686839103699, 'val_r2_target_6': -33396535328768.0, 'val_rmse_target_7': 1.069595456123352, 'val_mae_target_7': 0.883858323097229, 'val_r2_target_7': -391392450838528.0}",COMPLETE
2,1.186988685131073,2026-02-23 20:03:25.392282,2026-02-23 20:04:07.322116,0 days 00:00:41.929834,2.7513616275593322,True,0.6749688037964477,30,cyclic,"{'val_rmse_mean': 1.0891036987304688, 'val_mae_mean': 0.8595873117446899, 'val_r2_mean': -142963069943808.0, 'val_rmse_target_0': 1.0903788805007935, 'val_mae_target_0': 0.8452845215797424, 'val_r2_target_0': -216310642376704.0, 'val_rmse_target_1': 1.087052583694458, 'val_mae_target_1': 0.8262152671813965, 'val_r2_target_1': -79838073323520.0, 'val_rmse_target_2': 1.0774803161621094, 'val_mae_target_2': 0.8688509464263916, 'val_r2_target_2': -185728596180992.0, 'val_rmse_target_3': 1.0713231563568115, 'val_mae_target_3': 0.8864813446998596, 'val_r2_target_3': -78818941337600.0, 'val_rmse_target_4': 1.0731843709945679, 'val_mae_target_4': 0.8704732656478882, 'val_r2_target_4': -81458366513152.0, 'val_rmse_target_5': 1.0801255702972412, 'val_mae_target_5': 0.893266499042511, 'val_r2_target_5': -76761014468608.0, 'val_rmse_target_6': 1.1636892557144165, 'val_mae_target_6': 0.8022686839103699, 'val_r2_target_6': -33396535328768.0, 'val_rmse_target_7': 1.069595456123352, 'val_mae_target_7': 0.883858323097229, 'val_r2_target_7': -391392450838528.0}",COMPLETE
3,1.134397071003914,2026-02-23 20:04:07.550826,2026-02-23 20:04:49.873658,0 days 00:00:42.322832,0.9943972056996466,False,0.6882796867585528,35,random,"{'val_rmse_mean': 1.064941644668579, 'val_mae_mean': 0.8447872996330261, 'val_r2_mean': -170.6451873779297, 'val_rmse_target_0': 1.0690785646438599, 'val_mae_target_0': 0.8382372856140137, 'val_r2_target_0': -122.88548278808594, 'val_rmse_target_1': 1.0514265298843384, 'val_mae_target_1': 0.7940046787261963, 'val_r2_target_1': -78.17293548583984, 'val_rmse_target_2': 1.0702247619628906, 'val_mae_target_2': 0.8817978501319885, 'val_r2_target_2': -222.95912170410156, 'val_rmse_target_3': 1.0540026426315308, 'val_mae_target_3': 0.8732540607452393, 'val_r2_target_3': -284.2592468261719, 'val_rmse_target_4': 1.0311100482940674, 'val_mae_target_4': 0.83150315284729, 'val_r2_target_4': -117.21253204345703, 'val_rmse_target_5': 1.0868922472000122, 'val_mae_target_5': 0.9078006744384766, 'val_r2_target_5': -360.60247802734375, 'val_rmse_target_6': 1.0741585493087769, 'val_mae_target_6': 0.7263852953910828, 'val_r2_target_6': -26.876441955566406, 'val_rmse_target_7': 1.0826395750045776, 'val_mae_target_7': 0.9053153395652771, 'val_r2_target_7': -152.19334411621094}",COMPLETE
4,1.1890707445144653,2026-02-23 20:04:50.102430,2026-02-23 20:05:32.041139,0 days 00:00:41.938709,1.3062514344000065,False,0.9053463800816453,50,cyclic,"{'val_rmse_mean': 1.0900485515594482, 'val_mae_mean': 0.8620489835739136, 'val_r2_mean': -198886160.0, 'val_rmse_target_0': 1.0936089754104614, 'val_mae_target_0': 0.8567209839820862, 'val_r2_target_0': -336.5109558105469, 'val_rmse_target_1': 1.0871737003326416, 'val_mae_target_1': 0.8287926316261292, 'val_r2_target_1': -4224.1318359375, 'val_rmse_target_2': 1.0804684162139893, 'val_mae_target_2': 0.8735851049423218, 'val_r2_target_2': -2530.25439453125, 'val_rmse_target_3': 1.0713053941726685, 'val_mae_target_3': 0.8864272832870483, 'val_r2_target_3': -16453142.0, 'val_rmse_target_4': 1.0729235410690308, 'val_mae_target_4': 0.8702762126922607, 'val_r2_target_4': -1234050.375, 'val_rmse_target_5': 1.0801255702972412, 'val_mae_target_5': 0.8932667374610901, 'val_r2_target_5': 0.0, 'val_rmse_target_6': 1.1651856899261475, 'val_mae_target_6': 0.803459107875824, 'val_r2_target_6': -66486.8359375, 'val_rmse_target_7': 1.0695966482162476, 'val_mae_target_7': 0.8838638067245483, 'val_r2_target_7': -1573328768.0}",COMPLETE
5,1.22595517039299,2026-02-23 20:05:32.271295,2026-02-23 20:06:48.147310,0 days 00:01:15.876015,0.00020361600775692466,False,0.847756049895345,60,cyclic,"{'val_rmse_mean': 1.0935839414596558, 'val_mae_mean': 0.883630633354187, 'val_r2_mean': -1.5554125308990479, 'val_rmse_target_0': 0.8711667656898499, 'val_mae_target_0': 0.7036041021347046, 'val_r2_target_0': -1.1215722560882568, 'val_rmse_target_1': 1.3522803783416748, 'val_mae_target_1': 1.173382043838501, 'val_r2_target_1': -0.9085700511932373, 'val_rmse_target_2': 0.8789076209068298, 'val_mae_target_2': 0.7180870771408081, 'val_r2_target_2': -0.372173547744751, 'val_rmse_target_3': 1.0746703147888184, 'val_mae_target_3': 0.8489053249359131, 'val_r2_target_3': -1.8268537521362305, 'val_rmse_target_4': 1.367814302444458, 'val_mae_target_4': 1.1340678930282593, 'val_r2_target_4': -1.2510368824005127, 'val_rmse_target_5': 1.0779534578323364, 'val_mae_target_5': 0.821462869644165, 'val_r2_target_5': -3.3080148696899414, 'val_rmse_target_6': 1.0689685344696045, 'val_mae_target_6': 0.8078059554100037, 'val_r2_target_6': -2.3112130165100098, 'val_rmse_target_7': 1.0569103956222534, 'val_mae_target_7': 0.8617295026779175, 'val_r2_target_7': -1.343865156173706}",COMPLETE
6,1.19086212515831,2026-02-23 20:06:48.378634,2026-02-23 20:07:51.667409,0 days 00:01:03.288775,0.00013745943366282254,True,0.06353508238761618,20,cyclic,"{'val_rmse_mean': 1.07966947555542, 'val_mae_mean': 0.8470395803451538, 'val_r2_mean': -1.4463839530944824, 'val_rmse_target_0': 1.138782262802124, 'val_mae_target_0': 0.9227674603462219, 'val_r2_target_0': -1.0292019844055176, 'val_rmse_target_1': 1.1777456998825073, 'val_mae_target_1': 0.9419542551040649, 'val_r2_target_1': -1.035752773284912, 'val_rmse_target_2': 0.8016389012336731, 'val_mae_target_2': 0.6523462533950806, 'val_r2_target_2': -0.5000579357147217, 'val_rmse_target_3': 0.9862805008888245, 'val_mae_target_3': 0.8108580708503723, 'val_r2_target_3': -1.8535583019256592, 'val_rmse_target_4': 1.0176801681518555, 'val_mae_target_4': 0.7956794500350952, 'val_r2_target_4': -1.54526686668396, 'val_rmse_target_5': 1.3737084865570068, 'val_mae_target_5': 1.059098243713379, 'val_r2_target_5': -1.8355836868286133, 'val_rmse_target_6': 1.1476093530654907, 'val_mae_target_6': 0.8222915530204773, 'val_r2_target_6': -2.20986008644104, 'val_rmse_target_7': 0.9939103722572327, 'val_mae_target_7': 0.7713214159011841, 'val_r2_target_7': -1.56178879737854}",COMPLETE
7,1.0611584922671318,2026-02-23 20:07:51.897338,2026-02-23 20:08:34.502512,0 days 00:00:42.605174,1.1364313849952847,True,0.3587567607876272,50,random,"{'val_rmse_mean': 1.0298341512680054, 'val_mae_mean': 0.8201959133148193, 'val_r2_mean': -11.581295013427734, 'val_rmse_target_0': 1.0407898426055908, 'val_mae_target_0': 0.8680101633071899, 'val_r2_target_0': -8.584321022033691, 'val_rmse_target_1': 0.9907279014587402, 'val_mae_target_1': 0.7893170714378357, 'val_r2_target_1': -5.3222575187683105, 'val_rmse_target_2': 1.0458813905715942, 'val_mae_target_2': 0.8592336773872375, 'val_r2_target_2': -7.212734222412109, 'val_rmse_target_3': 1.0472698211669922, 'val_mae_target_3': 0.8341526985168457, 'val_r2_target_3': -15.946891784667969, 'val_rmse_target_4': 0.986225962638855, 'val_mae_target_4': 0.8087000846862793, 'val_r2_target_4': -8.578821182250977, 'val_rmse_target_5': 1.0417531728744507, 'val_mae_target_5': 0.8394788503646851, 'val_r2_target_5': -25.33977508544922, 'val_rmse_target_6': 1.0530118942260742, 'val_mae_target_6': 0.709669291973114, 'val_r2_target_6': -8.125062942504883, 'val_rmse_target_7': 1.0330127477645874, 'val_mae_target_7': 0.8530060052871704, 'val_r2_target_7': -13.540501594543457}",COMPLETE
8,1.2446825969219208,2026-02-23 20:08:34.735104,2026-02-23 20:09:26.247130,0 days 00:00:51.512026,0.0014080039204158966,False,0.9560372987156919,40,random,"{'val_rmse_mean': 1.107400894165039, 'val_mae_mean': 0.8885213136672974, 'val_r2_mean': -1.2364310026168823, 'val_rmse_target_0': 0.9607827663421631, 'val_mae_target_0': 0.7288324236869812, 'val_r2_target_0': -2.1438839435577393, 'val_rmse_target_1': 1.2879263162612915, 'val_mae_target_1': 1.1384483575820923, 'val_r2_target_1': -0.9268826246261597, 'val_rmse_target_2': 1.030379056930542, 'val_mae_target_2': 0.8300566077232361, 'val_r2_target_2': -0.7913933992385864, 'val_rmse_target_3': 0.9876490831375122, 'val_mae_target_3': 0.7613070607185364, 'val_r2_target_3': -0.5831195116043091, 'val_rmse_target_4': 1.2788327932357788, 'val_mae_target_4': 1.0593258142471313, 'val_r2_target_4': -1.0160408020019531, 'val_rmse_target_5': 1.2541085481643677, 'val_mae_target_5': 1.0013511180877686, 'val_r2_target_5': -1.956712245941162, 'val_rmse_target_6': 1.0984731912612915, 'val_mae_target_6': 0.8176231980323792, 'val_r2_target_6': -1.7095880508422852, 'val_rmse_target_7': 0.961054801940918, 'val_mae_target_7': 0.7712259888648987, 'val_r2_target_7': -0.7638283967971802}",COMPLETE
9,1.1722770023345948,2026-02-23 20:09:26.474935,2026-02-23 20:10:19.041567,0 days 00:00:52.566632,0.0034092677608960147,False,0.4933260486581741,60,cyclic,"{'val_rmse_mean': 1.0648534297943115, 'val_mae_mean': 0.8622493743896484, 'val_r2_mean': -1.2502942085266113, 'val_rmse_target_0': 0.8141350746154785, 'val_mae_target_0': 0.6637532711029053, 'val_r2_target_0': -0.788331151008606, 'val_rmse_target_1': 1.3045858144760132, 'val_mae_target_1': 1.1453251838684082, 'val_r2_target_1': -0.895068883895874, 'val_rmse_target_2': 0.8700035214424133, 'val_mae_target_2': 0.6909921765327454, 'val_r2_target_2': -0.23689091205596924, 'val_rmse_target_3': 0.9554933309555054, 'val_mae_target_3': 0.7594689726829529, 'val_r2_target_3': -1.5187230110168457, 'val_rmse_target_4': 1.4022001028060913, 'val_mae_target_4': 1.1401904821395874, 'val_r2_target_4': -1.3204376697540283, 'val_rmse_target_5': 1.136643886566162, 'val_mae_target_5': 0.90451979637146, 'val_r2_target_5': -2.7751638889312744, 'val_rmse_target_6': 1.0993938446044922, 'val_mae_target_6': 0.831316351890564, 'val_r2_target_6': -1.5022673606872559, 'val_rmse_target_7': 0.9363712072372437, 'val_mae_target_7': 0.7624291777610779, 'val_r2_target_7': -0.965471625328064}",COMPLETE
10,1.186988685131073,2026-02-23 20:10:19.268220,2026-02-23 20:11:00.511015,0 days 00:00:41.242795,76.02326215933718,True,0.2008936320653084,50,random,"{'val_rmse_mean': 1.0891036987304688, 'val_mae_mean': 0.8595873117446899, 'val_r2_mean': -142963069943808.0, 'val_rmse_target_0': 1.0903788805007935, 'val_mae_target_0': 0.8452845215797424, 'val_r2_target_0': -216310642376704.0, 'val_rmse_target_1': 1.087052583694458, 'val_mae_target_1': 0.8262152671813965, 'val_r2_target_1': -79838073323520.0, 'val_rmse_target_2': 1.0774803161621094, 'val_mae_target_2': 0.8688509464263916, 'val_r2_target_2': -185728596180992.0, 'val_rmse_target_3': 1.0713231563568115, 'val_mae_target_3': 0.8864813446998596, 'val_r2_target_3': -78818941337600.0, 'val_rmse_target_4': 1.0731843709945679, 'val_mae_target_4': 0.8704732656478882, 'val_r2_target_4': -81458366513152.0, 'val_rmse_target_5': 1.0801255702972412, 'val_mae_target_5': 0.893266499042511, 'val_r2_target_5': -76761014468608.0, 'val_rmse_target_6': 1.1636892557144165, 'val_mae_target_6': 0.8022686839103699, 'val_r2_target_6': -33396535328768.0, 'val_rmse_target_7': 1.069595456123352, 'val_mae_target_7': 0.883858323097229, 'val_r2_target_7': -391392450838528.0}",COMPLETE
11,1.1262134492397309,2026-02-23 20:11:00.743244,2026-02-23 20:11:43.976373,0 days 00:00:43.233129,0.09698385465913116,False,0.31706165133983755,30,random,"{'val_rmse_mean': 1.053335428237915, 'val_mae_mean': 0.8434751033782959, 'val_r2_mean': -1.8885551691055298, 'val_rmse_target_0': 0.8904747366905212, 'val_mae_target_0': 0.7225315570831299, 'val_r2_target_0': -2.654387950897217, 'val_rmse_target_1': 1.3257763385772705, 'val_mae_target_1': 1.0748757123947144, 'val_r2_target_1': -1.6032636165618896, 'val_rmse_target_2': 1.0337082147598267, 'val_mae_target_2': 0.884270191192627, 'val_r2_target_2': -1.243360996246338, 'val_rmse_target_3': 0.9553771018981934, 'val_mae_target_3': 0.7376835346221924, 'val_r2_target_3': -1.5272068977355957, 'val_rmse_target_4': 1.0925692319869995, 'val_mae_target_4': 0.8718282580375671, 'val_r2_target_4': -1.7040092945098877, 'val_rmse_target_5': 1.1384172439575195, 'val_mae_target_5': 0.9256455898284912, 'val_r2_target_5': -3.2207627296447754, 'val_rmse_target_6': 1.0556515455245972, 'val_mae_target_6': 0.8113449215888977, 'val_r2_target_6': -0.7156182527542114, 'val_rmse_target_7': 0.934708297252655, 'val_mae_target_7': 0.7196211218833923, 'val_r2_target_7': -2.439833402633667}",COMPLETE
12,1.2296755331754685,2026-02-23 20:11:44.206474,2026-02-23 20:12:26.890882,0 days 00:00:42.684408,0.055751217690019776,False,0.31661562844030927,25,random,"{'val_rmse_mean': 1.0952509641647339, 'val_mae_mean': 0.8562073707580566, 'val_r2_mean': -2.1285533905029297, 'val_rmse_target_0': 1.0010179281234741, 'val_mae_target_0': 0.7995862364768982, 'val_r2_target_0': -2.5819242000579834, 'val_rmse_target_1': 1.399612307548523, 'val_mae_target_1': 1.1356898546218872, 'val_r2_target_1': -1.6057395935058594, 'val_rmse_target_2': 0.9983857870101929, 'val_mae_target_2': 0.8114253878593445, 'val_r2_target_2': -0.9307132959365845, 'val_rmse_target_3': 0.9121631383895874, 'val_mae_target_3': 0.7522628903388977, 'val_r2_target_3': -1.9361293315887451, 'val_rmse_target_4': 1.0030109882354736, 'val_mae_target_4': 0.7788240909576416, 'val_r2_target_4': -2.3835325241088867, 'val_rmse_target_5': 1.188382625579834, 'val_mae_target_5': 0.9653677940368652, 'val_r2_target_5': -2.56614089012146, 'val_rmse_target_6': 1.325714111328125, 'val_mae_target_6': 0.8720640540122986, 'val_r2_target_6': -1.6769077777862549, 'val_rmse_target_7': 0.9337208867073059, 'val_mae_target_7': 0.7344387769699097, 'val_r2_target_7': -3.3473410606384277}",COMPLETE
13,1.1670575791597366,2026-02-23 20:12:27.119817,2026-02-23 20:13:09.408785,0 days 00:00:42.288968,0.09411289751691022,True,0.2880992105590709,50,random,"{'val_rmse_mean': 1.0751638412475586, 'val_mae_mean': 0.8652708530426025, 'val_r2_mean': -1.5181859731674194, 'val_rmse_target_0': 0.918048620223999, 'val_mae_target_0': 0.758054792881012, 'val_r2_target_0': -1.4975810050964355, 'val_rmse_target_1': 1.1808955669403076, 'val_mae_target_1': 0.9954032897949219, 'val_r2_target_1': -0.8539022207260132, 'val_rmse_target_2': 1.0497230291366577, 'val_mae_target_2': 0.8740283250808716, 'val_r2_target_2': -0.7382769584655762, 'val_rmse_target_3': 1.0401577949523926, 'val_mae_target_3': 0.7980930209159851, 'val_r2_target_3': -1.2801575660705566, 'val_rmse_target_4': 1.2262707948684692, 'val_mae_target_4': 1.005277156829834, 'val_r2_target_4': -1.1768207550048828, 'val_rmse_target_5': 1.1930752992630005, 'val_mae_target_5': 0.9595649838447571, 'val_r2_target_5': -3.823009490966797, 'val_rmse_target_6': 1.026679277420044, 'val_mae_target_6': 0.738319993019104, 'val_r2_target_6': -1.437483549118042, 'val_rmse_target_7': 0.9664610028266907, 'val_mae_target_7': 0.7934257388114929, 'val_r2_target_7': -1.3382561206817627}",COMPLETE
14,1.0307281082868576,2026-02-23 20:13:09.640696,2026-02-23 20:13:54.538979,0 days 00:00:44.898283,0.014207452436271325,False,0.038145518149209745,30,random,"{'val_rmse_mean': 1.0096180438995361, 'val_mae_mean': 0.8015490174293518, 'val_r2_mean': -1.952754020690918, 'val_rmse_target_0': 0.910411536693573, 'val_mae_target_0': 0.7542948126792908, 'val_r2_target_0': -1.7480957508087158, 'val_rmse_target_1': 1.183393955230713, 'val_mae_target_1': 0.9954808950424194, 'val_r2_target_1': -1.3477063179016113, 'val_rmse_target_2': 0.947432279586792, 'val_mae_target_2': 0.8096281290054321, 'val_r2_target_2': -0.8465965986251831, 'val_rmse_target_3': 0.9768489599227905, 'val_mae_target_3': 0.780823290348053, 'val_r2_target_3': -1.5991792678833008, 'val_rmse_target_4': 1.0404016971588135, 'val_mae_target_4': 0.8000583052635193, 'val_r2_target_4': -1.5532135963439941, 'val_rmse_target_5': 1.1708225011825562, 'val_mae_target_5': 0.9027354717254639, 'val_r2_target_5': -5.3305864334106445, 'val_rmse_target_6': 0.9715549945831299, 'val_mae_target_6': 0.6668086051940918, 'val_r2_target_6': -0.9685478210449219, 'val_rmse_target_7': 0.8760779500007629, 'val_mae_target_7': 0.7025625705718994, 'val_r2_target_7': -2.2281062602996826}",COMPLETE
15,1.039634072780609,2026-02-23 20:13:54.768377,2026-02-23 20:14:46.058462,0 days 00:00:51.290085,0.008378492740201223,True,0.009396706039802243,60,random,"{'val_rmse_mean': 1.0167875289916992, 'val_mae_mean': 0.805345356464386, 'val_r2_mean': -1.6543896198272705, 'val_rmse_target_0': 0.9142751693725586, 'val_mae_target_0': 0.7512236833572388, 'val_r2_target_0': -0.8133591413497925, 'val_rmse_target_1': 1.051387071609497, 'val_mae_target_1': 0.8514625430107117, 'val_r2_target_1': -1.087949275970459, 'val_rmse_target_2': 1.0181505680084229, 'val_mae_target_2': 0.7692049145698547, 'val_r2_target_2': -0.7191276550292969, 'val_rmse_target_3': 1.0369311571121216, 'val_mae_target_3': 0.8565798997879028, 'val_r2_target_3': -1.2667889595031738, 'val_rmse_target_4': 1.0232596397399902, 'val_mae_target_4': 0.8216917514801025, 'val_r2_target_4': -0.836445689201355, 'val_rmse_target_5': 1.169897437095642, 'val_mae_target_5': 0.9245626330375671, 'val_r2_target_5': -5.070768356323242, 'val_rmse_target_6': 1.0061161518096924, 'val_mae_target_6': 0.703402578830719, 'val_r2_target_6': -1.9876618385314941, 'val_rmse_target_7': 0.9142820835113525, 'val_mae_target_7': 0.7646347284317017, 'val_r2_target_7': -1.453016757965088}",COMPLETE
16,1.033169801235199,2026-02-23 20:14:46.288311,2026-02-23 20:15:42.932340,0 days 00:00:56.644029,0.010151389033380436,False,0.00500962440228879,70,random,"{'val_rmse_mean': 1.01252281665802, 'val_mae_mean': 0.7975069284439087, 'val_r2_mean': -1.6860299110412598, 'val_rmse_target_0': 0.8922535181045532, 'val_mae_target_0': 0.7207400798797607, 'val_r2_target_0': -0.6277921199798584, 'val_rmse_target_1': 1.056697964668274, 'val_mae_target_1': 0.8353686332702637, 'val_r2_target_1': -1.129530906677246, 'val_rmse_target_2': 1.0368893146514893, 'val_mae_target_2': 0.8026100397109985, 'val_r2_target_2': -0.8724137544631958, 'val_rmse_target_3': 1.0327380895614624, 'val_mae_target_3': 0.840240478515625, 'val_r2_target_3': -1.4109671115875244, 'val_rmse_target_4': 1.0177372694015503, 'val_mae_target_4': 0.8223006725311279, 'val_r2_target_4': -1.0086920261383057, 'val_rmse_target_5': 1.1675100326538086, 'val_mae_target_5': 0.9098354578018188, 'val_r2_target_5': -5.359792232513428, 'val_rmse_target_6': 1.031815767288208, 'val_mae_target_6': 0.7254363894462585, 'val_r2_target_6': -1.8250048160552979, 'val_rmse_target_7': 0.8645409941673279, 'val_mae_target_7': 0.7235233187675476, 'val_r2_target_7': -1.2540464401245117}",COMPLETE
17,1.1007042193412782,2026-02-23 20:15:43.160125,2026-02-23 20:16:30.962631,0 days 00:00:47.802506,0.015207363597555874,False,0.13188057388731073,70,random,"{'val_rmse_mean': 1.0400242805480957, 'val_mae_mean': 0.8389197587966919, 'val_r2_mean': -1.5876144170761108, 'val_rmse_target_0': 0.8437675833702087, 'val_mae_target_0': 0.6845819354057312, 'val_r2_target_0': -0.8899210691452026, 'val_rmse_target_1': 1.2807576656341553, 'val_mae_target_1': 1.1200227737426758, 'val_r2_target_1': -1.2302217483520508, 'val_rmse_target_2': 0.9818221926689148, 'val_mae_target_2': 0.7960294485092163, 'val_r2_target_2': -0.6687674522399902, 'val_rmse_target_3': 0.9494208097457886, 'val_mae_target_3': 0.7525155544281006, 'val_r2_target_3': -1.5810577869415283, 'val_rmse_target_4': 1.1538138389587402, 'val_mae_target_4': 0.9174704551696777, 'val_r2_target_4': -1.2867248058319092, 'val_rmse_target_5': 1.1756612062454224, 'val_mae_target_5': 0.9590103030204773, 'val_r2_target_5': -4.389491081237793, 'val_rmse_target_6': 1.002765417098999, 'val_mae_target_6': 0.731914222240448, 'val_r2_target_6': -1.3095951080322266, 'val_rmse_target_7': 0.9321860671043396, 'val_mae_target_7': 0.7498133182525635, 'val_r2_target_7': -1.345137119293213}",COMPLETE
18,1.1504294157028199,2026-02-23 20:16:31.191763,2026-02-23 20:17:18.326688,0 days 00:00:47.134925,0.0011229523484618518,False,0.15491963385996682,20,random,"{'val_rmse_mean': 1.0612303018569946, 'val_mae_mean': 0.8300141096115112, 'val_r2_mean': -1.6131901741027832, 'val_rmse_target_0': 1.077580213546753, 'val_mae_target_0': 0.8690353631973267, 'val_r2_target_0': -2.8105781078338623, 'val_rmse_target_1': 1.2424089908599854, 'val_mae_target_1': 0.9831437468528748, 'val_r2_target_1': -1.391266107559204, 'val_rmse_target_2': 0.9157132506370544, 'val_mae_target_2': 0.7668448686599731, 'val_r2_target_2': -1.1334490776062012, 'val_rmse_target_3': 0.9937318563461304, 'val_mae_target_3': 0.8221046328544617, 'val_r2_target_3': -2.353182792663574, 'val_rmse_target_4': 0.9976244568824768, 'val_mae_target_4': 0.7416971325874329, 'val_r2_target_4': -1.6608011722564697, 'val_rmse_target_5': 1.2566931247711182, 'val_mae_target_5': 0.9905307292938232, 'val_r2_target_5': -1.3447108268737793, 'val_rmse_target_6': 1.2103004455566406, 'val_mae_target_6': 0.8290327191352844, 'val_r2_target_6': -1.5846402645111084, 'val_rmse_target_7': 0.7957907319068909, 'val_mae_target_7': 0.637723982334137, 'val_r2_target_7': -0.6268928050994873}",COMPLETE
19,1.0354036837816238,2026-02-23 20:17:18.555012,2026-02-23 20:18:05.248177,0 days 00:00:46.693165,0.018449970045875817,False,0.014951364812629266,40,random,"{'val_rmse_mean': 1.0124292373657227, 'val_mae_mean': 0.7973612546920776, 'val_r2_mean': -1.6211220026016235, 'val_rmse_target_0': 0.9222590327262878, 'val_mae_target_0': 0.749430775642395, 'val_r2_target_0': -1.0623650550842285, 'val_rmse_target_1': 1.1095364093780518, 'val_mae_target_1': 0.9139935374259949, 'val_r2_target_1': -1.1676292419433594, 'val_rmse_target_2': 1.0232526063919067, 'val_mae_target_2': 0.8018359541893005, 'val_r2_target_2': -0.8102531433105469, 'val_rmse_target_3': 0.9809393882751465, 'val_mae_target_3': 0.7929344773292542, 'val_r2_target_3': -1.2940547466278076, 'val_rmse_target_4': 1.0407651662826538, 'val_mae_target_4': 0.8208978176116943, 'val_r2_target_4': -1.1113831996917725, 'val_rmse_target_5': 1.2081713676452637, 'val_mae_target_5': 0.9507527947425842, 'val_r2_target_5': -4.477456092834473, 'val_rmse_target_6': 0.9473560452461243, 'val_mae_target_6': 0.6339786052703857, 'val_r2_target_6': -1.7605607509613037, 'val_rmse_target_7': 0.8671532869338989, 'val_mae_target_7': 0.7150658965110779, 'val_r2_target_7': -1.2852728366851807}",COMPLETE
20,0.9849952751398087,2026-02-23 20:18:05.476635,2026-02-23 20:18:47.322865,0 days 00:00:41.846230,0.29638326361377665,False,0.21508269373148955,65,random,"{'val_rmse_mean': 0.9858434796333313, 'val_mae_mean': 0.7930909991264343, 'val_r2_mean': -1.9772388935089111, 'val_rmse_target_0': 0.8180233836174011, 'val_mae_target_0': 0.6628877520561218, 'val_r2_target_0': -1.0637757778167725, 'val_rmse_target_1': 1.1413769721984863, 'val_mae_target_1': 0.9971095323562622, 'val_r2_target_1': -1.3207340240478516, 'val_rmse_target_2': 0.8834348320960999, 'val_mae_target_2': 0.7164132595062256, 'val_r2_target_2': -0.812667727470398, 'val_rmse_target_3': 0.9088494777679443, 'val_mae_target_3': 0.7311539649963379, 'val_r2_target_3': -2.435067653656006, 'val_rmse_target_4': 1.1042976379394531, 'val_mae_target_4': 0.8920459151268005, 'val_r2_target_4': -2.004599094390869, 'val_rmse_target_5': 1.1223729848861694, 'val_mae_target_5': 0.9020957350730896, 'val_r2_target_5': -4.794990062713623, 'val_rmse_target_6': 0.980831503868103, 'val_mae_target_6': 0.7002618908882141, 'val_r2_target_6': -1.754464864730835, 'val_rmse_target_7': 0.9275610446929932, 'val_mae_target_7': 0.7427600622177124, 'val_r2_target_7': -1.631610631942749}",COMPLETE
21,1.0599137079715728,2026-02-23 20:18:47.550065,2026-02-23 20:19:30.312634,0 days 00:00:42.762569,0.16995844621027223,False,0.10611486357871718,70,random,"{'val_rmse_mean': 1.0223016738891602, 'val_mae_mean': 0.8230278491973877, 'val_r2_mean': -1.748137354850769, 'val_rmse_target_0': 0.8355168700218201, 'val_mae_target_0': 0.6754365563392639, 'val_r2_target_0': -0.8737893104553223, 'val_rmse_target_1': 1.2160439491271973, 'val_mae_target_1': 1.058569312095642, 'val_r2_target_1': -1.3352224826812744, 'val_rmse_target_2': 0.9829041957855225, 'val_mae_target_2': 0.8015815615653992, 'val_r2_target_2': -0.8281100988388062, 'val_rmse_target_3': 0.9547410011291504, 'val_mae_target_3': 0.7666058540344238, 'val_r2_target_3': -1.8249623775482178, 'val_rmse_target_4': 1.1092209815979004, 'val_mae_target_4': 0.8791346549987793, 'val_r2_target_4': -1.4547502994537354, 'val_rmse_target_5': 1.1699156761169434, 'val_mae_target_5': 0.9575491547584534, 'val_r2_target_5': -4.663697719573975, 'val_rmse_target_6': 0.9830491542816162, 'val_mae_target_6': 0.7108180522918701, 'val_r2_target_6': -1.4167633056640625, 'val_rmse_target_7': 0.9270209670066833, 'val_mae_target_7': 0.7345279455184937, 'val_r2_target_7': -1.5878024101257324}",COMPLETE
22,0.960350958108902,2026-02-23 20:19:30.540048,2026-02-23 20:20:12.541155,0 days 00:00:42.001107,0.41118175239390287,False,0.20110075878128217,65,random,"{'val_rmse_mean': 0.9748615026473999, 'val_mae_mean': 0.7814887762069702, 'val_r2_mean': -2.2493691444396973, 'val_rmse_target_0': 0.8219044208526611, 'val_mae_target_0': 0.6703118085861206, 'val_r2_target_0': -1.2064199447631836, 'val_rmse_target_1': 1.0976924896240234, 'val_mae_target_1': 0.9490180015563965, 'val_r2_target_1': -1.399010419845581, 'val_rmse_target_2': 0.8874071836471558, 'val_mae_target_2': 0.7223755121231079, 'val_r2_target_2': -0.9930962324142456, 'val_rmse_target_3': 0.9119367599487305, 'val_mae_target_3': 0.7313995361328125, 'val_r2_target_3': -2.9858579635620117, 'val_rmse_target_4': 1.067042589187622, 'val_mae_target_4': 0.8568711280822754, 'val_r2_target_4': -2.339837074279785, 'val_rmse_target_5': 1.1128077507019043, 'val_mae_target_5': 0.8952925205230713, 'val_r2_target_5': -5.254349231719971, 'val_rmse_target_6': 0.9736998677253723, 'val_mae_target_6': 0.6846694946289062, 'val_r2_target_6': -1.9083771705627441, 'val_rmse_target_7': 0.9264010787010193, 'val_mae_target_7': 0.7419722080230713, 'val_r2_target_7': -1.9080097675323486}",COMPLETE
23,0.9722464311122895,2026-02-23 20:20:12.768877,2026-02-23 20:20:54.363573,0 days 00:00:41.594696,0.3392304527373273,False,0.2230676296194942,65,random,"{'val_rmse_mean': 0.9802790880203247, 'val_mae_mean': 0.787070631980896, 'val_r2_mean': -2.1179542541503906, 'val_rmse_target_0': 0.8229015469551086, 'val_mae_target_0': 0.6684867739677429, 'val_r2_target_0': -1.1488680839538574, 'val_rmse_target_1': 1.1187174320220947, 'val_mae_target_1': 0.9725947380065918, 'val_r2_target_1': -1.3406121730804443, 'val_rmse_target_2': 0.8793736100196838, 'val_mae_target_2': 0.7142781615257263, 'val_r2_target_2': -0.868881106376648, 'val_rmse_target_3': 0.9094291925430298, 'val_mae_target_3': 0.7304189801216125, 'val_r2_target_3': -2.729703903198242, 'val_rmse_target_4': 1.0848833322525024, 'val_mae_target_4': 0.8732777237892151, 'val_r2_target_4': -2.186873435974121, 'val_rmse_target_5': 1.1143964529037476, 'val_mae_target_5': 0.897773027420044, 'val_r2_target_5': -5.0434794425964355, 'val_rmse_target_6': 0.9805278182029724, 'val_mae_target_6': 0.6938784122467041, 'val_r2_target_6': -1.8401556015014648, 'val_rmse_target_7': 0.9320030808448792, 'val_mae_target_7': 0.7458574771881104, 'val_r2_target_7': -1.7850604057312012}",COMPLETE
24,1.1869887107610702,2026-02-23 20:20:54.591119,2026-02-23 20:21:35.680811,0 days 00:00:41.089692,13.785379980543365,False,0.2173905099074586,65,random,"{'val_rmse_mean': 1.0891036987304688, 'val_mae_mean': 0.8595874309539795, 'val_r2_mean': 0.0, 'val_rmse_target_0': 1.0903788805007935, 'val_mae_target_0': 0.8452845811843872, 'val_r2_target_0': 0.0, 'val_rmse_target_1': 1.087052583694458, 'val_mae_target_1': 0.8262152671813965, 'val_r2_target_1': 0.0, 'val_rmse_target_2': 1.0774801969528198, 'val_mae_target_2': 0.8688510060310364, 'val_r2_target_2': 0.0, 'val_rmse_target_3': 1.0713231563568115, 'val_mae_target_3': 0.8864812254905701, 'val_r2_target_3': 0.0, 'val_rmse_target_4': 1.0731843709945679, 'val_mae_target_4': 0.870473325252533, 'val_r2_target_4': 0.0, 'val_rmse_target_5': 1.0801255702972412, 'val_mae_target_5': 0.8932667374610901, 'val_r2_target_5': 0.0, 'val_rmse_target_6': 1.163689136505127, 'val_mae_target_6': 0.8022688031196594, 'val_r2_target_6': 0.0, 'val_rmse_target_7': 1.0695953369140625, 'val_mae_target_7': 0.883858323097229, 'val_r2_target_7': 0.0}",COMPLETE
25,0.9449155455827714,2026-02-23 20:21:35.910640,2026-02-23 20:22:17.205601,0 days 00:00:41.294961,0.3023619027059614,False,0.4234055873144623,55,random,"{'val_rmse_mean': 0.9700566530227661, 'val_mae_mean': 0.7717524766921997, 'val_r2_mean': -2.4795093536376953, 'val_rmse_target_0': 0.897915780544281, 'val_mae_target_0': 0.7430485486984253, 'val_r2_target_0': -1.8036351203918457, 'val_rmse_target_1': 1.0173879861831665, 'val_mae_target_1': 0.8563347458839417, 'val_r2_target_1': -1.3809657096862793, 'val_rmse_target_2': 0.895901083946228, 'val_mae_target_2': 0.7337040901184082, 'val_r2_target_2': -1.1740388870239258, 'val_rmse_target_3': 0.9061703085899353, 'val_mae_target_3': 0.7097134590148926, 'val_r2_target_3': -4.041007041931152, 'val_rmse_target_4': 0.9825432896614075, 'val_mae_target_4': 0.774360179901123, 'val_r2_target_4': -2.544074058532715, 'val_rmse_target_5': 1.0813708305358887, 'val_mae_target_5': 0.8485308289527893, 'val_r2_target_5': -4.788937091827393, 'val_rmse_target_6': 1.0109044313430786, 'val_mae_target_6': 0.7176234722137451, 'val_r2_target_6': -2.07979679107666, 'val_rmse_target_7': 0.9682601690292358, 'val_mae_target_7': 0.7907047867774963, 'val_r2_target_7': -2.023622751235962}",COMPLETE
26,0.9524695217609406,2026-02-23 20:22:17.434166,2026-02-23 20:22:58.519909,0 days 00:00:41.085743,0.5360505249351777,False,0.4193192302134341,55,cyclic,"{'val_rmse_mean': 0.975153923034668, 'val_mae_mean': 0.7785444259643555, 'val_r2_mean': -4.2149248123168945, 'val_rmse_target_0': 0.9126976728439331, 'val_mae_target_0': 0.7565827965736389, 'val_r2_target_0': -2.4734041690826416, 'val_rmse_target_1': 0.9806888699531555, 'val_mae_target_1': 0.8167195320129395, 'val_r2_target_1': -2.3963401317596436, 'val_rmse_target_2': 0.9596419334411621, 'val_mae_target_2': 0.8011684417724609, 'val_r2_target_2': -2.846588611602783, 'val_rmse_target_3': 0.9592586755752563, 'val_mae_target_3': 0.7563560605049133, 'val_r2_target_3': -7.222099304199219, 'val_rmse_target_4': 0.9393020272254944, 'val_mae_target_4': 0.7510302662849426, 'val_r2_target_4': -4.484963893890381, 'val_rmse_target_5': 1.0366441011428833, 'val_mae_target_5': 0.8266412615776062, 'val_r2_target_5': -7.2250165939331055, 'val_rmse_target_6': 1.027705430984497, 'val_mae_target_6': 0.7071401476860046, 'val_r2_target_6': -3.3732380867004395, 'val_rmse_target_7': 0.9852921962738037, 'val_mae_target_7': 0.8127169013023376, 'val_r2_target_7': -3.6977500915527344}",COMPLETE
27,1.1869887107610702,2026-02-23 20:22:58.750089,2026-02-23 20:23:40.091784,0 days 00:00:41.341695,13.781552334800752,False,0.5912402532857145,55,cyclic,"{'val_rmse_mean': 1.0891036987304688, 'val_mae_mean': 0.8595874309539795, 'val_r2_mean': 0.0, 'val_rmse_target_0': 1.0903788805007935, 'val_mae_target_0': 0.8452845811843872, 'val_r2_target_0': 0.0, 'val_rmse_target_1': 1.087052583694458, 'val_mae_target_1': 0.8262152671813965, 'val_r2_target_1': 0.0, 'val_rmse_target_2': 1.0774801969528198, 'val_mae_target_2': 0.8688510060310364, 'val_r2_target_2': 0.0, 'val_rmse_target_3': 1.0713231563568115, 'val_mae_target_3': 0.8864812254905701, 'val_r2_target_3': 0.0, 'val_rmse_target_4': 1.0731843709945679, 'val_mae_target_4': 0.870473325252533, 'val_r2_target_4': 0.0, 'val_rmse_target_5': 1.0801255702972412, 'val_mae_target_5': 0.8932667374610901, 'val_r2_target_5': 0.0, 'val_rmse_target_6': 1.163689136505127, 'val_mae_target_6': 0.8022688031196594, 'val_r2_target_6': 0.0, 'val_rmse_target_7': 1.0695953369140625, 'val_mae_target_7': 0.883858323097229, 'val_r2_target_7': 0.0}",COMPLETE
28,0.9663821023702621,2026-02-23 20:23:40.338508,2026-02-23 20:24:21.519411,0 days 00:00:41.180903,0.2457458204556009,False,0.4039696304353472,55,cyclic,"{'val_rmse_mean': 0.9796397089958191, 'val_mae_mean': 0.7828642725944519, 'val_r2_mean': -2.113253355026245, 'val_rmse_target_0': 0.8819819688796997, 'val_mae_target_0': 0.7252158522605896, 'val_r2_target_0': -1.5854051113128662, 'val_rmse_target_1': 1.0721752643585205, 'val_mae_target_1': 0.9194561243057251, 'val_r2_target_1': -1.2755496501922607, 'val_rmse_target_2': 0.8798463940620422, 'val_mae_target_2': 0.72320157289505, 'val_r2_target_2': -0.8381214141845703, 'val_rmse_target_3': 0.894093930721283, 'val_mae_target_3': 0.704903781414032, 'val_r2_target_3': -3.1272706985473633, 'val_rmse_target_4': 1.0322564840316772, 'val_mae_target_4': 0.8166055083274841, 'val_r2_target_4': -2.232250690460205, 'val_rmse_target_5': 1.0923219919204712, 'val_mae_target_5': 0.848095178604126, 'val_r2_target_5': -4.178128242492676, 'val_rmse_target_6': 1.026466727256775, 'val_mae_target_6': 0.7343071103096008, 'val_r2_target_6': -1.9411277770996094, 'val_rmse_target_7': 0.9579752087593079, 'val_mae_target_7': 0.7911290526390076, 'val_r2_target_7': -1.7281732559204102}",COMPLETE
29,1.1512975013256073,2026-02-23 20:24:21.746248,2026-02-23 20:25:04.965333,0 days 00:00:43.219085,0.04678401792809371,False,0.5691964039788251,55,cyclic,"{'val_rmse_mean': 1.0612998008728027, 'val_mae_mean': 0.8579439520835876, 'val_r2_mean': -1.384732961654663, 'val_rmse_target_0': 0.87599778175354, 'val_mae_target_0': 0.7117030620574951, 'val_r2_target_0': -1.2029204368591309, 'val_rmse_target_1': 1.241121768951416, 'val_mae_target_1': 1.1030323505401611, 'val_r2_target_1': -0.9338223934173584, 'val_rmse_target_2': 0.8689703345298767, 'val_mae_target_2': 0.704516589641571, 'val_r2_target_2': -0.34004104137420654, 'val_rmse_target_3': 0.9481698274612427, 'val_mae_target_3': 0.7504621744155884, 'val_r2_target_3': -1.5893876552581787, 'val_rmse_target_4': 1.3007875680923462, 'val_mae_target_4': 1.0571292638778687, 'val_r2_target_4': -1.5534405708312988, 'val_rmse_target_5': 1.1610504388809204, 'val_mae_target_5': 0.8933433294296265, 'val_r2_target_5': -2.858834743499756, 'val_rmse_target_6': 1.1347709894180298, 'val_mae_target_6': 0.861121416091919, 'val_r2_target_6': -1.579965591430664, 'val_rmse_target_7': 0.9595299959182739, 'val_mae_target_7': 0.782243549823761, 'val_r2_target_7': -1.0194518566131592}",COMPLETE
