number,value,datetime_start,datetime_complete,duration,params_batch_size,params_cnn_channels,params_dropout_reg,params_lr,params_n_path_features,params_path_aggregation,params_regressor_dim,params_weight_decay,user_attrs_val_metrics,state
0,0.3974378398060799,2026-03-01 10:44:01.910532,2026-03-01 10:45:13.270250,0 days 00:01:11.359718,6,8,0.596905433568803,0.004651180189511751,40,mean,512,0.0038743201144936196,"{'val_rmse_mean': 0.9681026935577393, 'val_mae_mean': 0.7656875252723694, 'val_r2_mean': -1.002335548400879, 'val_rmse_target_0': 0.9046974778175354, 'val_mae_target_0': 0.7498334646224976, 'val_r2_target_0': -0.23047661781311035, 'val_rmse_target_1': 1.039823055267334, 'val_mae_target_1': 0.8396304845809937, 'val_r2_target_1': -0.7961121797561646, 'val_rmse_target_2': 0.9796025156974792, 'val_mae_target_2': 0.7566207647323608, 'val_r2_target_2': -0.4826089143753052, 'val_rmse_target_3': 0.8430131673812866, 'val_mae_target_3': 0.6804668307304382, 'val_r2_target_3': -0.16527056694030762, 'val_rmse_target_4': 0.857831597328186, 'val_mae_target_4': 0.6813289523124695, 'val_r2_target_4': -0.16893255710601807, 'val_rmse_target_5': 1.0495892763137817, 'val_mae_target_5': 0.8424671292304993, 'val_r2_target_5': -2.7004752159118652, 'val_rmse_target_6': 1.0307741165161133, 'val_mae_target_6': 0.7327184081077576, 'val_r2_target_6': -1.8308215141296387, 'val_rmse_target_7': 1.039490818977356, 'val_mae_target_7': 0.842434287071228, 'val_r2_target_7': -1.6439876556396484}",COMPLETE
1,0.3490581911802292,2026-03-01 10:45:13.329582,2026-03-01 10:46:27.439166,0 days 00:01:14.109584,6,6,0.4871123008159188,0.003428629764096903,35,mean,512,0.0069849448187799664,"{'val_rmse_mean': 0.8963537216186523, 'val_mae_mean': 0.7048119306564331, 'val_r2_mean': -1.108609914779663, 'val_rmse_target_0': 0.8730130195617676, 'val_mae_target_0': 0.7034945487976074, 'val_r2_target_0': -0.340481162071228, 'val_rmse_target_1': 0.9484935402870178, 'val_mae_target_1': 0.7437578439712524, 'val_r2_target_1': -0.716778039932251, 'val_rmse_target_2': 0.843190610408783, 'val_mae_target_2': 0.6644809246063232, 'val_r2_target_2': -0.2264314889907837, 'val_rmse_target_3': 0.7117199897766113, 'val_mae_target_3': 0.5968079566955566, 'val_r2_target_3': 0.01107645034790039, 'val_rmse_target_4': 0.7607178688049316, 'val_mae_target_4': 0.6013895273208618, 'val_r2_target_4': -0.3150913715362549, 'val_rmse_target_5': 1.0799099206924438, 'val_mae_target_5': 0.8944916725158691, 'val_r2_target_5': -4.270985126495361, 'val_rmse_target_6': 0.9759314656257629, 'val_mae_target_6': 0.6666943430900574, 'val_r2_target_6': -1.65287446975708, 'val_rmse_target_7': 0.9778535962104797, 'val_mae_target_7': 0.7673786282539368, 'val_r2_target_7': -1.3573169708251953}",COMPLETE
2,0.32791652575135233,2026-03-01 10:46:27.499457,2026-03-01 10:48:16.678510,0 days 00:01:49.179053,6,10,0.30054020682079263,0.0007350504571268016,45,mean,640,0.002601495694875577,"{'val_rmse_mean': 0.869078516960144, 'val_mae_mean': 0.6770774126052856, 'val_r2_mean': -2.131281852722168, 'val_rmse_target_0': 0.7975225448608398, 'val_mae_target_0': 0.6519355773925781, 'val_r2_target_0': -0.6450904607772827, 'val_rmse_target_1': 0.8444342017173767, 'val_mae_target_1': 0.6383973360061646, 'val_r2_target_1': -0.9998923540115356, 'val_rmse_target_2': 0.7724822163581848, 'val_mae_target_2': 0.594049334526062, 'val_r2_target_2': -0.5636143684387207, 'val_rmse_target_3': 0.7444149851799011, 'val_mae_target_3': 0.5984435081481934, 'val_r2_target_3': -0.49690985679626465, 'val_rmse_target_4': 0.7897584438323975, 'val_mae_target_4': 0.6612500548362732, 'val_r2_target_4': -1.2401201725006104, 'val_rmse_target_5': 1.024370789527893, 'val_mae_target_5': 0.8193020820617676, 'val_r2_target_5': -6.296826362609863, 'val_rmse_target_6': 1.0525519847869873, 'val_mae_target_6': 0.6910099983215332, 'val_r2_target_6': -4.444606781005859, 'val_rmse_target_7': 0.9270930886268616, 'val_mae_target_7': 0.7622312903404236, 'val_r2_target_7': -2.3631956577301025}",COMPLETE
3,0.3129812580347061,2026-03-01 10:48:16.738294,2026-03-01 10:50:04.565015,0 days 00:01:47.826721,6,6,0.5448441000406671,0.001085164543502221,20,mean,512,0.0011096996665877212,"{'val_rmse_mean': 0.8503170013427734, 'val_mae_mean': 0.6547389030456543, 'val_r2_mean': -1.694799780845642, 'val_rmse_target_0': 0.8405686020851135, 'val_mae_target_0': 0.675294816493988, 'val_r2_target_0': -1.0045325756072998, 'val_rmse_target_1': 0.859745442867279, 'val_mae_target_1': 0.6614583730697632, 'val_r2_target_1': -1.3875534534454346, 'val_rmse_target_2': 0.7564839124679565, 'val_mae_target_2': 0.5696907043457031, 'val_r2_target_2': -0.5062202215194702, 'val_rmse_target_3': 0.690688967704773, 'val_mae_target_3': 0.5461863279342651, 'val_r2_target_3': 0.029484331607818604, 'val_rmse_target_4': 0.7085775136947632, 'val_mae_target_4': 0.5723095536231995, 'val_r2_target_4': -0.3000767230987549, 'val_rmse_target_5': 0.9972074031829834, 'val_mae_target_5': 0.812716543674469, 'val_r2_target_5': -3.419686794281006, 'val_rmse_target_6': 1.0245286226272583, 'val_mae_target_6': 0.6649114489555359, 'val_r2_target_6': -4.132853031158447, 'val_rmse_target_7': 0.9247356653213501, 'val_mae_target_7': 0.7353434562683105, 'val_r2_target_7': -2.83695912361145}",COMPLETE
4,0.31898280188441275,2026-03-01 10:50:04.628946,2026-03-01 10:51:55.796249,0 days 00:01:51.167303,6,12,0.5454985750840015,0.0009915825647899786,40,mean,640,0.0029805708742389678,"{'val_rmse_mean': 0.8556969165802002, 'val_mae_mean': 0.666782557964325, 'val_r2_mean': -2.0083818435668945, 'val_rmse_target_0': 0.7942189574241638, 'val_mae_target_0': 0.6398400664329529, 'val_r2_target_0': -0.6368480920791626, 'val_rmse_target_1': 0.8448253273963928, 'val_mae_target_1': 0.6395155191421509, 'val_r2_target_1': -0.9205580949783325, 'val_rmse_target_2': 0.749342143535614, 'val_mae_target_2': 0.58860844373703, 'val_r2_target_2': -0.33495354652404785, 'val_rmse_target_3': 0.7403552532196045, 'val_mae_target_3': 0.5820968747138977, 'val_r2_target_3': -0.31010115146636963, 'val_rmse_target_4': 0.7653898000717163, 'val_mae_target_4': 0.6330148577690125, 'val_r2_target_4': -0.719735860824585, 'val_rmse_target_5': 0.9969654083251953, 'val_mae_target_5': 0.8333643078804016, 'val_r2_target_5': -6.47939395904541, 'val_rmse_target_6': 1.0439051389694214, 'val_mae_target_6': 0.6709709763526917, 'val_r2_target_6': -4.392660617828369, 'val_rmse_target_7': 0.9105733036994934, 'val_mae_target_7': 0.7468494176864624, 'val_r2_target_7': -2.2728030681610107}",COMPLETE
5,0.32180533349514007,2026-03-01 10:51:55.856693,2026-03-01 10:53:20.793981,0 days 00:01:24.937288,6,8,0.25320800818526534,0.001278989591985448,35,mean,768,0.0006088685435217924,"{'val_rmse_mean': 0.8599969148635864, 'val_mae_mean': 0.6670643091201782, 'val_r2_mean': -0.9627000093460083, 'val_rmse_target_0': 0.8297066688537598, 'val_mae_target_0': 0.6706941723823547, 'val_r2_target_0': -0.24492645263671875, 'val_rmse_target_1': 0.8867247104644775, 'val_mae_target_1': 0.6966629028320312, 'val_r2_target_1': -0.7549866437911987, 'val_rmse_target_2': 0.7948547005653381, 'val_mae_target_2': 0.602690577507019, 'val_r2_target_2': -0.26617515087127686, 'val_rmse_target_3': 0.6681764721870422, 'val_mae_target_3': 0.5351145267486572, 'val_r2_target_3': 0.191602885723114, 'val_rmse_target_4': 0.7101430296897888, 'val_mae_target_4': 0.5691301226615906, 'val_r2_target_4': -0.16234421730041504, 'val_rmse_target_5': 1.027929663658142, 'val_mae_target_5': 0.8389233350753784, 'val_r2_target_5': -3.516368865966797, 'val_rmse_target_6': 1.0172536373138428, 'val_mae_target_6': 0.6603683233261108, 'val_r2_target_6': -1.650481939315796, 'val_rmse_target_7': 0.9451866149902344, 'val_mae_target_7': 0.7629304528236389, 'val_r2_target_7': -1.2979187965393066}",COMPLETE
6,0.3783780175447464,2026-03-01 10:53:20.857183,2026-03-01 10:54:28.393924,0 days 00:01:07.536741,6,12,0.3997436826760332,0.005467196200428889,30,mean,512,0.0010201742592133032,"{'val_rmse_mean': 0.9375400543212891, 'val_mae_mean': 0.7336699962615967, 'val_r2_mean': -0.737354576587677, 'val_rmse_target_0': 0.9205917119979858, 'val_mae_target_0': 0.7212867140769958, 'val_r2_target_0': -0.17798423767089844, 'val_rmse_target_1': 1.0135055780410767, 'val_mae_target_1': 0.8226451873779297, 'val_r2_target_1': -0.7914398908615112, 'val_rmse_target_2': 0.9036852717399597, 'val_mae_target_2': 0.6795469522476196, 'val_r2_target_2': -0.29157471656799316, 'val_rmse_target_3': 0.7684785723686218, 'val_mae_target_3': 0.6329264640808105, 'val_r2_target_3': 0.125676691532135, 'val_rmse_target_4': 0.7675244808197021, 'val_mae_target_4': 0.6231429576873779, 'val_r2_target_4': 0.020263195037841797, 'val_rmse_target_5': 1.115673542022705, 'val_mae_target_5': 0.9185077548027039, 'val_r2_target_5': -2.5302798748016357, 'val_rmse_target_6': 0.9963752031326294, 'val_mae_target_6': 0.6751788854598999, 'val_r2_target_6': -1.0556104183197021, 'val_rmse_target_7': 1.0144859552383423, 'val_mae_target_7': 0.7961248159408569, 'val_r2_target_7': -1.1978874206542969}",COMPLETE
7,0.378761890232563,2026-03-01 10:54:28.452981,2026-03-01 10:55:42.972588,0 days 00:01:14.519607,6,12,0.46510212975731846,0.0030027319680759846,50,mean,768,0.004832802608439744,"{'val_rmse_mean': 0.9427304267883301, 'val_mae_mean': 0.7430850863456726, 'val_r2_mean': -0.995864748954773, 'val_rmse_target_0': 0.8676618337631226, 'val_mae_target_0': 0.6796852946281433, 'val_r2_target_0': -0.2915552854537964, 'val_rmse_target_1': 1.0154508352279663, 'val_mae_target_1': 0.805705189704895, 'val_r2_target_1': -1.0656554698944092, 'val_rmse_target_2': 0.9307646155357361, 'val_mae_target_2': 0.7067241072654724, 'val_r2_target_2': -0.36990082263946533, 'val_rmse_target_3': 0.782139241695404, 'val_mae_target_3': 0.6249368190765381, 'val_r2_target_3': -0.3046625852584839, 'val_rmse_target_4': 0.8107306957244873, 'val_mae_target_4': 0.6749886870384216, 'val_r2_target_4': -0.5778757333755493, 'val_rmse_target_5': 1.0766048431396484, 'val_mae_target_5': 0.9026232957839966, 'val_r2_target_5': -1.9448072910308838, 'val_rmse_target_6': 1.01790452003479, 'val_mae_target_6': 0.7021694183349609, 'val_r2_target_6': -2.1486592292785645, 'val_rmse_target_7': 1.0405867099761963, 'val_mae_target_7': 0.8478478789329529, 'val_r2_target_7': -1.2638001441955566}",COMPLETE
8,0.3930595561861992,2026-03-01 10:55:43.038398,2026-03-01 10:56:51.500750,0 days 00:01:08.462352,6,6,0.5247107919507572,0.003883187125228316,50,mean,768,0.0009995202826369465,"{'val_rmse_mean': 0.9678199887275696, 'val_mae_mean': 0.7539955377578735, 'val_r2_mean': -0.8482303023338318, 'val_rmse_target_0': 0.9719548225402832, 'val_mae_target_0': 0.7621507048606873, 'val_r2_target_0': -0.32581424713134766, 'val_rmse_target_1': 1.102015733718872, 'val_mae_target_1': 0.869540810585022, 'val_r2_target_1': -0.9344897270202637, 'val_rmse_target_2': 0.9836366772651672, 'val_mae_target_2': 0.7316439747810364, 'val_r2_target_2': -0.2663404941558838, 'val_rmse_target_3': 0.78251051902771, 'val_mae_target_3': 0.6573919057846069, 'val_r2_target_3': -0.0860062837600708, 'val_rmse_target_4': 0.7759047150611877, 'val_mae_target_4': 0.611237108707428, 'val_r2_target_4': -0.1154327392578125, 'val_rmse_target_5': 1.077292561531067, 'val_mae_target_5': 0.8676856756210327, 'val_r2_target_5': -1.6435270309448242, 'val_rmse_target_6': 1.0118117332458496, 'val_mae_target_6': 0.6744667887687683, 'val_r2_target_6': -2.0464537143707275, 'val_rmse_target_7': 1.03743314743042, 'val_mae_target_7': 0.8578475117683411, 'val_r2_target_7': -1.367776870727539}",COMPLETE
9,0.3413948544859886,2026-03-01 10:56:51.560088,2026-03-01 10:58:12.490271,0 days 00:01:20.930183,6,6,0.5368686907916429,0.0020321053140531457,40,mean,768,0.0014257110448233962,"{'val_rmse_mean': 0.8877377510070801, 'val_mae_mean': 0.6939120292663574, 'val_r2_mean': -1.0483628511428833, 'val_rmse_target_0': 0.826919674873352, 'val_mae_target_0': 0.6785947680473328, 'val_r2_target_0': -0.23198068141937256, 'val_rmse_target_1': 0.935164749622345, 'val_mae_target_1': 0.7319777607917786, 'val_r2_target_1': -0.9104571342468262, 'val_rmse_target_2': 0.8210269808769226, 'val_mae_target_2': 0.6431026458740234, 'val_r2_target_2': -0.2635434865951538, 'val_rmse_target_3': 0.7373303771018982, 'val_mae_target_3': 0.581566572189331, 'val_r2_target_3': -0.0692969560623169, 'val_rmse_target_4': 0.7279860973358154, 'val_mae_target_4': 0.5734628438949585, 'val_r2_target_4': -0.0909651517868042, 'val_rmse_target_5': 1.0546998977661133, 'val_mae_target_5': 0.8508052825927734, 'val_r2_target_5': -2.956404685974121, 'val_rmse_target_6': 1.0005940198898315, 'val_mae_target_6': 0.6736913323402405, 'val_r2_target_6': -2.139862298965454, 'val_rmse_target_7': 0.9981803894042969, 'val_mae_target_7': 0.8180950284004211, 'val_r2_target_7': -1.7243907451629639}",COMPLETE
10,0.3459273402392864,2026-03-01 10:58:12.549243,2026-03-01 11:01:01.061645,0 days 00:02:48.512402,6,10,0.3773162046360703,0.0005088177008935153,20,mean,384,0.0005352888875882053,"{'val_rmse_mean': 0.898128867149353, 'val_mae_mean': 0.6976165771484375, 'val_r2_mean': -4.5331268310546875, 'val_rmse_target_0': 0.9225507974624634, 'val_mae_target_0': 0.7386056780815125, 'val_r2_target_0': -3.5915613174438477, 'val_rmse_target_1': 0.890110433101654, 'val_mae_target_1': 0.6659786701202393, 'val_r2_target_1': -3.4986634254455566, 'val_rmse_target_2': 0.8331171870231628, 'val_mae_target_2': 0.6410791277885437, 'val_r2_target_2': -2.2842819690704346, 'val_rmse_target_3': 0.7260987758636475, 'val_mae_target_3': 0.579521894454956, 'val_r2_target_3': -0.8096297979354858, 'val_rmse_target_4': 0.7828927636146545, 'val_mae_target_4': 0.6535802483558655, 'val_r2_target_4': -1.522434949874878, 'val_rmse_target_5': 1.0202698707580566, 'val_mae_target_5': 0.8412944078445435, 'val_r2_target_5': -9.000883102416992, 'val_rmse_target_6': 1.0407583713531494, 'val_mae_target_6': 0.6626513004302979, 'val_r2_target_6': -8.290914535522461, 'val_rmse_target_7': 0.9692325592041016, 'val_mae_target_7': 0.7982208728790283, 'val_r2_target_7': -7.266646385192871}",COMPLETE
11,0.33806372940540313,2026-03-01 11:01:01.120980,2026-03-01 11:02:35.255642,0 days 00:01:34.134662,6,12,0.579198718251627,0.0012074392786315556,65,mean,640,0.0020399727359311525,"{'val_rmse_mean': 0.8816820979118347, 'val_mae_mean': 0.698395848274231, 'val_r2_mean': -2.1373188495635986, 'val_rmse_target_0': 0.8028949499130249, 'val_mae_target_0': 0.6692714095115662, 'val_r2_target_0': -0.42855751514434814, 'val_rmse_target_1': 0.8681892156600952, 'val_mae_target_1': 0.6739131808280945, 'val_r2_target_1': -0.7576348781585693, 'val_rmse_target_2': 0.7679466009140015, 'val_mae_target_2': 0.5860352516174316, 'val_r2_target_2': -0.2976062297821045, 'val_rmse_target_3': 0.7892711758613586, 'val_mae_target_3': 0.6490083932876587, 'val_r2_target_3': -0.6586971282958984, 'val_rmse_target_4': 0.8070394992828369, 'val_mae_target_4': 0.682588517665863, 'val_r2_target_4': -1.092972993850708, 'val_rmse_target_5': 1.0006043910980225, 'val_mae_target_5': 0.8260873556137085, 'val_r2_target_5': -7.771482467651367, 'val_rmse_target_6': 1.077706217765808, 'val_mae_target_6': 0.7278377413749695, 'val_r2_target_6': -3.601046085357666, 'val_rmse_target_7': 0.9398047924041748, 'val_mae_target_7': 0.7724249958992004, 'val_r2_target_7': -2.4905529022216797}",COMPLETE
12,0.4313879731297493,2026-03-01 11:02:35.314619,2026-03-01 11:03:41.057913,0 days 00:01:05.743294,6,6,0.4718980340598253,0.009578000643102493,20,mean,640,0.00996520964706005,"{'val_rmse_mean': 1.0137901306152344, 'val_mae_mean': 0.8058939576148987, 'val_r2_mean': -0.7145702838897705, 'val_rmse_target_0': 1.0341333150863647, 'val_mae_target_0': 0.8395587205886841, 'val_r2_target_0': -0.24805784225463867, 'val_rmse_target_1': 1.177824854850769, 'val_mae_target_1': 0.9224438667297363, 'val_r2_target_1': -1.3100807666778564, 'val_rmse_target_2': 1.028593897819519, 'val_mae_target_2': 0.7882990837097168, 'val_r2_target_2': -0.5254858732223511, 'val_rmse_target_3': 0.7636041045188904, 'val_mae_target_3': 0.628729522228241, 'val_r2_target_3': -0.03746616840362549, 'val_rmse_target_4': 0.7610754370689392, 'val_mae_target_4': 0.6287345290184021, 'val_r2_target_4': 0.12129402160644531, 'val_rmse_target_5': 1.141981601715088, 'val_mae_target_5': 0.9291784167289734, 'val_r2_target_5': -1.0199894905090332, 'val_rmse_target_6': 1.0358341932296753, 'val_mae_target_6': 0.7337959408760071, 'val_r2_target_6': -1.2088959217071533, 'val_rmse_target_7': 1.1672735214233398, 'val_mae_target_7': 0.9764112830162048, 'val_r2_target_7': -1.4878802299499512}",COMPLETE
13,0.32968975335359574,2026-03-01 11:03:41.117616,2026-03-01 11:05:26.317035,0 days 00:01:45.199419,6,12,0.3460752988453163,0.0011231951150114086,60,mean,384,0.002390076447174117,"{'val_rmse_mean': 0.8671121597290039, 'val_mae_mean': 0.682590126991272, 'val_r2_mean': -2.090038537979126, 'val_rmse_target_0': 0.7742781043052673, 'val_mae_target_0': 0.6436500549316406, 'val_r2_target_0': -0.4748266935348511, 'val_rmse_target_1': 0.8169547319412231, 'val_mae_target_1': 0.6047452092170715, 'val_r2_target_1': -0.7947491407394409, 'val_rmse_target_2': 0.7341442704200745, 'val_mae_target_2': 0.5627474188804626, 'val_r2_target_2': -0.4562215805053711, 'val_rmse_target_3': 0.7573484778404236, 'val_mae_target_3': 0.6163436770439148, 'val_r2_target_3': -0.4685540199279785, 'val_rmse_target_4': 0.8007215261459351, 'val_mae_target_4': 0.6871328949928284, 'val_r2_target_4': -1.0081064701080322, 'val_rmse_target_5': 1.06602942943573, 'val_mae_target_5': 0.873117983341217, 'val_r2_target_5': -8.033714294433594, 'val_rmse_target_6': 1.0441144704818726, 'val_mae_target_6': 0.684654712677002, 'val_r2_target_6': -3.363058567047119, 'val_rmse_target_7': 0.9433065056800842, 'val_mae_target_7': 0.7883292436599731, 'val_r2_target_7': -2.1210803985595703}",COMPLETE
14,0.3306127828359604,2026-03-01 11:05:26.376078,2026-03-01 11:06:49.709748,0 days 00:01:23.333670,6,6,0.44370933387120787,0.0016982808041502598,25,mean,640,0.0014660876694979278,"{'val_rmse_mean': 0.880484938621521, 'val_mae_mean': 0.6787628531455994, 'val_r2_mean': -1.0132458209991455, 'val_rmse_target_0': 0.8313934206962585, 'val_mae_target_0': 0.6722504496574402, 'val_r2_target_0': -0.38245856761932373, 'val_rmse_target_1': 0.8947291374206543, 'val_mae_target_1': 0.6993175745010376, 'val_r2_target_1': -0.9094882011413574, 'val_rmse_target_2': 0.7796825766563416, 'val_mae_target_2': 0.5874850153923035, 'val_r2_target_2': -0.1496143341064453, 'val_rmse_target_3': 0.7176857590675354, 'val_mae_target_3': 0.5851739645004272, 'val_r2_target_3': 0.14832043647766113, 'val_rmse_target_4': 0.7521316409111023, 'val_mae_target_4': 0.5989300608634949, 'val_r2_target_4': -0.16489100456237793, 'val_rmse_target_5': 1.0633896589279175, 'val_mae_target_5': 0.8629392385482788, 'val_r2_target_5': -2.8238718509674072, 'val_rmse_target_6': 1.0259778499603271, 'val_mae_target_6': 0.6522190570831299, 'val_r2_target_6': -2.134368896484375, 'val_rmse_target_7': 0.9788894057273865, 'val_mae_target_7': 0.771787703037262, 'val_r2_target_7': -1.6895930767059326}",COMPLETE
15,0.3311327248811722,2026-03-01 11:06:49.768589,2026-03-01 11:08:47.181321,0 days 00:01:57.412732,6,12,0.5584409851852624,0.0007946188310554146,70,mean,512,0.0036908466831597174,"{'val_rmse_mean': 0.8696568608283997, 'val_mae_mean': 0.6875115633010864, 'val_r2_mean': -2.9739322662353516, 'val_rmse_target_0': 0.7830106616020203, 'val_mae_target_0': 0.6372263431549072, 'val_r2_target_0': -0.6706081628799438, 'val_rmse_target_1': 0.8001402616500854, 'val_mae_target_1': 0.5843676924705505, 'val_r2_target_1': -0.7962735891342163, 'val_rmse_target_2': 0.7402521967887878, 'val_mae_target_2': 0.5647914409637451, 'val_r2_target_2': -0.5012602806091309, 'val_rmse_target_3': 0.7861490249633789, 'val_mae_target_3': 0.639661431312561, 'val_r2_target_3': -0.912476658821106, 'val_rmse_target_4': 0.8064953684806824, 'val_mae_target_4': 0.6809120178222656, 'val_r2_target_4': -1.7262365818023682, 'val_rmse_target_5': 1.0180245637893677, 'val_mae_target_5': 0.8467057943344116, 'val_r2_target_5': -10.880539894104004, 'val_rmse_target_6': 1.0656712055206299, 'val_mae_target_6': 0.7449190616607666, 'val_r2_target_6': -4.871387004852295, 'val_rmse_target_7': 0.9575117230415344, 'val_mae_target_7': 0.8015085458755493, 'val_r2_target_7': -3.4326729774475098}",COMPLETE
16,0.322325519323349,2026-03-01 11:08:47.242448,2026-03-01 11:10:53.087135,0 days 00:02:05.844687,6,8,0.5113643375046945,0.0007086583219874126,55,mean,640,0.0008495137154167683,"{'val_rmse_mean': 0.8631268739700317, 'val_mae_mean': 0.6682142019271851, 'val_r2_mean': -2.449753522872925, 'val_rmse_target_0': 0.7855393290519714, 'val_mae_target_0': 0.6245298981666565, 'val_r2_target_0': -0.6548569202423096, 'val_rmse_target_1': 0.8270899057388306, 'val_mae_target_1': 0.6371284127235413, 'val_r2_target_1': -0.8880552053451538, 'val_rmse_target_2': 0.7554733157157898, 'val_mae_target_2': 0.5653066039085388, 'val_r2_target_2': -0.46445226669311523, 'val_rmse_target_3': 0.7827270030975342, 'val_mae_target_3': 0.6367032527923584, 'val_r2_target_3': -0.7310595512390137, 'val_rmse_target_4': 0.7799438238143921, 'val_mae_target_4': 0.6329492330551147, 'val_r2_target_4': -1.2912964820861816, 'val_rmse_target_5': 1.002832055091858, 'val_mae_target_5': 0.7857578992843628, 'val_r2_target_5': -7.821910858154297, 'val_rmse_target_6': 1.0373966693878174, 'val_mae_target_6': 0.6877673268318176, 'val_r2_target_6': -4.501225471496582, 'val_rmse_target_7': 0.9340131282806396, 'val_mae_target_7': 0.775570809841156, 'val_r2_target_7': -3.2451725006103516}",COMPLETE
17,0.31655761748552325,2026-03-01 11:10:53.146929,2026-03-01 11:12:27.572668,0 days 00:01:34.425739,6,10,0.4385641535087529,0.001573635678100723,30,mean,512,0.0018069413616864179,"{'val_rmse_mean': 0.8566678762435913, 'val_mae_mean': 0.663922905921936, 'val_r2_mean': -1.4667789936065674, 'val_rmse_target_0': 0.8161370754241943, 'val_mae_target_0': 0.6624521017074585, 'val_r2_target_0': -0.6892480850219727, 'val_rmse_target_1': 0.880893886089325, 'val_mae_target_1': 0.680595338344574, 'val_r2_target_1': -1.079629898071289, 'val_rmse_target_2': 0.7833623290061951, 'val_mae_target_2': 0.6144506335258484, 'val_r2_target_2': -0.42883729934692383, 'val_rmse_target_3': 0.6697918772697449, 'val_mae_target_3': 0.5322216153144836, 'val_r2_target_3': 0.08089685440063477, 'val_rmse_target_4': 0.7124179601669312, 'val_mae_target_4': 0.5792592763900757, 'val_r2_target_4': -0.19331061840057373, 'val_rmse_target_5': 1.0266634225845337, 'val_mae_target_5': 0.8291621208190918, 'val_r2_target_5': -4.2369279861450195, 'val_rmse_target_6': 1.0195525884628296, 'val_mae_target_6': 0.6486731767654419, 'val_r2_target_6': -2.932100534439087, 'val_rmse_target_7': 0.9445239305496216, 'val_mae_target_7': 0.764569103717804, 'val_r2_target_7': -2.2550737857818604}",COMPLETE
18,0.32528160005807877,2026-03-01 11:12:27.632169,2026-03-01 11:13:58.394181,0 days 00:01:30.762012,6,10,0.4272469674543078,0.0016616126388761937,25,mean,512,0.0016985573010303541,"{'val_rmse_mean': 0.8677325248718262, 'val_mae_mean': 0.6679079532623291, 'val_r2_mean': -1.2509222030639648, 'val_rmse_target_0': 0.8243699669837952, 'val_mae_target_0': 0.6698390245437622, 'val_r2_target_0': -0.6686618328094482, 'val_rmse_target_1': 0.8716108798980713, 'val_mae_target_1': 0.6841372847557068, 'val_r2_target_1': -0.8377113342285156, 'val_rmse_target_2': 0.7545198798179626, 'val_mae_target_2': 0.5810756683349609, 'val_r2_target_2': -0.20670318603515625, 'val_rmse_target_3': 0.7064656019210815, 'val_mae_target_3': 0.5535131692886353, 'val_r2_target_3': 0.030350148677825928, 'val_rmse_target_4': 0.7238382697105408, 'val_mae_target_4': 0.5773570537567139, 'val_r2_target_4': -0.18371248245239258, 'val_rmse_target_5': 1.0653902292251587, 'val_mae_target_5': 0.863724946975708, 'val_r2_target_5': -3.5740699768066406, 'val_rmse_target_6': 1.025471806526184, 'val_mae_target_6': 0.6573720574378967, 'val_r2_target_6': -2.7132434844970703, 'val_rmse_target_7': 0.9701938033103943, 'val_mae_target_7': 0.7562445998191833, 'val_r2_target_7': -1.8536243438720703}",COMPLETE
19,0.3406281177699566,2026-03-01 11:13:58.458777,2026-03-01 11:15:16.833809,0 days 00:01:18.375032,6,10,0.342388931424251,0.002634305099905041,30,mean,512,0.0007602126713255453,"{'val_rmse_mean': 0.8896386623382568, 'val_mae_mean': 0.6904512047767639, 'val_r2_mean': -1.0705474615097046, 'val_rmse_target_0': 0.8808350563049316, 'val_mae_target_0': 0.6955890655517578, 'val_r2_target_0': -0.2671058177947998, 'val_rmse_target_1': 0.9087819457054138, 'val_mae_target_1': 0.726797878742218, 'val_r2_target_1': -0.8795560598373413, 'val_rmse_target_2': 0.8115468621253967, 'val_mae_target_2': 0.61801677942276, 'val_r2_target_2': -0.2434375286102295, 'val_rmse_target_3': 0.6891879439353943, 'val_mae_target_3': 0.5704384446144104, 'val_r2_target_3': 0.11685037612915039, 'val_rmse_target_4': 0.7266387343406677, 'val_mae_target_4': 0.576217770576477, 'val_r2_target_4': -0.20492339134216309, 'val_rmse_target_5': 1.0715094804763794, 'val_mae_target_5': 0.8805348873138428, 'val_r2_target_5': -3.3038687705993652, 'val_rmse_target_6': 1.0369372367858887, 'val_mae_target_6': 0.6787654161453247, 'val_r2_target_6': -2.3365302085876465, 'val_rmse_target_7': 0.9916720986366272, 'val_mae_target_7': 0.7772494554519653, 'val_r2_target_7': -1.4458091259002686}",COMPLETE
20,0.32458204716444017,2026-03-01 11:15:16.892416,2026-03-01 11:17:45.086422,0 days 00:02:28.194006,6,10,0.21287075415354073,0.0005139639122772113,25,mean,512,0.0012480326894907124,"{'val_rmse_mean': 0.8641524314880371, 'val_mae_mean': 0.6718299388885498, 'val_r2_mean': -2.5271971225738525, 'val_rmse_target_0': 0.8182174563407898, 'val_mae_target_0': 0.6752507090568542, 'val_r2_target_0': -1.0890381336212158, 'val_rmse_target_1': 0.8303518891334534, 'val_mae_target_1': 0.6186292171478271, 'val_r2_target_1': -1.2595148086547852, 'val_rmse_target_2': 0.7785584926605225, 'val_mae_target_2': 0.5958247780799866, 'val_r2_target_2': -0.5646165609359741, 'val_rmse_target_3': 0.7011328935623169, 'val_mae_target_3': 0.5593660473823547, 'val_r2_target_3': -0.35844218730926514, 'val_rmse_target_4': 0.7586526274681091, 'val_mae_target_4': 0.6263453364372253, 'val_r2_target_4': -0.9038988351821899, 'val_rmse_target_5': 1.01239013671875, 'val_mae_target_5': 0.8469381928443909, 'val_r2_target_5': -7.591880798339844, 'val_rmse_target_6': 1.0739848613739014, 'val_mae_target_6': 0.6776667833328247, 'val_r2_target_6': -5.206838607788086, 'val_rmse_target_7': 0.9399311542510986, 'val_mae_target_7': 0.7746179699897766, 'val_r2_target_7': -3.243347644805908}",COMPLETE
21,0.3116283385455608,2026-03-01 11:17:45.146783,2026-03-01 11:19:55.096590,0 days 00:02:09.949807,6,12,0.5519260191275582,0.0009628661507521789,35,mean,512,0.0033954306517177935,"{'val_rmse_mean': 0.8436892032623291, 'val_mae_mean': 0.6549749374389648, 'val_r2_mean': -2.1118173599243164, 'val_rmse_target_0': 0.7876673340797424, 'val_mae_target_0': 0.648587167263031, 'val_r2_target_0': -0.5447535514831543, 'val_rmse_target_1': 0.8352874517440796, 'val_mae_target_1': 0.6373450756072998, 'val_r2_target_1': -1.110830545425415, 'val_rmse_target_2': 0.766973614692688, 'val_mae_target_2': 0.5895591974258423, 'val_r2_target_2': -0.3965587615966797, 'val_rmse_target_3': 0.6510602831840515, 'val_mae_target_3': 0.5092569589614868, 'val_r2_target_3': 0.012223362922668457, 'val_rmse_target_4': 0.7262110710144043, 'val_mae_target_4': 0.596436619758606, 'val_r2_target_4': -0.6280113458633423, 'val_rmse_target_5': 0.9847473502159119, 'val_mae_target_5': 0.825215756893158, 'val_r2_target_5': -6.637426376342773, 'val_rmse_target_6': 1.0560811758041382, 'val_mae_target_6': 0.681675136089325, 'val_r2_target_6': -4.762031555175781, 'val_rmse_target_7': 0.9414854645729065, 'val_mae_target_7': 0.7517234683036804, 'val_r2_target_7': -2.8271484375}",COMPLETE
22,0.31340545386075974,2026-03-01 11:19:55.156063,2026-03-01 11:21:25.792324,0 days 00:01:30.636261,6,6,0.49812254057055405,0.0015579847516907423,30,mean,512,0.0018389476616891267,"{'val_rmse_mean': 0.8540359735488892, 'val_mae_mean': 0.6529261469841003, 'val_r2_mean': -1.381374478340149, 'val_rmse_target_0': 0.828231155872345, 'val_mae_target_0': 0.677623987197876, 'val_r2_target_0': -0.6534774303436279, 'val_rmse_target_1': 0.8446578979492188, 'val_mae_target_1': 0.6398066282272339, 'val_r2_target_1': -0.875543475151062, 'val_rmse_target_2': 0.7873883843421936, 'val_mae_target_2': 0.5859704613685608, 'val_r2_target_2': -0.32967638969421387, 'val_rmse_target_3': 0.6928257346153259, 'val_mae_target_3': 0.5495308637619019, 'val_r2_target_3': 0.02355968952178955, 'val_rmse_target_4': 0.7084461450576782, 'val_mae_target_4': 0.5852314829826355, 'val_r2_target_4': -0.19176721572875977, 'val_rmse_target_5': 1.0007283687591553, 'val_mae_target_5': 0.8053247332572937, 'val_r2_target_5': -3.729369640350342, 'val_rmse_target_6': 1.0427167415618896, 'val_mae_target_6': 0.6455121040344238, 'val_r2_target_6': -3.2900242805480957, 'val_rmse_target_7': 0.9272934794425964, 'val_mae_target_7': 0.734408974647522, 'val_r2_target_7': -2.0046980381011963}",COMPLETE
23,0.3195565341413021,2026-03-01 11:21:25.855755,2026-03-01 11:23:32.529343,0 days 00:02:06.673588,6,6,0.5107069617512456,0.000909759417667751,20,mean,512,0.005382760787528204,"{'val_rmse_mean': 0.8605806827545166, 'val_mae_mean': 0.6622202396392822, 'val_r2_mean': -1.8774182796478271, 'val_rmse_target_0': 0.8692888617515564, 'val_mae_target_0': 0.6979386210441589, 'val_r2_target_0': -1.476245641708374, 'val_rmse_target_1': 0.8466418385505676, 'val_mae_target_1': 0.6494638919830322, 'val_r2_target_1': -1.1849758625030518, 'val_rmse_target_2': 0.7777870297431946, 'val_mae_target_2': 0.5939287543296814, 'val_r2_target_2': -0.6649384498596191, 'val_rmse_target_3': 0.6955941319465637, 'val_mae_target_3': 0.5418558716773987, 'val_r2_target_3': -0.13078320026397705, 'val_rmse_target_4': 0.7304812073707581, 'val_mae_target_4': 0.6046326160430908, 'val_r2_target_4': -0.5789096355438232, 'val_rmse_target_5': 1.002284288406372, 'val_mae_target_5': 0.8316304087638855, 'val_r2_target_5': -4.39782190322876, 'val_rmse_target_6': 1.0293457508087158, 'val_mae_target_6': 0.6433184742927551, 'val_r2_target_6': -4.31854772567749, 'val_rmse_target_7': 0.9332221150398254, 'val_mae_target_7': 0.7349934577941895, 'val_r2_target_7': -2.2671234607696533}",COMPLETE
24,0.3263140656799078,2026-03-01 11:23:32.589138,2026-03-01 11:25:09.217680,0 days 00:01:36.628542,6,6,0.5630921508391546,0.0014856792312624378,35,mean,512,0.003150065616284804,"{'val_rmse_mean': 0.8683457374572754, 'val_mae_mean': 0.6708654165267944, 'val_r2_mean': -1.4885058403015137, 'val_rmse_target_0': 0.7871770858764648, 'val_mae_target_0': 0.6363157033920288, 'val_r2_target_0': -0.3218820095062256, 'val_rmse_target_1': 0.860551655292511, 'val_mae_target_1': 0.6499372720718384, 'val_r2_target_1': -0.9428672790527344, 'val_rmse_target_2': 0.7695164680480957, 'val_mae_target_2': 0.584710419178009, 'val_r2_target_2': -0.526657223701477, 'val_rmse_target_3': 0.6732350587844849, 'val_mae_target_3': 0.5259514451026917, 'val_r2_target_3': 0.08166205883026123, 'val_rmse_target_4': 0.8024930357933044, 'val_mae_target_4': 0.6539061069488525, 'val_r2_target_4': -0.8889397382736206, 'val_rmse_target_5': 1.033446192741394, 'val_mae_target_5': 0.8475505709648132, 'val_r2_target_5': -4.534213542938232, 'val_rmse_target_6': 1.0454367399215698, 'val_mae_target_6': 0.6963232159614563, 'val_r2_target_6': -3.043300151824951, 'val_rmse_target_7': 0.9749094843864441, 'val_mae_target_7': 0.7722285985946655, 'val_r2_target_7': -1.7318470478057861}",COMPLETE
25,0.3225224782526493,2026-03-01 11:25:09.280848,2026-03-01 11:26:36.002519,0 days 00:01:26.721671,6,6,0.49249158056134296,0.002081559284824645,25,mean,384,0.0012589912208233165,"{'val_rmse_mean': 0.8652623891830444, 'val_mae_mean': 0.6593443155288696, 'val_r2_mean': -1.3979166746139526, 'val_rmse_target_0': 0.824253261089325, 'val_mae_target_0': 0.6601159572601318, 'val_r2_target_0': -0.49015092849731445, 'val_rmse_target_1': 0.8823434114456177, 'val_mae_target_1': 0.6976898908615112, 'val_r2_target_1': -0.7903562784194946, 'val_rmse_target_2': 0.7613738775253296, 'val_mae_target_2': 0.5568071007728577, 'val_r2_target_2': -0.11245036125183105, 'val_rmse_target_3': 0.6828386187553406, 'val_mae_target_3': 0.5137932300567627, 'val_r2_target_3': 0.14446419477462769, 'val_rmse_target_4': 0.7421083450317383, 'val_mae_target_4': 0.5917907953262329, 'val_r2_target_4': -0.20739960670471191, 'val_rmse_target_5': 1.0356496572494507, 'val_mae_target_5': 0.8609760999679565, 'val_r2_target_5': -4.442862033843994, 'val_rmse_target_6': 1.0664743185043335, 'val_mae_target_6': 0.6663807034492493, 'val_r2_target_6': -3.3308396339416504, 'val_rmse_target_7': 0.9270581603050232, 'val_mae_target_7': 0.727200448513031, 'val_r2_target_7': -1.9537384510040283}",COMPLETE
26,0.31675313517451287,2026-03-01 11:26:36.063945,2026-03-01 11:29:04.310892,0 days 00:02:28.246947,6,6,0.5853559453841191,0.000705656859833304,30,mean,512,0.0021405502914011473,"{'val_rmse_mean': 0.8536824584007263, 'val_mae_mean': 0.6629914045333862, 'val_r2_mean': -2.65720534324646, 'val_rmse_target_0': 0.83441162109375, 'val_mae_target_0': 0.6563321948051453, 'val_r2_target_0': -1.1224429607391357, 'val_rmse_target_1': 0.8248907327651978, 'val_mae_target_1': 0.6190147995948792, 'val_r2_target_1': -1.3647193908691406, 'val_rmse_target_2': 0.7734985947608948, 'val_mae_target_2': 0.5960383415222168, 'val_r2_target_2': -0.7824859619140625, 'val_rmse_target_3': 0.6766211986541748, 'val_mae_target_3': 0.5429593920707703, 'val_r2_target_3': -0.2638324499130249, 'val_rmse_target_4': 0.7332953214645386, 'val_mae_target_4': 0.6183320879936218, 'val_r2_target_4': -0.6990933418273926, 'val_rmse_target_5': 0.9981530904769897, 'val_mae_target_5': 0.82831871509552, 'val_r2_target_5': -7.442392349243164, 'val_rmse_target_6': 1.0438573360443115, 'val_mae_target_6': 0.668941855430603, 'val_r2_target_6': -5.707481861114502, 'val_rmse_target_7': 0.9447317123413086, 'val_mae_target_7': 0.7739935517311096, 'val_r2_target_7': -3.875195026397705}",COMPLETE
27,0.31656701132655146,2026-03-01 11:29:04.371009,2026-03-01 11:31:02.926678,0 days 00:01:58.555669,6,6,0.5312595391509166,0.001001546286010702,35,mean,512,0.004595757508610818,"{'val_rmse_mean': 0.8538403511047363, 'val_mae_mean': 0.6659765243530273, 'val_r2_mean': -1.9416821002960205, 'val_rmse_target_0': 0.793163537979126, 'val_mae_target_0': 0.6493979096412659, 'val_r2_target_0': -0.7665140628814697, 'val_rmse_target_1': 0.833308756351471, 'val_mae_target_1': 0.6259621977806091, 'val_r2_target_1': -1.0429480075836182, 'val_rmse_target_2': 0.760534942150116, 'val_mae_target_2': 0.580639123916626, 'val_r2_target_2': -0.34961211681365967, 'val_rmse_target_3': 0.7104032635688782, 'val_mae_target_3': 0.5661839246749878, 'val_r2_target_3': -0.2700749635696411, 'val_rmse_target_4': 0.7578755021095276, 'val_mae_target_4': 0.6336385607719421, 'val_r2_target_4': -0.7436017990112305, 'val_rmse_target_5': 1.025643229484558, 'val_mae_target_5': 0.8686724901199341, 'val_r2_target_5': -6.823101997375488, 'val_rmse_target_6': 1.0321636199951172, 'val_mae_target_6': 0.655791163444519, 'val_r2_target_6': -3.3025522232055664, 'val_rmse_target_7': 0.9176301956176758, 'val_mae_target_7': 0.7475270628929138, 'val_r2_target_7': -2.2350516319274902}",COMPLETE
28,0.3497297662496567,2026-03-01 11:31:02.987968,2026-03-01 11:32:23.587579,0 days 00:01:20.599611,6,12,0.5562022590809852,0.0025935602972430288,45,mean,512,0.0064116391441588075,"{'val_rmse_mean': 0.8995457887649536, 'val_mae_mean': 0.7062222361564636, 'val_r2_mean': -1.346070408821106, 'val_rmse_target_0': 0.7872686386108398, 'val_mae_target_0': 0.656029462814331, 'val_r2_target_0': -0.17861104011535645, 'val_rmse_target_1': 0.9242181181907654, 'val_mae_target_1': 0.7246750593185425, 'val_r2_target_1': -0.8028092384338379, 'val_rmse_target_2': 0.8504037261009216, 'val_mae_target_2': 0.6542407274246216, 'val_r2_target_2': -0.43229103088378906, 'val_rmse_target_3': 0.7673168778419495, 'val_mae_target_3': 0.6342419981956482, 'val_r2_target_3': -0.18134987354278564, 'val_rmse_target_4': 0.7781798839569092, 'val_mae_target_4': 0.6272885799407959, 'val_r2_target_4': -0.5858849287033081, 'val_rmse_target_5': 1.029516339302063, 'val_mae_target_5': 0.8297748565673828, 'val_r2_target_5': -4.4000630378723145, 'val_rmse_target_6': 1.0496904850006104, 'val_mae_target_6': 0.7132390737533569, 'val_r2_target_6': -2.3864927291870117, 'val_rmse_target_7': 1.0097719430923462, 'val_mae_target_7': 0.8102883100509644, 'val_r2_target_7': -1.8010609149932861}",COMPLETE
29,0.3187262451648712,2026-03-01 11:32:23.651058,2026-03-01 11:34:06.254574,0 days 00:01:42.603516,6,8,0.5867417861388178,0.0013134959807264359,20,mean,512,0.0032514849642134736,"{'val_rmse_mean': 0.8604652881622314, 'val_mae_mean': 0.6594763994216919, 'val_r2_mean': -1.3790791034698486, 'val_rmse_target_0': 0.8202146291732788, 'val_mae_target_0': 0.65639328956604, 'val_r2_target_0': -0.9636528491973877, 'val_rmse_target_1': 0.9053907990455627, 'val_mae_target_1': 0.6985011100769043, 'val_r2_target_1': -1.5730476379394531, 'val_rmse_target_2': 0.7914058566093445, 'val_mae_target_2': 0.6100411415100098, 'val_r2_target_2': -0.6723946332931519, 'val_rmse_target_3': 0.6636921763420105, 'val_mae_target_3': 0.5280835628509521, 'val_r2_target_3': 0.15530753135681152, 'val_rmse_target_4': 0.7287291288375854, 'val_mae_target_4': 0.5828582048416138, 'val_r2_target_4': -0.3060494661331177, 'val_rmse_target_5': 1.0354160070419312, 'val_mae_target_5': 0.8520914316177368, 'val_r2_target_5': -3.035696506500244, 'val_rmse_target_6': 1.0131913423538208, 'val_mae_target_6': 0.6363765597343445, 'val_r2_target_6': -2.812302350997925, 'val_rmse_target_7': 0.9256818890571594, 'val_mae_target_7': 0.7114658355712891, 'val_r2_target_7': -1.8247969150543213}",COMPLETE
