number,value,datetime_start,datetime_complete,duration,params_n_estimators,params_n_path_features,user_attrs_val_metrics,state
0,0.898360866010189,2026-03-01 16:57:27.525120,2026-03-01 16:59:10.107734,0 days 00:01:42.582614,4,25,"{'val_rmse_mean': 0.9404860734939575, 'val_mae_mean': 0.7184622287750244, 'val_r2_mean': -9.007732391357422, 'val_rmse_target_0': 0.8060184121131897, 'val_mae_target_0': 0.6177465915679932, 'val_r2_target_0': -0.5315350294113159, 'val_rmse_target_1': 0.9120551943778992, 'val_mae_target_1': 0.699540376663208, 'val_r2_target_1': -0.9744309186935425, 'val_rmse_target_2': 0.8966500163078308, 'val_mae_target_2': 0.678768515586853, 'val_r2_target_2': -1.4144515991210938, 'val_rmse_target_3': 0.7890827655792236, 'val_mae_target_3': 0.589927613735199, 'val_r2_target_3': -0.521119236946106, 'val_rmse_target_4': 0.8737672567367554, 'val_mae_target_4': 0.676734447479248, 'val_r2_target_4': -1.0737040042877197, 'val_rmse_target_5': 1.1099070310592651, 'val_mae_target_5': 0.904043436050415, 'val_r2_target_5': -53.539329528808594, 'val_rmse_target_6': 1.0933172702789307, 'val_mae_target_6': 0.7192579507827759, 'val_r2_target_6': -9.544917106628418, 'val_rmse_target_7': 1.043090581893921, 'val_mae_target_7': 0.8616790175437927, 'val_r2_target_7': -4.462371349334717}",COMPLETE
1,0.930284113585949,2026-03-01 16:59:10.177494,2026-03-01 17:02:02.828946,0 days 00:02:52.651452,14,20,"{'val_rmse_mean': 0.9568341970443726, 'val_mae_mean': 0.7326794266700745, 'val_r2_mean': -6.4856953620910645, 'val_rmse_target_0': 0.852986752986908, 'val_mae_target_0': 0.6469690799713135, 'val_r2_target_0': -0.9063012599945068, 'val_rmse_target_1': 0.9482262134552002, 'val_mae_target_1': 0.7090386152267456, 'val_r2_target_1': -1.2004077434539795, 'val_rmse_target_2': 0.9081565141677856, 'val_mae_target_2': 0.6974275708198547, 'val_r2_target_2': -1.5597290992736816, 'val_rmse_target_3': 0.7706811428070068, 'val_mae_target_3': 0.570460319519043, 'val_r2_target_3': -0.41134607791900635, 'val_rmse_target_4': 0.8720008134841919, 'val_mae_target_4': 0.6782621741294861, 'val_r2_target_4': -1.0496349334716797, 'val_rmse_target_5': 1.119640827178955, 'val_mae_target_5': 0.9056634306907654, 'val_r2_target_5': -34.39280700683594, 'val_rmse_target_6': 1.100722074508667, 'val_mae_target_6': 0.743105411529541, 'val_r2_target_6': -8.329487800598145, 'val_rmse_target_7': 1.0822595357894897, 'val_mae_target_7': 0.9105088710784912, 'val_r2_target_7': -4.035853862762451}",COMPLETE
2,0.9589449340105056,2026-03-01 17:02:02.898885,2026-03-01 17:04:47.706906,0 days 00:02:44.808021,7,70,"{'val_rmse_mean': 0.9756247401237488, 'val_mae_mean': 0.7546030282974243, 'val_r2_mean': -14.051143646240234, 'val_rmse_target_0': 0.8627772927284241, 'val_mae_target_0': 0.6655224561691284, 'val_r2_target_0': -1.2112038135528564, 'val_rmse_target_1': 0.9272964596748352, 'val_mae_target_1': 0.7037868499755859, 'val_r2_target_1': -1.5220129489898682, 'val_rmse_target_2': 0.9573245644569397, 'val_mae_target_2': 0.7844006419181824, 'val_r2_target_2': -1.894277572631836, 'val_rmse_target_3': 0.9584610462188721, 'val_mae_target_3': 0.7458323836326599, 'val_r2_target_3': -4.403600692749023, 'val_rmse_target_4': 0.9643477201461792, 'val_mae_target_4': 0.7527837157249451, 'val_r2_target_4': -6.788386344909668, 'val_rmse_target_5': 1.1011748313903809, 'val_mae_target_5': 0.8916303515434265, 'val_r2_target_5': -86.27534484863281, 'val_rmse_target_6': 1.1212794780731201, 'val_mae_target_6': 0.7770406603813171, 'val_r2_target_6': -8.012592315673828, 'val_rmse_target_7': 0.9123364686965942, 'val_mae_target_7': 0.7158271670341492, 'val_r2_target_7': -2.3017327785491943}",COMPLETE
3,0.9347439861297607,2026-03-01 17:04:47.775236,2026-03-01 17:06:53.499577,0 days 00:02:05.724341,8,20,"{'val_rmse_mean': 0.9591516256332397, 'val_mae_mean': 0.7349979877471924, 'val_r2_mean': -6.513655662536621, 'val_rmse_target_0': 0.8463759422302246, 'val_mae_target_0': 0.6398809552192688, 'val_r2_target_0': -0.8390434980392456, 'val_rmse_target_1': 0.9509347081184387, 'val_mae_target_1': 0.7107558250427246, 'val_r2_target_1': -1.1957824230194092, 'val_rmse_target_2': 0.9104747772216797, 'val_mae_target_2': 0.6957858204841614, 'val_r2_target_2': -1.4756078720092773, 'val_rmse_target_3': 0.7735376954078674, 'val_mae_target_3': 0.572056233882904, 'val_r2_target_3': -0.4223734140396118, 'val_rmse_target_4': 0.883118748664856, 'val_mae_target_4': 0.6903285384178162, 'val_r2_target_4': -1.1349287033081055, 'val_rmse_target_5': 1.1193417310714722, 'val_mae_target_5': 0.906955897808075, 'val_r2_target_5': -34.15934371948242, 'val_rmse_target_6': 1.1083660125732422, 'val_mae_target_6': 0.7523341178894043, 'val_r2_target_6': -8.98098087310791, 'val_rmse_target_7': 1.0810632705688477, 'val_mae_target_7': 0.9118865132331848, 'val_r2_target_7': -3.9011902809143066}",COMPLETE
4,0.9176574519276619,2026-03-01 17:06:53.568929,2026-03-01 17:10:39.713751,0 days 00:03:46.144822,14,65,"{'val_rmse_mean': 0.9531736373901367, 'val_mae_mean': 0.7342214584350586, 'val_r2_mean': -12.795340538024902, 'val_rmse_target_0': 0.8522093892097473, 'val_mae_target_0': 0.6672654151916504, 'val_r2_target_0': -1.1410832405090332, 'val_rmse_target_1': 0.8874428868293762, 'val_mae_target_1': 0.663788914680481, 'val_r2_target_1': -1.3304073810577393, 'val_rmse_target_2': 0.9384263753890991, 'val_mae_target_2': 0.7568306922912598, 'val_r2_target_2': -2.0830037593841553, 'val_rmse_target_3': 0.8995275497436523, 'val_mae_target_3': 0.6910847425460815, 'val_r2_target_3': -3.4916653633117676, 'val_rmse_target_4': 0.8998583555221558, 'val_mae_target_4': 0.6977056264877319, 'val_r2_target_4': -4.117586135864258, 'val_rmse_target_5': 1.0975879430770874, 'val_mae_target_5': 0.8827029466629028, 'val_r2_target_5': -80.71720886230469, 'val_rmse_target_6': 1.1282845735549927, 'val_mae_target_6': 0.7926847338676453, 'val_r2_target_6': -7.755855560302734, 'val_rmse_target_7': 0.9220518469810486, 'val_mae_target_7': 0.7217088341712952, 'val_r2_target_7': -1.7259232997894287}",COMPLETE
5,0.9666259020566941,2026-03-01 17:10:39.783484,2026-03-01 17:13:35.820942,0 days 00:02:56.037458,8,70,"{'val_rmse_mean': 0.9788512587547302, 'val_mae_mean': 0.757986307144165, 'val_r2_mean': -13.912589073181152, 'val_rmse_target_0': 0.8589912056922913, 'val_mae_target_0': 0.6636501550674438, 'val_r2_target_0': -1.0223941802978516, 'val_rmse_target_1': 0.9220001697540283, 'val_mae_target_1': 0.691962480545044, 'val_r2_target_1': -1.536313533782959, 'val_rmse_target_2': 0.93508380651474, 'val_mae_target_2': 0.7650746703147888, 'val_r2_target_2': -1.910295009613037, 'val_rmse_target_3': 0.9981223940849304, 'val_mae_target_3': 0.7779112458229065, 'val_r2_target_3': -5.04694938659668, 'val_rmse_target_4': 1.0148193836212158, 'val_mae_target_4': 0.8091309070587158, 'val_r2_target_4': -8.021689414978027, 'val_rmse_target_5': 1.1092013120651245, 'val_mae_target_5': 0.8991134762763977, 'val_r2_target_5': -86.06444549560547, 'val_rmse_target_6': 1.1167727708816528, 'val_mae_target_6': 0.7911061644554138, 'val_r2_target_6': -6.132037162780762, 'val_rmse_target_7': 0.8758193850517273, 'val_mae_target_7': 0.6659412384033203, 'val_r2_target_7': -1.5665991306304932}",COMPLETE
6,0.8987095081806182,2026-03-01 17:13:35.891121,2026-03-01 17:16:58.037864,0 days 00:03:22.146743,13,45,"{'val_rmse_mean': 0.9428597688674927, 'val_mae_mean': 0.7308825254440308, 'val_r2_mean': -10.160542488098145, 'val_rmse_target_0': 0.841489315032959, 'val_mae_target_0': 0.6594723463058472, 'val_r2_target_0': -0.9545445442199707, 'val_rmse_target_1': 0.8771427869796753, 'val_mae_target_1': 0.6670957803726196, 'val_r2_target_1': -1.1793389320373535, 'val_rmse_target_2': 0.9084480404853821, 'val_mae_target_2': 0.7288951277732849, 'val_r2_target_2': -1.9209811687469482, 'val_rmse_target_3': 0.8607397079467773, 'val_mae_target_3': 0.6447612047195435, 'val_r2_target_3': -2.1288816928863525, 'val_rmse_target_4': 0.9115175604820251, 'val_mae_target_4': 0.7162445783615112, 'val_r2_target_4': -3.0840516090393066, 'val_rmse_target_5': 1.1016056537628174, 'val_mae_target_5': 0.8805704712867737, 'val_r2_target_5': -59.347618103027344, 'val_rmse_target_6': 1.1128729581832886, 'val_mae_target_6': 0.7709094285964966, 'val_r2_target_6': -8.815401077270508, 'val_rmse_target_7': 0.9290619492530823, 'val_mae_target_7': 0.7791112661361694, 'val_r2_target_7': -3.8535170555114746}",COMPLETE
7,0.9102432143688202,2026-03-01 17:16:58.107915,2026-03-01 17:19:10.173981,0 days 00:02:12.066066,5,50,"{'val_rmse_mean': 0.9496736526489258, 'val_mae_mean': 0.7336887121200562, 'val_r2_mean': -10.497356414794922, 'val_rmse_target_0': 0.8556562066078186, 'val_mae_target_0': 0.6704238653182983, 'val_r2_target_0': -1.1631810665130615, 'val_rmse_target_1': 0.8919927477836609, 'val_mae_target_1': 0.6668322682380676, 'val_r2_target_1': -1.827864408493042, 'val_rmse_target_2': 0.9331268072128296, 'val_mae_target_2': 0.7353359460830688, 'val_r2_target_2': -2.0197794437408447, 'val_rmse_target_3': 0.8965769410133362, 'val_mae_target_3': 0.7098645567893982, 'val_r2_target_3': -3.0618486404418945, 'val_rmse_target_4': 0.87871253490448, 'val_mae_target_4': 0.6952025890350342, 'val_r2_target_4': -4.076936721801758, 'val_rmse_target_5': 1.103732705116272, 'val_mae_target_5': 0.8804811835289001, 'val_r2_target_5': -59.11638641357422, 'val_rmse_target_6': 1.1004079580307007, 'val_mae_target_6': 0.7378758788108826, 'val_r2_target_6': -8.619938850402832, 'val_rmse_target_7': 0.9371830821037292, 'val_mae_target_7': 0.7734936475753784, 'val_r2_target_7': -4.092916488647461}",COMPLETE
8,0.8995239347219467,2026-03-01 17:19:10.242857,2026-03-01 17:22:02.539504,0 days 00:02:52.296647,12,25,"{'val_rmse_mean': 0.9410825371742249, 'val_mae_mean': 0.7191166877746582, 'val_r2_mean': -9.14096450805664, 'val_rmse_target_0': 0.8099827766418457, 'val_mae_target_0': 0.6221804618835449, 'val_r2_target_0': -0.6087440252304077, 'val_rmse_target_1': 0.9120410680770874, 'val_mae_target_1': 0.7008476853370667, 'val_r2_target_1': -1.082730770111084, 'val_rmse_target_2': 0.9034252762794495, 'val_mae_target_2': 0.6831105947494507, 'val_r2_target_2': -1.4234039783477783, 'val_rmse_target_3': 0.7865865230560303, 'val_mae_target_3': 0.5899251699447632, 'val_r2_target_3': -0.4969046115875244, 'val_rmse_target_4': 0.8668818473815918, 'val_mae_target_4': 0.6730833649635315, 'val_r2_target_4': -0.9751781225204468, 'val_rmse_target_5': 1.1052443981170654, 'val_mae_target_5': 0.9012030959129333, 'val_r2_target_5': -55.24030685424805, 'val_rmse_target_6': 1.093673586845398, 'val_mae_target_6': 0.7161898612976074, 'val_r2_target_6': -8.6138334274292, 'val_rmse_target_7': 1.0508249998092651, 'val_mae_target_7': 0.8663932085037231, 'val_r2_target_7': -4.686614990234375}",COMPLETE
9,0.930284113585949,2026-03-01 17:22:02.608096,2026-03-01 17:24:55.896352,0 days 00:02:53.288256,14,20,"{'val_rmse_mean': 0.9568341970443726, 'val_mae_mean': 0.7326794266700745, 'val_r2_mean': -6.4856953620910645, 'val_rmse_target_0': 0.852986752986908, 'val_mae_target_0': 0.6469690799713135, 'val_r2_target_0': -0.9063012599945068, 'val_rmse_target_1': 0.9482262134552002, 'val_mae_target_1': 0.7090386152267456, 'val_r2_target_1': -1.2004077434539795, 'val_rmse_target_2': 0.9081565141677856, 'val_mae_target_2': 0.6974275708198547, 'val_r2_target_2': -1.5597290992736816, 'val_rmse_target_3': 0.7706811428070068, 'val_mae_target_3': 0.570460319519043, 'val_r2_target_3': -0.41134607791900635, 'val_rmse_target_4': 0.8720008134841919, 'val_mae_target_4': 0.6782621741294861, 'val_r2_target_4': -1.0496349334716797, 'val_rmse_target_5': 1.119640827178955, 'val_mae_target_5': 0.9056634306907654, 'val_r2_target_5': -34.39280700683594, 'val_rmse_target_6': 1.100722074508667, 'val_mae_target_6': 0.743105411529541, 'val_r2_target_6': -8.329487800598145, 'val_rmse_target_7': 1.0822595357894897, 'val_mae_target_7': 0.9105088710784912, 'val_r2_target_7': -4.035853862762451}",COMPLETE
10,0.8993190002441406,2026-03-01 17:24:55.964968,2026-03-01 17:26:47.491377,0 days 00:01:51.526409,4,35,"{'val_rmse_mean': 0.942896842956543, 'val_mae_mean': 0.7251684665679932, 'val_r2_mean': -8.773580551147461, 'val_rmse_target_0': 0.8307923078536987, 'val_mae_target_0': 0.632834255695343, 'val_r2_target_0': -0.7947893142700195, 'val_rmse_target_1': 0.92236328125, 'val_mae_target_1': 0.7094324231147766, 'val_r2_target_1': -1.5018284320831299, 'val_rmse_target_2': 0.9428278803825378, 'val_mae_target_2': 0.7567952871322632, 'val_r2_target_2': -2.089724540710449, 'val_rmse_target_3': 0.8107035756111145, 'val_mae_target_3': 0.5987929105758667, 'val_r2_target_3': -1.111982822418213, 'val_rmse_target_4': 0.8889909982681274, 'val_mae_target_4': 0.7161399126052856, 'val_r2_target_4': -1.7622501850128174, 'val_rmse_target_5': 1.0901235342025757, 'val_mae_target_5': 0.8762659430503845, 'val_r2_target_5': -50.381832122802734, 'val_rmse_target_6': 1.1072739362716675, 'val_mae_target_6': 0.732143223285675, 'val_r2_target_6': -8.776646614074707, 'val_rmse_target_7': 0.9500988721847534, 'val_mae_target_7': 0.7789434194564819, 'val_r2_target_7': -3.7695999145507812}",COMPLETE
11,0.8954618510603904,2026-03-01 17:26:47.569217,2026-03-01 17:29:51.179467,0 days 00:03:03.610250,11,45,"{'val_rmse_mean': 0.9407891035079956, 'val_mae_mean': 0.7282587885856628, 'val_r2_mean': -10.359842300415039, 'val_rmse_target_0': 0.8457239270210266, 'val_mae_target_0': 0.6540363430976868, 'val_r2_target_0': -1.0079803466796875, 'val_rmse_target_1': 0.8626152873039246, 'val_mae_target_1': 0.6525735259056091, 'val_r2_target_1': -1.1322154998779297, 'val_rmse_target_2': 0.9102697372436523, 'val_mae_target_2': 0.7271904945373535, 'val_r2_target_2': -1.944072961807251, 'val_rmse_target_3': 0.8528129458427429, 'val_mae_target_3': 0.6470819711685181, 'val_r2_target_3': -2.0308103561401367, 'val_rmse_target_4': 0.8931651711463928, 'val_mae_target_4': 0.7126390337944031, 'val_r2_target_4': -2.8445591926574707, 'val_rmse_target_5': 1.1069315671920776, 'val_mae_target_5': 0.8832511305809021, 'val_r2_target_5': -61.211082458496094, 'val_rmse_target_6': 1.1120398044586182, 'val_mae_target_6': 0.7730445861816406, 'val_r2_target_6': -8.714835166931152, 'val_rmse_target_7': 0.9427542090415955, 'val_mae_target_7': 0.7762531042098999, 'val_r2_target_7': -3.9931764602661133}",COMPLETE
12,0.9193887865543365,2026-03-01 17:29:51.248254,2026-03-01 17:32:47.386003,0 days 00:02:56.137749,11,35,"{'val_rmse_mean': 0.9539503455162048, 'val_mae_mean': 0.7309635877609253, 'val_r2_mean': -8.422048568725586, 'val_rmse_target_0': 0.8378767967224121, 'val_mae_target_0': 0.6363020539283752, 'val_r2_target_0': -0.9872028827667236, 'val_rmse_target_1': 0.9271422028541565, 'val_mae_target_1': 0.712587833404541, 'val_r2_target_1': -1.5441102981567383, 'val_rmse_target_2': 0.9364805817604065, 'val_mae_target_2': 0.742836058139801, 'val_r2_target_2': -1.9273929595947266, 'val_rmse_target_3': 0.844001829624176, 'val_mae_target_3': 0.6198601722717285, 'val_r2_target_3': -1.3580694198608398, 'val_rmse_target_4': 0.9127126932144165, 'val_mae_target_4': 0.7329736351966858, 'val_r2_target_4': -2.0706708431243896, 'val_rmse_target_5': 1.0970423221588135, 'val_mae_target_5': 0.8831394910812378, 'val_r2_target_5': -46.84709548950195, 'val_rmse_target_6': 1.1156071424484253, 'val_mae_target_6': 0.7500035166740417, 'val_r2_target_6': -9.282256126403809, 'val_rmse_target_7': 0.9607389569282532, 'val_mae_target_7': 0.770006000995636, 'val_r2_target_7': -3.359597682952881}",COMPLETE
13,0.9298115652799607,2026-03-01 17:32:47.455898,2026-03-01 17:35:50.969775,0 days 00:03:03.513877,10,55,"{'val_rmse_mean': 0.9601491093635559, 'val_mae_mean': 0.7437276840209961, 'val_r2_mean': -12.807726860046387, 'val_rmse_target_0': 0.8420566320419312, 'val_mae_target_0': 0.6434285640716553, 'val_r2_target_0': -0.9058868885040283, 'val_rmse_target_1': 0.8833367824554443, 'val_mae_target_1': 0.6532077193260193, 'val_r2_target_1': -1.3355109691619873, 'val_rmse_target_2': 0.954069197177887, 'val_mae_target_2': 0.7599759697914124, 'val_r2_target_2': -2.1446523666381836, 'val_rmse_target_3': 0.9252032041549683, 'val_mae_target_3': 0.7292420864105225, 'val_r2_target_3': -4.5406813621521, 'val_rmse_target_4': 0.9591650366783142, 'val_mae_target_4': 0.7678290009498596, 'val_r2_target_4': -6.573572635650635, 'val_rmse_target_5': 1.1019104719161987, 'val_mae_target_5': 0.8942916989326477, 'val_r2_target_5': -74.82713317871094, 'val_rmse_target_6': 1.1017292737960815, 'val_mae_target_6': 0.751227855682373, 'val_r2_target_6': -9.202727317810059, 'val_rmse_target_7': 0.9137223362922668, 'val_mae_target_7': 0.7506188154220581, 'val_r2_target_7': -2.9316513538360596}",COMPLETE
14,0.9120927107334137,2026-03-01 17:35:51.047941,2026-03-01 17:39:33.646301,0 days 00:03:42.598360,16,35,"{'val_rmse_mean': 0.9497560262680054, 'val_mae_mean': 0.7279667258262634, 'val_r2_mean': -8.63827896118164, 'val_rmse_target_0': 0.8187901973724365, 'val_mae_target_0': 0.62408447265625, 'val_r2_target_0': -0.8292688131332397, 'val_rmse_target_1': 0.9214378595352173, 'val_mae_target_1': 0.7037250399589539, 'val_r2_target_1': -1.4890823364257812, 'val_rmse_target_2': 0.9313652515411377, 'val_mae_target_2': 0.7352064251899719, 'val_r2_target_2': -1.734510898590088, 'val_rmse_target_3': 0.8441182971000671, 'val_mae_target_3': 0.6265117526054382, 'val_r2_target_3': -1.411813735961914, 'val_rmse_target_4': 0.9168443083763123, 'val_mae_target_4': 0.7263514995574951, 'val_r2_target_4': -2.2034902572631836, 'val_rmse_target_5': 1.103041172027588, 'val_mae_target_5': 0.888258159160614, 'val_r2_target_5': -48.977577209472656, 'val_rmse_target_6': 1.1122944355010986, 'val_mae_target_6': 0.7508694529533386, 'val_r2_target_6': -8.876811981201172, 'val_rmse_target_7': 0.9501563906669617, 'val_mae_target_7': 0.7687268257141113, 'val_r2_target_7': -3.5836801528930664}",COMPLETE
15,0.8919734507799149,2026-03-01 17:39:33.741993,2026-03-01 17:42:28.631346,0 days 00:02:54.889353,10,45,"{'val_rmse_mean': 0.9386814832687378, 'val_mae_mean': 0.7260171175003052, 'val_r2_mean': -9.914817810058594, 'val_rmse_target_0': 0.8574732542037964, 'val_mae_target_0': 0.666782557964325, 'val_r2_target_0': -1.1698601245880127, 'val_rmse_target_1': 0.8602789640426636, 'val_mae_target_1': 0.6489841938018799, 'val_r2_target_1': -1.1528782844543457, 'val_rmse_target_2': 0.9137597680091858, 'val_mae_target_2': 0.7285711765289307, 'val_r2_target_2': -1.9730737209320068, 'val_rmse_target_3': 0.8283594846725464, 'val_mae_target_3': 0.6194981932640076, 'val_r2_target_3': -1.4749400615692139, 'val_rmse_target_4': 0.8834941983222961, 'val_mae_target_4': 0.7106475830078125, 'val_r2_target_4': -2.4236838817596436, 'val_rmse_target_5': 1.1087161302566528, 'val_mae_target_5': 0.8880650997161865, 'val_r2_target_5': -58.68621063232422, 'val_rmse_target_6': 1.1096516847610474, 'val_mae_target_6': 0.7600256204605103, 'val_r2_target_6': -8.488848686218262, 'val_rmse_target_7': 0.9477187991142273, 'val_mae_target_7': 0.7855627536773682, 'val_r2_target_7': -3.949045181274414}",COMPLETE
16,0.9298115652799607,2026-03-01 17:42:28.699879,2026-03-01 17:45:31.544959,0 days 00:03:02.845080,10,55,"{'val_rmse_mean': 0.9601491093635559, 'val_mae_mean': 0.7437276840209961, 'val_r2_mean': -12.807726860046387, 'val_rmse_target_0': 0.8420566320419312, 'val_mae_target_0': 0.6434285640716553, 'val_r2_target_0': -0.9058868885040283, 'val_rmse_target_1': 0.8833367824554443, 'val_mae_target_1': 0.6532077193260193, 'val_r2_target_1': -1.3355109691619873, 'val_rmse_target_2': 0.954069197177887, 'val_mae_target_2': 0.7599759697914124, 'val_r2_target_2': -2.1446523666381836, 'val_rmse_target_3': 0.9252032041549683, 'val_mae_target_3': 0.7292420864105225, 'val_r2_target_3': -4.5406813621521, 'val_rmse_target_4': 0.9591650366783142, 'val_mae_target_4': 0.7678290009498596, 'val_r2_target_4': -6.573572635650635, 'val_rmse_target_5': 1.1019104719161987, 'val_mae_target_5': 0.8942916989326477, 'val_r2_target_5': -74.82713317871094, 'val_rmse_target_6': 1.1017292737960815, 'val_mae_target_6': 0.751227855682373, 'val_r2_target_6': -9.202727317810059, 'val_rmse_target_7': 0.9137223362922668, 'val_mae_target_7': 0.7506188154220581, 'val_r2_target_7': -2.9316513538360596}",COMPLETE
17,0.904176507294178,2026-03-01 17:45:31.614892,2026-03-01 17:48:06.807568,0 days 00:02:35.192676,8,45,"{'val_rmse_mean': 0.9451072812080383, 'val_mae_mean': 0.733121931552887, 'val_r2_mean': -10.753640174865723, 'val_rmse_target_0': 0.8420224189758301, 'val_mae_target_0': 0.6613156199455261, 'val_r2_target_0': -0.873807430267334, 'val_rmse_target_1': 0.8611357808113098, 'val_mae_target_1': 0.6520324945449829, 'val_r2_target_1': -1.1504979133605957, 'val_rmse_target_2': 0.9046952724456787, 'val_mae_target_2': 0.7198489308357239, 'val_r2_target_2': -1.8401551246643066, 'val_rmse_target_3': 0.8684020638465881, 'val_mae_target_3': 0.6597931385040283, 'val_r2_target_3': -2.1917622089385986, 'val_rmse_target_4': 0.9190366864204407, 'val_mae_target_4': 0.7378495931625366, 'val_r2_target_4': -3.2041196823120117, 'val_rmse_target_5': 1.1076257228851318, 'val_mae_target_5': 0.8849664926528931, 'val_r2_target_5': -64.20669555664062, 'val_rmse_target_6': 1.1320163011550903, 'val_mae_target_6': 0.7792903780937195, 'val_r2_target_6': -8.630171775817871, 'val_rmse_target_7': 0.9259241223335266, 'val_mae_target_7': 0.7698789834976196, 'val_r2_target_7': -3.931915760040283}",COMPLETE
18,0.9337552997469902,2026-03-01 17:48:06.876139,2026-03-01 17:51:06.653468,0 days 00:02:59.777329,11,40,"{'val_rmse_mean': 0.9616298675537109, 'val_mae_mean': 0.7455413937568665, 'val_r2_mean': -9.506633758544922, 'val_rmse_target_0': 0.8340848684310913, 'val_mae_target_0': 0.6657220721244812, 'val_r2_target_0': -0.7831661701202393, 'val_rmse_target_1': 0.9094064831733704, 'val_mae_target_1': 0.6950796246528625, 'val_r2_target_1': -1.2599174976348877, 'val_rmse_target_2': 0.936944842338562, 'val_mae_target_2': 0.7557967901229858, 'val_r2_target_2': -1.8251729011535645, 'val_rmse_target_3': 0.9072389602661133, 'val_mae_target_3': 0.6880087852478027, 'val_r2_target_3': -2.938563823699951, 'val_rmse_target_4': 0.9721099734306335, 'val_mae_target_4': 0.7587060332298279, 'val_r2_target_4': -3.9980459213256836, 'val_rmse_target_5': 1.1003639698028564, 'val_mae_target_5': 0.8807926774024963, 'val_r2_target_5': -53.576271057128906, 'val_rmse_target_6': 1.1265751123428345, 'val_mae_target_6': 0.7781661152839661, 'val_r2_target_6': -8.091334342956543, 'val_rmse_target_7': 0.9063146710395813, 'val_mae_target_7': 0.7420588731765747, 'val_r2_target_7': -3.5805935859680176}",COMPLETE
19,0.9267624953389167,2026-03-01 17:51:06.723986,2026-03-01 17:54:03.572808,0 days 00:02:56.848822,9,60,"{'val_rmse_mean': 0.9585362076759338, 'val_mae_mean': 0.7445068955421448, 'val_r2_mean': -12.792830467224121, 'val_rmse_target_0': 0.852703869342804, 'val_mae_target_0': 0.6716169714927673, 'val_r2_target_0': -1.0793883800506592, 'val_rmse_target_1': 0.8718348145484924, 'val_mae_target_1': 0.6519249677658081, 'val_r2_target_1': -1.2870526313781738, 'val_rmse_target_2': 0.9308919906616211, 'val_mae_target_2': 0.7457430958747864, 'val_r2_target_2': -1.9436817169189453, 'val_rmse_target_3': 0.9494129419326782, 'val_mae_target_3': 0.7415344715118408, 'val_r2_target_3': -4.776979923248291, 'val_rmse_target_4': 0.9643818140029907, 'val_mae_target_4': 0.7656835317611694, 'val_r2_target_4': -7.374550819396973, 'val_rmse_target_5': 1.089022159576416, 'val_mae_target_5': 0.874076247215271, 'val_r2_target_5': -74.71000671386719, 'val_rmse_target_6': 1.1118371486663818, 'val_mae_target_6': 0.7784522175788879, 'val_r2_target_6': -8.166659355163574, 'val_rmse_target_7': 0.898205041885376, 'val_mae_target_7': 0.727023720741272, 'val_r2_target_7': -3.0042996406555176}",COMPLETE
20,0.9422262376546859,2026-03-01 17:54:03.641778,2026-03-01 17:56:21.377551,0 days 00:02:17.735773,6,45,"{'val_rmse_mean': 0.9656916260719299, 'val_mae_mean': 0.7475570440292358, 'val_r2_mean': -10.054413795471191, 'val_rmse_target_0': 0.8414688110351562, 'val_mae_target_0': 0.6609737277030945, 'val_r2_target_0': -0.7270963191986084, 'val_rmse_target_1': 0.8703597784042358, 'val_mae_target_1': 0.6541014909744263, 'val_r2_target_1': -1.164994478225708, 'val_rmse_target_2': 0.9075524210929871, 'val_mae_target_2': 0.7302888631820679, 'val_r2_target_2': -1.7272377014160156, 'val_rmse_target_3': 0.9591651558876038, 'val_mae_target_3': 0.7433379292488098, 'val_r2_target_3': -4.289924621582031, 'val_rmse_target_4': 1.015860915184021, 'val_mae_target_4': 0.8137468695640564, 'val_r2_target_4': -6.217203140258789, 'val_rmse_target_5': 1.0907548666000366, 'val_mae_target_5': 0.8628314137458801, 'val_r2_target_5': -54.903743743896484, 'val_rmse_target_6': 1.132629156112671, 'val_mae_target_6': 0.7787388563156128, 'val_r2_target_6': -7.788247108459473, 'val_rmse_target_7': 0.9077423810958862, 'val_mae_target_7': 0.7364370226860046, 'val_r2_target_7': -3.6168713569641113}",COMPLETE
21,0.8945463421940804,2026-03-01 17:56:21.448156,2026-03-01 17:59:58.429566,0 days 00:03:36.981410,16,30,"{'val_rmse_mean': 0.9396011829376221, 'val_mae_mean': 0.7141463160514832, 'val_r2_mean': -6.935826301574707, 'val_rmse_target_0': 0.8382141590118408, 'val_mae_target_0': 0.6493105292320251, 'val_r2_target_0': -0.8224352598190308, 'val_rmse_target_1': 0.8919015526771545, 'val_mae_target_1': 0.6587502956390381, 'val_r2_target_1': -1.3187425136566162, 'val_rmse_target_2': 0.9139469861984253, 'val_mae_target_2': 0.699881374835968, 'val_r2_target_2': -1.6494786739349365, 'val_rmse_target_3': 0.7960627675056458, 'val_mae_target_3': 0.596285343170166, 'val_r2_target_3': -0.6760437488555908, 'val_rmse_target_4': 0.8709750175476074, 'val_mae_target_4': 0.6789592504501343, 'val_r2_target_4': -1.2850708961486816, 'val_rmse_target_5': 1.0996663570404053, 'val_mae_target_5': 0.8816498517990112, 'val_r2_target_5': -35.904327392578125, 'val_rmse_target_6': 1.0959851741790771, 'val_mae_target_6': 0.7275464534759521, 'val_r2_target_6': -9.822131156921387, 'val_rmse_target_7': 1.010057806968689, 'val_mae_target_7': 0.8207874298095703, 'val_r2_target_7': -4.008381366729736}",COMPLETE
22,0.8945463421940804,2026-03-01 17:59:58.499625,2026-03-01 18:03:34.764948,0 days 00:03:36.265323,16,30,"{'val_rmse_mean': 0.9396011829376221, 'val_mae_mean': 0.7141463160514832, 'val_r2_mean': -6.935826301574707, 'val_rmse_target_0': 0.8382141590118408, 'val_mae_target_0': 0.6493105292320251, 'val_r2_target_0': -0.8224352598190308, 'val_rmse_target_1': 0.8919015526771545, 'val_mae_target_1': 0.6587502956390381, 'val_r2_target_1': -1.3187425136566162, 'val_rmse_target_2': 0.9139469861984253, 'val_mae_target_2': 0.699881374835968, 'val_r2_target_2': -1.6494786739349365, 'val_rmse_target_3': 0.7960627675056458, 'val_mae_target_3': 0.596285343170166, 'val_r2_target_3': -0.6760437488555908, 'val_rmse_target_4': 0.8709750175476074, 'val_mae_target_4': 0.6789592504501343, 'val_r2_target_4': -1.2850708961486816, 'val_rmse_target_5': 1.0996663570404053, 'val_mae_target_5': 0.8816498517990112, 'val_r2_target_5': -35.904327392578125, 'val_rmse_target_6': 1.0959851741790771, 'val_mae_target_6': 0.7275464534759521, 'val_r2_target_6': -9.822131156921387, 'val_rmse_target_7': 1.010057806968689, 'val_mae_target_7': 0.8207874298095703, 'val_r2_target_7': -4.008381366729736}",COMPLETE
23,0.8945463421940804,2026-03-01 18:03:34.833976,2026-03-01 18:07:11.863510,0 days 00:03:37.029534,16,30,"{'val_rmse_mean': 0.9396011829376221, 'val_mae_mean': 0.7141463160514832, 'val_r2_mean': -6.935826301574707, 'val_rmse_target_0': 0.8382141590118408, 'val_mae_target_0': 0.6493105292320251, 'val_r2_target_0': -0.8224352598190308, 'val_rmse_target_1': 0.8919015526771545, 'val_mae_target_1': 0.6587502956390381, 'val_r2_target_1': -1.3187425136566162, 'val_rmse_target_2': 0.9139469861984253, 'val_mae_target_2': 0.699881374835968, 'val_r2_target_2': -1.6494786739349365, 'val_rmse_target_3': 0.7960627675056458, 'val_mae_target_3': 0.596285343170166, 'val_r2_target_3': -0.6760437488555908, 'val_rmse_target_4': 0.8709750175476074, 'val_mae_target_4': 0.6789592504501343, 'val_r2_target_4': -1.2850708961486816, 'val_rmse_target_5': 1.0996663570404053, 'val_mae_target_5': 0.8816498517990112, 'val_r2_target_5': -35.904327392578125, 'val_rmse_target_6': 1.0959851741790771, 'val_mae_target_6': 0.7275464534759521, 'val_r2_target_6': -9.822131156921387, 'val_rmse_target_7': 1.010057806968689, 'val_mae_target_7': 0.8207874298095703, 'val_r2_target_7': -4.008381366729736}",COMPLETE
24,0.8974397403001785,2026-03-01 18:07:11.936266,2026-03-01 18:10:40.319823,0 days 00:03:28.383557,15,30,"{'val_rmse_mean': 0.941390335559845, 'val_mae_mean': 0.716733455657959, 'val_r2_mean': -7.205564498901367, 'val_rmse_target_0': 0.834985613822937, 'val_mae_target_0': 0.6427366733551025, 'val_r2_target_0': -0.841443657875061, 'val_rmse_target_1': 0.8929620981216431, 'val_mae_target_1': 0.6663709878921509, 'val_r2_target_1': -1.2689611911773682, 'val_rmse_target_2': 0.9122515916824341, 'val_mae_target_2': 0.7003514766693115, 'val_r2_target_2': -1.7259137630462646, 'val_rmse_target_3': 0.8035020232200623, 'val_mae_target_3': 0.6000179052352905, 'val_r2_target_3': -0.7257823944091797, 'val_rmse_target_4': 0.8866675496101379, 'val_mae_target_4': 0.6922397017478943, 'val_r2_target_4': -1.3763446807861328, 'val_rmse_target_5': 1.098057746887207, 'val_mae_target_5': 0.8800187706947327, 'val_r2_target_5': -38.42884063720703, 'val_rmse_target_6': 1.0989971160888672, 'val_mae_target_6': 0.7319573760032654, 'val_r2_target_6': -9.448484420776367, 'val_rmse_target_7': 1.0036994218826294, 'val_mae_target_7': 0.8201749920845032, 'val_r2_target_7': -3.828737258911133}",COMPLETE
25,0.8974397403001785,2026-03-01 18:10:40.389488,2026-03-01 18:14:08.184745,0 days 00:03:27.795257,15,30,"{'val_rmse_mean': 0.941390335559845, 'val_mae_mean': 0.716733455657959, 'val_r2_mean': -7.205564498901367, 'val_rmse_target_0': 0.834985613822937, 'val_mae_target_0': 0.6427366733551025, 'val_r2_target_0': -0.841443657875061, 'val_rmse_target_1': 0.8929620981216431, 'val_mae_target_1': 0.6663709878921509, 'val_r2_target_1': -1.2689611911773682, 'val_rmse_target_2': 0.9122515916824341, 'val_mae_target_2': 0.7003514766693115, 'val_r2_target_2': -1.7259137630462646, 'val_rmse_target_3': 0.8035020232200623, 'val_mae_target_3': 0.6000179052352905, 'val_r2_target_3': -0.7257823944091797, 'val_rmse_target_4': 0.8866675496101379, 'val_mae_target_4': 0.6922397017478943, 'val_r2_target_4': -1.3763446807861328, 'val_rmse_target_5': 1.098057746887207, 'val_mae_target_5': 0.8800187706947327, 'val_r2_target_5': -38.42884063720703, 'val_rmse_target_6': 1.0989971160888672, 'val_mae_target_6': 0.7319573760032654, 'val_r2_target_6': -9.448484420776367, 'val_rmse_target_7': 1.0036994218826294, 'val_mae_target_7': 0.8201749920845032, 'val_r2_target_7': -3.828737258911133}",COMPLETE
26,0.9306043601036071,2026-03-01 18:14:08.254433,2026-03-01 18:17:18.531812,0 days 00:03:10.277379,12,40,"{'val_rmse_mean': 0.9597625732421875, 'val_mae_mean': 0.7425987124443054, 'val_r2_mean': -10.17872142791748, 'val_rmse_target_0': 0.8214601278305054, 'val_mae_target_0': 0.6580923199653625, 'val_r2_target_0': -0.6944087743759155, 'val_rmse_target_1': 0.9032655358314514, 'val_mae_target_1': 0.6809782385826111, 'val_r2_target_1': -1.154054880142212, 'val_rmse_target_2': 0.9303923845291138, 'val_mae_target_2': 0.7425870299339294, 'val_r2_target_2': -1.8040292263031006, 'val_rmse_target_3': 0.9061324596405029, 'val_mae_target_3': 0.6901451945304871, 'val_r2_target_3': -3.2466092109680176, 'val_rmse_target_4': 0.9779546856880188, 'val_mae_target_4': 0.7627027630805969, 'val_r2_target_4': -4.384383678436279, 'val_rmse_target_5': 1.1033399105072021, 'val_mae_target_5': 0.8850321173667908, 'val_r2_target_5': -58.11635208129883, 'val_rmse_target_6': 1.122530221939087, 'val_mae_target_6': 0.769702136516571, 'val_r2_target_6': -8.061556816101074, 'val_rmse_target_7': 0.9130251407623291, 'val_mae_target_7': 0.7515496611595154, 'val_r2_target_7': -3.9683737754821777}",COMPLETE
27,0.9314984315633774,2026-03-01 18:17:18.604016,2026-03-01 18:21:05.022897,0 days 00:03:46.418881,16,40,"{'val_rmse_mean': 0.9608404636383057, 'val_mae_mean': 0.7432838678359985, 'val_r2_mean': -9.055777549743652, 'val_rmse_target_0': 0.8494163751602173, 'val_mae_target_0': 0.6708794236183167, 'val_r2_target_0': -0.9927036762237549, 'val_rmse_target_1': 0.9128142595291138, 'val_mae_target_1': 0.6918662786483765, 'val_r2_target_1': -1.3921852111816406, 'val_rmse_target_2': 0.9396250247955322, 'val_mae_target_2': 0.7405948042869568, 'val_r2_target_2': -1.963118076324463, 'val_rmse_target_3': 0.8978070616722107, 'val_mae_target_3': 0.6865133047103882, 'val_r2_target_3': -2.7018630504608154, 'val_rmse_target_4': 0.9370611906051636, 'val_mae_target_4': 0.7440022826194763, 'val_r2_target_4': -3.7561192512512207, 'val_rmse_target_5': 1.105991244316101, 'val_mae_target_5': 0.8819726705551147, 'val_r2_target_5': -48.96513748168945, 'val_rmse_target_6': 1.1169004440307617, 'val_mae_target_6': 0.7636080980300903, 'val_r2_target_6': -8.727083206176758, 'val_rmse_target_7': 0.9271084070205688, 'val_mae_target_7': 0.7668340802192688, 'val_r2_target_7': -3.948014736175537}",COMPLETE
28,0.9014987987279892,2026-03-01 18:21:05.092212,2026-03-01 18:24:05.285581,0 days 00:03:00.193369,13,25,"{'val_rmse_mean': 0.9422346353530884, 'val_mae_mean': 0.7184668779373169, 'val_r2_mean': -9.223047256469727, 'val_rmse_target_0': 0.8156031370162964, 'val_mae_target_0': 0.6228220462799072, 'val_r2_target_0': -0.6290421485900879, 'val_rmse_target_1': 0.9022160172462463, 'val_mae_target_1': 0.6914020776748657, 'val_r2_target_1': -1.0579757690429688, 'val_rmse_target_2': 0.908149003982544, 'val_mae_target_2': 0.6855061054229736, 'val_r2_target_2': -1.4694442749023438, 'val_rmse_target_3': 0.7870460152626038, 'val_mae_target_3': 0.5890243649482727, 'val_r2_target_3': -0.5131486654281616, 'val_rmse_target_4': 0.873650848865509, 'val_mae_target_4': 0.6793532371520996, 'val_r2_target_4': -1.0470490455627441, 'val_rmse_target_5': 1.1094166040420532, 'val_mae_target_5': 0.9055009484291077, 'val_r2_target_5': -56.024208068847656, 'val_rmse_target_6': 1.0920696258544922, 'val_mae_target_6': 0.7094303369522095, 'val_r2_target_6': -8.318941116333008, 'val_rmse_target_7': 1.0497260093688965, 'val_mae_target_7': 0.8646960258483887, 'val_r2_target_7': -4.724567890167236}",COMPLETE
29,0.8974397403001785,2026-03-01 18:24:05.355493,2026-03-01 18:27:33.787590,0 days 00:03:28.432097,15,30,"{'val_rmse_mean': 0.941390335559845, 'val_mae_mean': 0.716733455657959, 'val_r2_mean': -7.205564498901367, 'val_rmse_target_0': 0.834985613822937, 'val_mae_target_0': 0.6427366733551025, 'val_r2_target_0': -0.841443657875061, 'val_rmse_target_1': 0.8929620981216431, 'val_mae_target_1': 0.6663709878921509, 'val_r2_target_1': -1.2689611911773682, 'val_rmse_target_2': 0.9122515916824341, 'val_mae_target_2': 0.7003514766693115, 'val_r2_target_2': -1.7259137630462646, 'val_rmse_target_3': 0.8035020232200623, 'val_mae_target_3': 0.6000179052352905, 'val_r2_target_3': -0.7257823944091797, 'val_rmse_target_4': 0.8866675496101379, 'val_mae_target_4': 0.6922397017478943, 'val_r2_target_4': -1.3763446807861328, 'val_rmse_target_5': 1.098057746887207, 'val_mae_target_5': 0.8800187706947327, 'val_r2_target_5': -38.42884063720703, 'val_rmse_target_6': 1.0989971160888672, 'val_mae_target_6': 0.7319573760032654, 'val_r2_target_6': -9.448484420776367, 'val_rmse_target_7': 1.0036994218826294, 'val_mae_target_7': 0.8201749920845032, 'val_r2_target_7': -3.828737258911133}",COMPLETE
